대회연도,종별,단계_A,행수
2007,남자초등부,초등,352
2007,남자중학부,중등,247
2007,여자초등부,초등,245
2007,남자고등부,고등,170
2007,여자중학부,중등,147
2007,남자대학부,대학·일반,107
2007,남자일반부,대학·일반,96
2007,여자고등부,고등,96
2007,여자일반부,대학·일반,58
2007,여자대학부,대학·일반,50
2007,일반부,대학·일반,4
2008,남자초등부,초등,440
2008,남자중학부,중등,274
2008,여자초등부,초등,257
2008,남자고등부,고등,179
2008,남자일반부,대학·일반,155
2008,남자대학부,대학·일반,136
2008,여자중학부,중등,114
2008,여자고등부,고등,104
2008,여자대학부,대학·일반,76
2008,여자일반부,대학·일반,64
2009,남자초등부,초등,406
2009,여자초등부,초등,263
2009,남자중학부,중등,258
2009,남자고등부,고등,211
2009,남자일반부,대학·일반,154
2009,여자중학부,중등,142
2009,남자대학부,대학·일반,136
2009,여자고등부,고등,67
2009,여자대학부,대학·일반,64
2009,여자일반부,대학·일반,58
2010,남자초등부,초등,348
2010,여자초등부,초등,283
2010,남자중학부,중등,223
2010,남자고등부,고등,219
2010,남자대학부,대학·일반,189
2010,남자일반부,대학·일반,154
2010,여자중학부,중등,134
2010,여자고등부,고등,83
2010,여자일반부,대학·일반,69
2010,여자대학부,대학·일반,67
2011,남자초등부,초등,377
2011,여자초등부,초등,296
2011,남자중학부,중등,260
2011,남자고등부,고등,245
2011,여자중학부,중등,171
2011,남자일반부,대학·일반,158
2011,남자대학부,대학·일반,150
2011,여자고등부,고등,85
2011,여자일반부,대학·일반,78
2011,여자대학부,대학·일반,56
2012,남자중학부,중등,604
2012,남자고등부,고등,531
2012,여자중학부,중등,433
2012,남자초등부,초등,368
2012,남자대학부,대학·일반,364
2012,여자고등부,고등,313
2012,여자초등부,초등,310
2012,"남자초등5,6학년",초등,301
2012,남자일반부,대학·일반,293
2012,"남자초등3,4학년",초등,276
2012,여자일반부,대학·일반,226
2012,"여자초등5,6학년",초등,194
2012,"여자초등3,4학년",초등,153
2012,여자대학부,대학·일반,115
2012,남자부,오픈,109
2012,"남자초등1,2학년",초등,77
2012,여자부,오픈,53
2012,"남자초등1,2학년(B조)",초등,47
2012,"여자초등1,2학년",초등,33
2012,남자초등2학년,초등,32
2012,"남자초등3,4학년(B조)",초등,26
2012,남자초등5학년,초등,25
2012,남자초등3학년,초등,23
2012,남자유치부,분석제외,15
2012,"여자초등1,2학년(B조)",초등,14
2012,남자초등4학년,초등,13
2012,남자12세이하부2부(B조),초등,12
2012,여자초등4학년,초등,11
2012,남자초등1학년,초등,10
2012,여자12세이하부2부(B조),초등,10
2012,남자12세이하부4부(B조),초등,9
2012,남자12세이하부1부(B조),초등,8
2012,"남자초등5,6학년(B조)",초등,8
2012,여자초등2학년,초등,8
2012,남자12세이하부3부(B조),초등,7
2012,여자초등1학년,초등,7
2012,여자초등3학년,초등,7
2012,남자동호인부,대학·일반,6
2012,남자초등6학년,초등,6
2012,여자12세이하부1부(B조),초등,6
2012,"여자초등3,4학년(B조)",초등,6
2012,여자초등5학년,초등,6
2012,여자초등6학년,초등,6
2012,남자12세이하부6부(B조),초등,5
2012,여자유치부,분석제외,5
2012,여자12세이하부4부(B조),초등,4
2012,남자12세이하부5부(B조),초등,2
2012,여자12세이하부6부(B조),초등,2
2012,"여자초등5,6학년(B조)",초등,2
2012,여자12세이하부3부(B조),초등,1
2013,남자중학부,중등,590
2013,남자부,오픈,550
2013,남자고등부,고등,520
2013,여자중학부,중등,449
2013,남자초등부,초등,388
2013,남자대학부,대학·일반,345
2013,"남자초등5,6학년",초등,325
2013,여자초등부,초등,300
2013,"남자초등3,4학년",초등,279
2013,여자고등부,고등,274
2013,"여자초등5,6학년",초등,253
2013,여자부,오픈,224
2013,남자일반부,대학·일반,211
2013,여자일반부,대학·일반,186
2013,"여자초등3,4학년",초등,167
2013,여자대학부,대학·일반,140
2013,"남자초등1,2학년",초등,112
2013,"여자초등1,2학년",초등,86
2013,남자12세이하부2부(B조),초등,20
2013,"여자초등1,2학년(B조)",초등,15
2013,"남자초등3,4학년(B조)",초등,14
2013,"남자초등1,2학년(B조)",초등,11
2013,남자초등5학년,초등,10
2013,여자12세이하부2부(B조),초등,10
2013,여자초등5학년,초등,10
2013,남자12세이하부1부(B조),초등,8
2013,여자12세이하부1부(B조),초등,8
2013,여자12세이하부3부(B조),초등,8
2013,여자12세이하부4부(B조),초등,8
2013,남자초등6학년,초등,6
2013,여자초등4학년,초등,6
2013,남자동호인부,대학·일반,5
2013,여자실업부,대학·일반,5
2013,남자12세이하부5부(B조),초등,4
2013,"여자초등3,4학년(B조)",초등,4
2013,여자초등3학년,초등,4
2013,여자초등6학년,초등,4
2013,남자초등4학년,초등,3
2013,"여자초등5,6학년(B조)",초등,3
2013,남자12세이하부4부(B조),초등,2
2013,"남자초등5,6학년(B조)",초등,2
2013,여자초등2학년,초등,2
2014,남자부,오픈,801
2014,남자중학부,중등,693
2014,남자고등부,고등,668
2014,여자중학부,중등,603
2014,"남자초등5,6학년",초등,556
2014,여자부,오픈,523
2014,남자대학부,대학·일반,491
2014,남자초등부,초등,447
2014,여자초등부,초등,346
2014,"남자초등3,4학년",초등,345
2014,여자고등부,고등,329
2014,남자일반부,대학·일반,325
2014,"여자초등5,6학년",초등,266
2014,여자일반부,대학·일반,239
2014,여자대학부,대학·일반,237
2014,"여자초등3,4학년",초등,204
2014,"남자초등1,2학년",초등,146
2014,"여자초등1,2학년",초등,107
2014,"여자초등3,4학년(B조)",초등,13
2014,"남자초등3,4학년(B조)",초등,12
2014,남자초등3학년,초등,12
2014,남자초등6학년,초등,12
2014,"남자초등1,2학년(B조)",초등,10
2014,여자실업부,대학·일반,9
2014,"여자초등1,2학년(B조)",초등,8
2014,여자초등4학년,초등,8
2014,남자실업부,대학·일반,7
2014,"남자초등5,6학년(B조)",초등,6
2014,남자12세이하부2부(B조),초등,4
2014,남자초등5학년,초등,4
2014,여자동호인부,대학·일반,4
2014,여자초등2학년,초등,4
2014,여자초등3학년,초등,4
2014,여자초등5학년,초등,4
2014,여자초등6학년,초등,4
2014,"여자초등5,6학년(B조)",초등,3
2015,남자부,오픈,1377
2015,여자부,오픈,959
2015,남자중학부,중등,811
2015,남자고등부,고등,597
2015,"남자초등5,6학년",초등,585
2015,남자대학부,대학·일반,559
2015,여자중학부,중등,541
2015,남자초등부,초등,503
2015,"여자초등5,6학년",초등,416
2015,"남자초등3,4학년",초등,411
2015,여자고등부,고등,402
2015,남자일반부,대학·일반,370
2015,여자초등부,초등,324
2015,여자일반부,대학·일반,272
2015,여자대학부,대학·일반,241
2015,"여자초등3,4학년",초등,189
2015,"여자초등1,2학년",초등,97
2015,"남자초등1,2학년",초등,95
2015,여자초등6학년,초등,24
2015,남자실업부,대학·일반,23
2015,남자초등6학년,초등,16
2015,남자초등4학년,초등,12
2015,여자실업부,대학·일반,11
2015,여자초등5학년,초등,8
2015,"여자초등5,6학년(B조)",초등,5
2015,남자12세이하부4부(B조),초등,4
2015,남자초등1학년,초등,4
2015,남자초등3학년,초등,4
2015,"남자초등5,6학년(B조)",초등,4
2015,여자초등1학년,초등,4
2015,여자초등3학년,초등,4
2015,여자초등4학년,초등,4
2015,남자동호인부,대학·일반,2
2015,"여자초등1,2학년(B조)",초등,2
2015,"여자초등3,4학년(B조)",초등,2
2015,"남자초등1,2학년(B조)",초등,1
2016,남자부,오픈,1394
2016,여자부,오픈,941
2016,남자중학부,중등,940
2016,남자고등부,고등,756
2016,여자중학부,중등,663
2016,"남자초등5,6학년",초등,604
2016,남자일반부,대학·일반,533
2016,남자초등부,초등,479
2016,남자대학부,대학·일반,473
2016,"남자초등3,4학년",초등,400
2016,여자고등부,고등,400
2016,여자초등부,초등,388
2016,"여자초등5,6학년",초등,368
2016,여자일반부,대학·일반,281
2016,여자대학부,대학·일반,262
2016,"여자초등3,4학년",초등,205
2016,"남자초등1,2학년",초등,116
2016,"여자초등1,2학년",초등,87
2016,남자실업부,대학·일반,19
2016,남자초등5학년,초등,6
2016,여자초등5학년,초등,4
2016,남자초등2학년,초등,2
2016,남자초등4학년,초등,2
2016,남자초등6학년,초등,2
2016,여자초등2학년,초등,2
2016,여자초등4학년,초등,2
2016,여자초등6학년,초등,2
2016,"남자초등1,2학년(B조)",초등,1
2016,여자실업부,대학·일반,1
2016,"여자초등1,2학년(B조)",초등,1
2017,남자부,오픈,951
2017,남자중학부,중등,876
2017,여자부,오픈,693
2017,남자고등부,고등,691
2017,여자중학부,중등,629
2017,남자일반부,대학·일반,597
2017,"남자초등5,6학년",초등,571
2017,남자초등부,초등,497
2017,"남자초등3,4학년",초등,474
2017,여자고등부,고등,438
2017,남자대학부,대학·일반,428
2017,"여자초등5,6학년",초등,428
2017,여자초등부,초등,336
2017,"여자초등3,4학년",초등,308
2017,여자일반부,대학·일반,290
2017,여자대학부,대학·일반,246
2017,"남자초등1,2학년",초등,133
2017,"여자초등1,2학년",초등,100
2017,남자실업부,대학·일반,39
2017,남자초등6학년,초등,6
2017,여자초등5학년,초등,4
2017,여자초등6학년,초등,4
2017,"남자초등3,4,5,6학년",초등,3
2017,남자초등3학년,초등,2
2017,남자초등5학년,초등,2
2017,여자12세이하부1부(B조),초등,2
2017,"여자초등3,4,5,6학년",초등,2
2017,여자초등3학년,초등,2
2017,여자실업부,대학·일반,1
2017,여자초등고학년,초등,1
2018,남자부,오픈,1389
2018,여자부,오픈,921
2018,남자중학부,중등,826
2018,남자고등부,고등,738
2018,여자중학부,중등,559
2018,"남자초등5,6학년",초등,549
2018,"여자초등5,6학년",초등,490
2018,여자고등부,고등,468
2018,남자대학부,대학·일반,441
2018,남자일반부,대학·일반,431
2018,남자초등부,초등,408
2018,"남자초등3,4학년",초등,378
2018,"여자초등3,4학년",초등,346
2018,여자초등부,초등,320
2018,여자대학부,대학·일반,214
2018,남자실업부,대학·일반,187
2018,여자일반부,대학·일반,174
2018,"남자초등1,2학년",초등,159
2018,"여자초등1,2학년",초등,112
2018,여자실업부,대학·일반,100
2018,MEN,오픈,29
2018,남자초등6학년,초등,4
2018,남자초등5학년,초등,2
2018,여자12세이하부3부(B조),초등,2
2018,여자초등5학년,초등,2
2018,여자초등6학년,초등,2
2019,남자부,오픈,1073
2019,남자중학부,중등,910
2019,남자고등부,고등,791
2019,여자부,오픈,743
2019,"남자초등5,6학년",초등,711
2019,여자중학부,중등,658
2019,"여자초등5,6학년",초등,623
2019,남자대학부,대학·일반,504
2019,여자고등부,고등,485
2019,남자일반부,대학·일반,432
2019,남자초등부,초등,403
2019,"남자초등3,4학년",초등,381
2019,여자초등부,초등,351
2019,여자대학부,대학·일반,298
2019,"여자초등3,4학년",초등,289
2019,여자일반부,대학·일반,191
2019,"남자초등1,2학년",초등,173
2019,남자실업부,대학·일반,146
2019,여자실업부,대학·일반,109
2019,"여자초등1,2학년",초등,40
2019,MEN,오픈,8
2019,여자주니어,중등,8
2019,남자주니어,중등,6
2019,여자초등6학년,초등,6
2019,남자초등5학년,초등,4
2019,여자초등5학년,초등,4
2019,남자초등1학년,초등,2
2019,남자초등2학년,초등,2
2019,남자초등3학년,초등,2
2019,남자초등4학년,초등,2
2019,여자초등1학년,초등,2
2019,여자초등3학년,초등,2
2020,남자중학부,중등,519
2020,남자고등부,고등,452
2020,여자중학부,중등,427
2020,남자초등부,초등,404
2020,여자초등부,초등,350
2020,남자일반부,대학·일반,324
2020,남자대학부,대학·일반,264
2020,여자고등부,고등,223
2020,"남자초등5,6학년",초등,160
2020,여자일반부,대학·일반,158
2020,"여자초등5,6학년",초등,144
2020,"남자초등3,4학년",초등,140
2020,여자대학부,대학·일반,107
2020,"여자초등3,4학년",초등,76
2020,남자부,오픈,21
2020,"남자초등1,2학년",초등,14
2020,"여자초등1,2학년",초등,12
2020,여자부,오픈,11
2020,여자초등5학년,초등,4
2020,남자초등3학년,초등,2
2020,여자초등2학년,초등,2
2020,여자초등4학년,초등,2
2020,여자초등6학년,초등,2
2021,남자부,오픈,1158
2021,남자중학부,중등,846
2021,여자부,오픈,801
2021,여자중학부,중등,801
2021,남자고등부,고등,627
2021,남자일반부,대학·일반,437
2021,여자고등부,고등,429
2021,"여자초등5,6학년",초등,422
2021,남자대학부,대학·일반,417
2021,"남자초등5,6학년",초등,399
2021,"남자초등3,4학년",초등,297
2021,여자대학부,대학·일반,214
2021,여자일반부,대학·일반,177
2021,"여자초등3,4학년",초등,137
2021,"남자초등1,2학년",초등,38
2021,남자실업부,대학·일반,37
2021,"여자초등1,2학년",초등,30
2021,여자초등부,초등,15
2021,여자실업부,대학·일반,7
2021,여자초등6학년,초등,4
2021,남자초등부,초등,1
2022,남자부,오픈,1307
2022,남자중학부,중등,941
2022,여자중학부,중등,914
2022,여자부,오픈,829
2022,"남자초등5,6학년",초등,796
2022,남자고등부,고등,688
2022,"여자초등5,6학년",초등,688
2022,남자일반부,대학·일반,625
2022,"남자초등3,4학년",초등,624
2022,남자대학부,대학·일반,616
2022,여자고등부,고등,515
2022,남자초등부,초등,315
2022,여자초등부,초등,311
2022,"여자초등3,4학년",초등,308
2022,여자대학부,대학·일반,272
2022,여자일반부,대학·일반,220
2022,"남자초등1,2학년",초등,150
2022,"여자초등1,2학년",초등,124
2022,남자실업부,대학·일반,52
2022,남자초등6학년,초등,8
2022,남자초등5학년,초등,7
2022,여자실업부,대학·일반,7
2022,여자초등6학년,초등,6
2022,남자초등2학년,초등,4
2022,남자초등3학년,초등,4
2022,여자초등4학년,초등,4
2022,남자초등1학년,초등,2
2022,남자초등4학년,초등,2
2022,여자초등5학년,초등,2
2023,남자부,오픈,1531
2023,여자부,오픈,1112
2023,남자중학부,중등,968
2023,여자중학부,중등,944
2023,남자고등부,고등,725
2023,남자일반부,대학·일반,575
2023,남자대학부,대학·일반,512
2023,여자고등부,고등,501
2023,"남자초등3,4학년",초등,427
2023,"남자초등5,6학년",초등,399
2023,남자초등부,초등,361
2023,"여자초등5,6학년",초등,296
2023,여자대학부,대학·일반,287
2023,여자초등부,초등,229
2023,여자일반부,대학·일반,205
2023,"여자초등3,4학년",초등,197
2023,"남자초등1,2학년",초등,81
2023,"여자초등1,2학년",초등,50
2023,남자실업부,대학·일반,29
2023,남자초등3학년,초등,4
2023,남자초등6학년,초등,4
2023,여자실업부,대학·일반,4
2023,남자초등2학년,초등,2
2023,남자초등4학년,초등,2
2023,남자초등5학년,초등,2
2023,여자초등5학년,초등,2
2023,여자초등6학년,초등,2
2023,고등부,고등,1
2023,대학부,대학·일반,1
2023,중학부,중등,1
2024,남자부,오픈,1538
2024,여자부,오픈,1018
2024,남자중학부,중등,977
2024,남자고등부,고등,909
2024,여자중학부,중등,870
2024,여자고등부,고등,612
2024,남자대학부,대학·일반,568
2024,"남자초등5,6학년",초등,566
2024,남자일반부,대학·일반,463
2024,"남자초등3,4학년",초등,412
2024,"여자초등5,6학년",초등,400
2024,남자초등부,초등,337
2024,여자대학부,대학·일반,324
2024,"여자초등3,4학년",초등,277
2024,여자일반부,대학·일반,269
2024,여자초등부,초등,205
2024,"여자초등1,2학년",초등,117
2024,"남자초등1,2학년",초등,103
2024,남자실업부,대학·일반,33
2024,여자초등6학년,초등,6
2024,중학부,중등,4
2024,고등부,고등,3
2024,대학부,대학·일반,3
2024,일반부,대학·일반,3
2024,남자초등1학년,초등,2
2024,남자초등2학년,초등,2
2024,남자초등3학년,초등,2
2024,남자초등4학년,초등,2
2024,남자초등5학년,초등,2
2024,남자초등6학년,초등,2
2024,여자초등1학년,초등,2
2024,여자초등2학년,초등,2
2024,여자초등4학년,초등,2
2025,남자부,오픈,1063
2025,남자중학부,중등,994
2025,"여자초등5,6학년",초등,914
2025,남자고등부,고등,874
2025,"남자초등5,6학년",초등,856
2025,여자부,오픈,825
2025,여자고등부,고등,714
2025,여자중학부,중등,689
2025,"여자초등3,4학년",초등,527
2025,"남자초등3,4학년",초등,525
2025,남자대학부,대학·일반,518
2025,남자일반부,대학·일반,445
2025,여자일반부,대학·일반,244
2025,남자초등부,초등,239
2025,여자대학부,대학·일반,204
2025,여자초등부,초등,195
2025,"남자초등1,2학년",초등,76
2025,"여자초등1,2학년",초등,74
2025,남자실업부,대학·일반,28
2025,남자초등2학년,초등,4
2025,남자초등3학년,초등,4
2025,남자초등4학년,초등,4
2025,남자초등6학년,초등,4
2025,여자초등3학년,초등,4
2025,여자초등4학년,초등,4
2025,남자12세이하부1부(B조),초등,2
2025,남자12세이하부2부(B조),초등,2
2025,남자12세이하부4부(B조),초등,2
2025,남자초등5학년,초등,2
2025,여자실업부,대학·일반,2
2025,여자초등2학년,초등,2
2026,남자부,오픈,508
2026,남자중학부,중등,472
2026,남자고등부,고등,470
2026,여자고등부,고등,433
2026,여자중학부,중등,420
2026,여자부,오픈,397
2026,남자대학부,대학·일반,375
2026,여자초등부,초등,359
2026,남자초등부,초등,343
2026,"남자초등5,6학년",초등,306
2026,"여자초등5,6학년",초등,291
2026,남자일반부,대학·일반,255
2026,"여자초등3,4학년",초등,234
2026,"남자초등3,4학년",초등,166
2026,여자일반부,대학·일반,166
2026,여자대학부,대학·일반,163
2026,"남자초등1,2학년",초등,15
2026,남자실업부,대학·일반,13
2026,남자초등4학년,초등,8
2026,여자초등4학년,초등,8
2026,여자초등5학년,초등,8
2026,남자초등5학년,초등,6
2026,"여자초등1,2학년",초등,6
2026,중학부,중등,4
2026,고등부,고등,3
2026,대학부,대학·일반,3
2026,일반부,대학·일반,3
2026,남자12세이하부1부(B조),초등,2
2026,남자12세이하부2부(B조),초등,2
2026,남자12세이하부3부(B조),초등,2
2026,남자초등6학년,초등,2
2026,여자실업부,대학·일반,2
2026,여자초등3학년,초등,2
