지표유형,성별,거리,학년,백분위구간,표본N,향상폭_p25(초),향상폭_p50(초),향상폭_p75(초),평균향상폭(초),예측단계,향상속도_AUC(%),백분위_AUC(%),예측력차이(AUC%p),신뢰한계문구
기준선,남,500,1,전체,6,3.068,5.351,6.658,3.518,,,,,표본이 30건 미만이라 해석 신뢰도가 낮습니다.
기준선,남,500,2,전체,35,1.735,3.353,4.684,3.739,,,,,
기준선,남,500,3,전체,64,0.856,1.968,3.322,1.834,,,,,
기준선,남,500,4,전체,128,0.619,1.436,2.692,1.568,,,,,
기준선,남,500,5,전체,149,0.456,1.404,2.424,0.99,,,,,
기준선,남,500,6,전체,93,0.454,1.408,2.163,0.534,,,,,
기준선,남,500,7,전체,83,0.365,1.088,1.761,2.073,,,,,
기준선,남,500,8,전체,117,0.266,0.813,1.539,0.064,,,,,
기준선,남,500,9,전체,120,0.017,0.562,1.331,0.739,,,,,
기준선,남,500,10,전체,130,-0.079,0.414,0.99,0.466,,,,,
기준선,남,500,11,전체,109,-0.588,0.158,0.686,-0.387,,,,,
기준선,남,500,12,전체,89,-0.252,0.114,0.748,-0.115,,,,,
기준선,남,500,13,전체,82,-0.392,0.044,0.394,0.29,,,,,
기준선,남,500,14,전체,77,-0.632,0.044,0.544,0.515,,,,,
기준선,남,500,15,전체,55,-0.387,-0.046,0.615,0.06,,,,,
기준선,남,500,16,전체,46,-0.373,0.011,0.53,-0.164,,,,,
기준선,남,500,17,전체,42,-0.392,-0.011,0.837,0.266,,,,,
기준선,남,500,18,전체,37,-0.489,-0.065,0.577,0.021,,,,,
기준선,남,500,19,전체,26,-0.916,-0.096,0.403,-0.37,,,,,표본이 30건 미만이라 해석 신뢰도가 낮습니다.
기준선,남,500,20,전체,18,-0.377,-0.084,0.172,0.149,,,,,표본이 30건 미만이라 해석 신뢰도가 낮습니다.
기준선,남,500,21,전체,8,-0.763,-0.195,-0.028,-0.364,,,,,표본이 30건 미만이라 해석 신뢰도가 낮습니다.
기준선,남,500,22,전체,8,-0.722,0.372,0.972,0.172,,,,,표본이 30건 미만이라 해석 신뢰도가 낮습니다.
기준선,남,500,23,전체,3,-0.205,-0.05,0.812,0.422,,,,,표본이 30건 미만이라 해석 신뢰도가 낮습니다.
기준선,남,500,24,전체,3,-0.369,-0.316,-0.079,-0.193,,,,,표본이 30건 미만이라 해석 신뢰도가 낮습니다.
기준선,남,500,25,전체,4,-0.487,-0.291,0.06,-0.135,,,,,표본이 30건 미만이라 해석 신뢰도가 낮습니다.
기준선,남,500,26,전체,3,-0.117,0.061,0.087,-0.04,,,,,표본이 30건 미만이라 해석 신뢰도가 낮습니다.
기준선,남,500,27,전체,2,-0.139,0.156,0.451,0.156,,,,,표본이 30건 미만이라 해석 신뢰도가 낮습니다.
기준선,남,500,28,전체,2,-0.514,-0.259,-0.004,-0.259,,,,,표본이 30건 미만이라 해석 신뢰도가 낮습니다.
기준선,남,500,29,전체,1,-2.259,-2.259,-2.259,-2.259,,,,,표본이 30건 미만이라 해석 신뢰도가 낮습니다.
기준선,남,500,38,전체,1,0.332,0.332,0.332,0.332,,,,,표본이 30건 미만이라 해석 신뢰도가 낮습니다.
기준선,남,500,39,전체,1,0.676,0.676,0.676,0.676,,,,,표본이 30건 미만이라 해석 신뢰도가 낮습니다.
기준선,남,1000,1,전체,9,10.331,14.778,24.584,17.057,,,,,표본이 30건 미만이라 해석 신뢰도가 낮습니다.
기준선,남,1000,2,전체,37,-0.066,5.277,11.403,6.995,,,,,
기준선,남,1000,3,전체,96,-1.453,3.869,7.607,4.065,,,,,
기준선,남,1000,4,전체,143,-0.468,3.011,7.159,3.169,,,,,
기준선,남,1000,5,전체,188,-0.329,3.442,7.269,3.444,,,,,
기준선,남,1000,6,전체,153,0.808,3.975,8.669,4.484,,,,,
기준선,남,1000,7,전체,144,-0.012,2.565,5.206,3.632,,,,,
기준선,남,1000,8,전체,172,-0.403,2.151,5.051,2.727,,,,,
기준선,남,1000,9,전체,167,-0.287,2.37,4.847,2.771,,,,,
기준선,남,1000,10,전체,151,-1.127,0.943,2.775,1.036,,,,,
기준선,남,1000,11,전체,124,-0.694,0.734,2.917,1.65,,,,,
기준선,남,1000,12,전체,97,-1.151,0.548,2.271,0.624,,,,,
기준선,남,1000,13,전체,85,-1.026,0.064,1.479,0.401,,,,,
기준선,남,1000,14,전체,79,-1.457,-0.37,0.885,0.306,,,,,
기준선,남,1000,15,전체,58,-0.95,0.373,1.781,0.484,,,,,
기준선,남,1000,16,전체,45,-1.013,0.05,1.031,0.094,,,,,
기준선,남,1000,17,전체,41,-2.163,-0.658,0.533,-1.251,,,,,
기준선,남,1000,18,전체,34,-0.535,0.435,1.805,0.819,,,,,
기준선,남,1000,19,전체,28,-1.127,0.545,1.353,1.649,,,,,표본이 30건 미만이라 해석 신뢰도가 낮습니다.
기준선,남,1000,20,전체,18,-1.623,-0.53,1.383,-0.117,,,,,표본이 30건 미만이라 해석 신뢰도가 낮습니다.
기준선,남,1000,21,전체,8,-1.728,-1.202,-0.611,-1.2,,,,,표본이 30건 미만이라 해석 신뢰도가 낮습니다.
기준선,남,1000,22,전체,8,-1.691,0.064,0.439,-0.412,,,,,표본이 30건 미만이라 해석 신뢰도가 낮습니다.
기준선,남,1000,23,전체,1,0.868,0.868,0.868,0.868,,,,,표본이 30건 미만이라 해석 신뢰도가 낮습니다.
기준선,남,1000,24,전체,2,-1.617,-1.407,-1.197,-1.407,,,,,표본이 30건 미만이라 해석 신뢰도가 낮습니다.
기준선,남,1000,25,전체,4,-1.785,-0.553,1.31,0.078,,,,,표본이 30건 미만이라 해석 신뢰도가 낮습니다.
기준선,남,1000,26,전체,3,-18.041,0.412,0.706,-11.694,,,,,표본이 30건 미만이라 해석 신뢰도가 낮습니다.
기준선,남,1000,27,전체,2,0.259,0.277,0.296,0.277,,,,,표본이 30건 미만이라 해석 신뢰도가 낮습니다.
기준선,남,1000,28,전체,2,-1.762,-1.263,-0.763,-1.263,,,,,표본이 30건 미만이라 해석 신뢰도가 낮습니다.
기준선,남,1000,29,전체,1,0.222,0.222,0.222,0.222,,,,,표본이 30건 미만이라 해석 신뢰도가 낮습니다.
기준선,남,1000,30,전체,1,10.27,10.27,10.27,10.27,,,,,표본이 30건 미만이라 해석 신뢰도가 낮습니다.
기준선,남,1000,32,전체,1,1.3,1.3,1.3,1.3,,,,,표본이 30건 미만이라 해석 신뢰도가 낮습니다.
기준선,남,1000,33,전체,1,2.46,2.46,2.46,2.46,,,,,표본이 30건 미만이라 해석 신뢰도가 낮습니다.
기준선,남,1000,36,전체,1,1.33,1.33,1.33,1.33,,,,,표본이 30건 미만이라 해석 신뢰도가 낮습니다.
기준선,남,1000,38,전체,2,1.542,2.413,3.284,2.413,,,,,표본이 30건 미만이라 해석 신뢰도가 낮습니다.
기준선,남,1500,1,전체,2,-1.777,2.012,5.802,2.012,,,,,표본이 30건 미만이라 해석 신뢰도가 낮습니다.
기준선,남,1500,2,전체,34,-0.911,9.339,17.959,7.489,,,,,
기준선,남,1500,3,전체,64,-8.717,1.744,11.482,3.12,,,,,
기준선,남,1500,4,전체,84,-1.999,8.009,16.701,6.899,,,,,
기준선,남,1500,5,전체,102,-3.771,4.021,14.381,5.515,,,,,
기준선,남,1500,6,전체,88,-5.792,9.497,18.194,7.325,,,,,
기준선,남,1500,7,전체,89,-5.035,2.162,12.648,2.464,,,,,
기준선,남,1500,8,전체,87,-8.448,4.232,13.736,4.634,,,,,
기준선,남,1500,9,전체,70,-1.397,5.867,15.823,6.092,,,,,
기준선,남,1500,10,전체,70,-10.467,-0.392,8.837,1.033,,,,,
기준선,남,1500,11,전체,62,-3.933,2.016,12.689,3.609,,,,,
기준선,남,1500,12,전체,42,-7.741,-2.332,3.3,-2.705,,,,,
기준선,남,1500,13,전체,50,-10.825,-0.395,7.547,-1.198,,,,,
기준선,남,1500,14,전체,48,-8.779,-0.853,7.783,0.377,,,,,
기준선,남,1500,15,전체,32,-10.183,-4.168,3.173,-8.763,,,,,
기준선,남,1500,16,전체,27,-10.729,-0.957,5.786,3.564,,,,,표본이 30건 미만이라 해석 신뢰도가 낮습니다.
기준선,남,1500,17,전체,33,-9.005,-3.238,2.307,-2.501,,,,,
기준선,남,1500,18,전체,20,-5.944,-3.522,6.766,0.836,,,,,표본이 30건 미만이라 해석 신뢰도가 낮습니다.
기준선,남,1500,19,전체,19,-8.24,-1.697,8.527,-3.16,,,,,표본이 30건 미만이라 해석 신뢰도가 낮습니다.
기준선,남,1500,20,전체,9,-5.571,-3.617,2.306,-3.07,,,,,표본이 30건 미만이라 해석 신뢰도가 낮습니다.
기준선,남,1500,21,전체,6,-5.889,0.053,8.198,-0.461,,,,,표본이 30건 미만이라 해석 신뢰도가 낮습니다.
기준선,남,1500,22,전체,6,-11.863,-3.623,8.004,8.235,,,,,표본이 30건 미만이라 해석 신뢰도가 낮습니다.
기준선,남,1500,23,전체,3,-27.752,-23.505,-18.854,-23.235,,,,,표본이 30건 미만이라 해석 신뢰도가 낮습니다.
기준선,남,1500,24,전체,2,-16.319,-9.071,-1.824,-9.072,,,,,표본이 30건 미만이라 해석 신뢰도가 낮습니다.
기준선,남,1500,25,전체,1,-4.439,-4.439,-4.439,-4.439,,,,,표본이 30건 미만이라 해석 신뢰도가 낮습니다.
기준선,남,1500,26,전체,2,-25.081,-11.392,2.298,-11.392,,,,,표본이 30건 미만이라 해석 신뢰도가 낮습니다.
기준선,남,1500,27,전체,2,8.61,17.869,27.127,17.869,,,,,표본이 30건 미만이라 해석 신뢰도가 낮습니다.
기준선,남,2000,2,전체,4,-15.317,-2.532,6.585,-6.2,,,,,표본이 30건 미만이라 해석 신뢰도가 낮습니다.
기준선,남,2000,3,전체,26,-7.192,8.171,28.294,10.271,,,,,표본이 30건 미만이라 해석 신뢰도가 낮습니다.
기준선,남,2000,4,전체,42,-17.758,11.364,36.49,8.581,,,,,
기준선,남,2000,5,전체,45,-2.732,6.682,15.882,9.744,,,,,
기준선,남,3000,6,전체,2,-37.14,-27.384,-17.629,-27.385,,,,,표본이 30건 미만이라 해석 신뢰도가 낮습니다.
기준선,남,3000,7,전체,44,-29.528,5.358,45.365,3.306,,,,,
기준선,남,3000,8,전체,41,-27.825,2.154,37.519,7.695,,,,,
기준선,남,3000,9,전체,32,6.596,24.459,68.989,32.27,,,,,
기준선,남,3000,10,전체,35,-19.589,9.662,38.492,7.334,,,,,
기준선,남,3000,11,전체,28,-20.327,-0.421,26.981,-2.77,,,,,표본이 30건 미만이라 해석 신뢰도가 낮습니다.
기준선,남,3000,12,전체,19,-52.437,-12.328,8.594,-23.746,,,,,표본이 30건 미만이라 해석 신뢰도가 낮습니다.
기준선,남,3000,13,전체,14,-86.439,-8.771,17.681,-29.873,,,,,표본이 30건 미만이라 해석 신뢰도가 낮습니다.
기준선,남,3000,14,전체,11,-69.255,-20.848,21.486,-18.243,,,,,표본이 30건 미만이라 해석 신뢰도가 낮습니다.
기준선,남,3000,15,전체,8,-22.672,24.3,55.819,14.245,,,,,표본이 30건 미만이라 해석 신뢰도가 낮습니다.
기준선,남,3000,16,전체,6,-32.518,-12.407,-5.524,-15.118,,,,,표본이 30건 미만이라 해석 신뢰도가 낮습니다.
기준선,남,3000,17,전체,6,-0.965,19.933,46.421,27.402,,,,,표본이 30건 미만이라 해석 신뢰도가 낮습니다.
기준선,남,3000,18,전체,6,-21.456,-9.493,9.528,-6.709,,,,,표본이 30건 미만이라 해석 신뢰도가 낮습니다.
기준선,남,3000,19,전체,3,38.853,46.929,49.251,43.093,,,,,표본이 30건 미만이라 해석 신뢰도가 낮습니다.
기준선,남,3000,20,전체,2,-23.294,-17.116,-10.939,-17.116,,,,,표본이 30건 미만이라 해석 신뢰도가 낮습니다.
기준선,여,500,1,전체,9,4.324,4.811,5.097,5.111,,,,,표본이 30건 미만이라 해석 신뢰도가 낮습니다.
기준선,여,500,2,전체,28,2.133,3.496,4.631,4.028,,,,,표본이 30건 미만이라 해석 신뢰도가 낮습니다.
기준선,여,500,3,전체,46,1.208,2.95,4.061,2.801,,,,,
기준선,여,500,4,전체,94,0.721,1.558,2.948,2.807,,,,,
기준선,여,500,5,전체,113,0.251,1.006,2.052,1.399,,,,,
기준선,여,500,6,전체,97,0.065,0.767,1.808,0.676,,,,,
기준선,여,500,7,전체,83,-0.366,0.475,1.216,0.124,,,,,
기준선,여,500,8,전체,84,-0.439,0.394,1.039,0.535,,,,,
기준선,여,500,9,전체,83,-0.108,0.376,0.94,0.743,,,,,
기준선,여,500,10,전체,97,-0.519,0.158,0.617,-0.206,,,,,
기준선,여,500,11,전체,73,-0.485,0.052,0.592,0.237,,,,,
기준선,여,500,12,전체,44,-0.641,-0.079,0.342,-0.215,,,,,
기준선,여,500,13,전체,28,-0.791,-0.06,0.839,-0.145,,,,,표본이 30건 미만이라 해석 신뢰도가 낮습니다.
기준선,여,500,14,전체,20,-0.686,-0.042,0.27,-0.081,,,,,표본이 30건 미만이라 해석 신뢰도가 낮습니다.
기준선,여,500,15,전체,23,-0.699,-0.179,0.593,0.016,,,,,표본이 30건 미만이라 해석 신뢰도가 낮습니다.
기준선,여,500,16,전체,21,-0.337,0.17,0.647,0.749,,,,,표본이 30건 미만이라 해석 신뢰도가 낮습니다.
기준선,여,500,17,전체,16,-0.4,0.041,0.213,-0.184,,,,,표본이 30건 미만이라 해석 신뢰도가 낮습니다.
기준선,여,500,18,전체,15,-0.111,0.368,0.943,0.417,,,,,표본이 30건 미만이라 해석 신뢰도가 낮습니다.
기준선,여,500,19,전체,12,-0.462,0.031,0.611,-0.255,,,,,표본이 30건 미만이라 해석 신뢰도가 낮습니다.
기준선,여,500,20,전체,8,-0.115,0.475,0.659,0.436,,,,,표본이 30건 미만이라 해석 신뢰도가 낮습니다.
기준선,여,500,21,전체,9,-0.91,-0.47,0.115,-0.96,,,,,표본이 30건 미만이라 해석 신뢰도가 낮습니다.
기준선,여,500,22,전체,6,0.001,0.254,1.531,0.657,,,,,표본이 30건 미만이라 해석 신뢰도가 낮습니다.
기준선,여,500,23,전체,5,-0.445,0.153,0.17,-0.654,,,,,표본이 30건 미만이라 해석 신뢰도가 낮습니다.
기준선,여,500,24,전체,6,0.059,0.311,1.651,1.218,,,,,표본이 30건 미만이라 해석 신뢰도가 낮습니다.
기준선,여,500,25,전체,5,-1.318,-0.491,-0.404,-1.603,,,,,표본이 30건 미만이라 해석 신뢰도가 낮습니다.
기준선,여,500,26,전체,2,-0.296,-0.292,-0.288,-0.292,,,,,표본이 30건 미만이라 해석 신뢰도가 낮습니다.
기준선,여,500,27,전체,1,-0.247,-0.247,-0.247,-0.247,,,,,표본이 30건 미만이라 해석 신뢰도가 낮습니다.
기준선,여,500,39,전체,1,-3.463,-3.463,-3.463,-3.463,,,,,표본이 30건 미만이라 해석 신뢰도가 낮습니다.
기준선,여,500,40,전체,1,3.125,3.125,3.125,3.125,,,,,표본이 30건 미만이라 해석 신뢰도가 낮습니다.
기준선,여,500,45,전체,1,-12.751,-12.751,-12.751,-12.751,,,,,표본이 30건 미만이라 해석 신뢰도가 낮습니다.
기준선,여,500,46,전체,1,-1.269,-1.269,-1.269,-1.269,,,,,표본이 30건 미만이라 해석 신뢰도가 낮습니다.
기준선,여,1000,1,전체,6,6.17,13.497,16.793,12.28,,,,,표본이 30건 미만이라 해석 신뢰도가 낮습니다.
기준선,여,1000,2,전체,24,2.694,5.695,7.854,5.937,,,,,표본이 30건 미만이라 해석 신뢰도가 낮습니다.
기준선,여,1000,3,전체,48,0.708,4.711,7.236,3.354,,,,,
기준선,여,1000,4,전체,87,0.204,3.873,8.259,3.778,,,,,
기준선,여,1000,5,전체,126,0.044,2.587,6.792,2.741,,,,,
기준선,여,1000,6,전체,123,-0.193,2.404,5.998,3.533,,,,,
기준선,여,1000,7,전체,113,-1.825,1.044,3.78,0.848,,,,,
기준선,여,1000,8,전체,108,-2.379,0.584,4.263,1.36,,,,,
기준선,여,1000,9,전체,101,-1.447,0.997,4.132,1.123,,,,,
기준선,여,1000,10,전체,94,-2.316,0.256,2.562,0.629,,,,,
기준선,여,1000,11,전체,68,-1.702,0.706,2.734,-0.247,,,,,
기준선,여,1000,12,전체,46,-2.46,-0.492,2.101,0.726,,,,,
기준선,여,1000,13,전체,25,-2.855,-0.029,1.623,-0.524,,,,,표본이 30건 미만이라 해석 신뢰도가 낮습니다.
기준선,여,1000,14,전체,19,-2.992,-0.627,1.417,-1.613,,,,,표본이 30건 미만이라 해석 신뢰도가 낮습니다.
기준선,여,1000,15,전체,21,-4.342,-0.407,0.955,-1.217,,,,,표본이 30건 미만이라 해석 신뢰도가 낮습니다.
기준선,여,1000,16,전체,20,-1.5,-0.655,2.974,-0.576,,,,,표본이 30건 미만이라 해석 신뢰도가 낮습니다.
기준선,여,1000,17,전체,20,-2.514,0.053,1.835,0.012,,,,,표본이 30건 미만이라 해석 신뢰도가 낮습니다.
기준선,여,1000,18,전체,17,-1.472,-0.113,1.359,0.013,,,,,표본이 30건 미만이라 해석 신뢰도가 낮습니다.
기준선,여,1000,19,전체,13,-3.106,-1.595,-0.534,-3.489,,,,,표본이 30건 미만이라 해석 신뢰도가 낮습니다.
기준선,여,1000,20,전체,10,-1.056,1.198,1.339,0.418,,,,,표본이 30건 미만이라 해석 신뢰도가 낮습니다.
기준선,여,1000,21,전체,9,-3.029,-0.189,1.211,-0.676,,,,,표본이 30건 미만이라 해석 신뢰도가 낮습니다.
기준선,여,1000,22,전체,5,-2.343,-0.029,2.094,-1.829,,,,,표본이 30건 미만이라 해석 신뢰도가 낮습니다.
기준선,여,1000,23,전체,4,-1.706,-0.009,5.296,3.598,,,,,표본이 30건 미만이라 해석 신뢰도가 낮습니다.
기준선,여,1000,24,전체,6,1.448,2.383,3.067,3.198,,,,,표본이 30건 미만이라 해석 신뢰도가 낮습니다.
기준선,여,1000,25,전체,4,-2.93,-2.049,-1.288,-2.169,,,,,표본이 30건 미만이라 해석 신뢰도가 낮습니다.
기준선,여,1000,26,전체,1,2.376,2.376,2.376,2.376,,,,,표본이 30건 미만이라 해석 신뢰도가 낮습니다.
기준선,여,1000,27,전체,1,-2.642,-2.642,-2.642,-2.642,,,,,표본이 30건 미만이라 해석 신뢰도가 낮습니다.
기준선,여,1000,40,전체,1,4.739,4.739,4.739,4.739,,,,,표본이 30건 미만이라 해석 신뢰도가 낮습니다.
기준선,여,1000,41,전체,1,-2.219,-2.219,-2.219,-2.219,,,,,표본이 30건 미만이라 해석 신뢰도가 낮습니다.
기준선,여,1000,45,전체,1,-0.317,-0.317,-0.317,-0.317,,,,,표본이 30건 미만이라 해석 신뢰도가 낮습니다.
기준선,여,1000,46,전체,1,-2.74,-2.74,-2.74,-2.74,,,,,표본이 30건 미만이라 해석 신뢰도가 낮습니다.
기준선,여,1500,1,전체,3,-37.748,-30.305,-5.759,-18.902,,,,,표본이 30건 미만이라 해석 신뢰도가 낮습니다.
기준선,여,1500,2,전체,16,3.233,19.912,36.9,16.521,,,,,표본이 30건 미만이라 해석 신뢰도가 낮습니다.
기준선,여,1500,3,전체,32,-8.172,1.742,7.625,3.321,,,,,
기준선,여,1500,4,전체,60,-1.122,6.573,16.416,6.69,,,,,
기준선,여,1500,5,전체,56,-6.716,3.704,13.179,3.992,,,,,
기준선,여,1500,6,전체,60,-2.816,6.293,13.988,4.042,,,,,
기준선,여,1500,7,전체,50,-8.645,3.694,11.038,3.58,,,,,
기준선,여,1500,8,전체,46,-7.701,1.934,10.02,1.371,,,,,
기준선,여,1500,9,전체,37,-15.829,3.194,7.687,-1.536,,,,,
기준선,여,1500,10,전체,31,-12.32,3.475,12.597,1.899,,,,,
기준선,여,1500,11,전체,27,-11.223,2.182,11.146,1.553,,,,,표본이 30건 미만이라 해석 신뢰도가 낮습니다.
기준선,여,1500,12,전체,22,-12.758,-8.095,-2.975,-5.323,,,,,표본이 30건 미만이라 해석 신뢰도가 낮습니다.
기준선,여,1500,13,전체,16,-3.603,0.568,9.667,1.116,,,,,표본이 30건 미만이라 해석 신뢰도가 낮습니다.
기준선,여,1500,14,전체,13,-8.181,0.336,3.951,-2.794,,,,,표본이 30건 미만이라 해석 신뢰도가 낮습니다.
기준선,여,1500,15,전체,15,-11.884,-3.39,9.082,-2.945,,,,,표본이 30건 미만이라 해석 신뢰도가 낮습니다.
기준선,여,1500,16,전체,18,-11.214,-8.191,6.463,-2.15,,,,,표본이 30건 미만이라 해석 신뢰도가 낮습니다.
기준선,여,1500,17,전체,15,-9.364,-0.54,10.212,0.412,,,,,표본이 30건 미만이라 해석 신뢰도가 낮습니다.
기준선,여,1500,18,전체,11,-11.104,-0.392,7.639,-0.559,,,,,표본이 30건 미만이라 해석 신뢰도가 낮습니다.
기준선,여,1500,19,전체,7,-12.599,-7.946,7.782,-3.453,,,,,표본이 30건 미만이라 해석 신뢰도가 낮습니다.
기준선,여,1500,20,전체,4,-5.432,8.068,22.215,8.715,,,,,표본이 30건 미만이라 해석 신뢰도가 낮습니다.
기준선,여,1500,21,전체,3,-22.767,-6.054,2.034,-11.804,,,,,표본이 30건 미만이라 해석 신뢰도가 낮습니다.
기준선,여,1500,22,전체,1,-28.464,-28.464,-28.464,-28.464,,,,,표본이 30건 미만이라 해석 신뢰도가 낮습니다.
기준선,여,1500,23,전체,1,44.542,44.542,44.542,44.542,,,,,표본이 30건 미만이라 해석 신뢰도가 낮습니다.
기준선,여,1500,24,전체,3,-6.822,-5.055,-4.319,-5.743,,,,,표본이 30건 미만이라 해석 신뢰도가 낮습니다.
기준선,여,1500,25,전체,1,-2.244,-2.244,-2.244,-2.244,,,,,표본이 30건 미만이라 해석 신뢰도가 낮습니다.
기준선,여,2000,1,전체,1,28.473,28.473,28.473,28.473,,,,,표본이 30건 미만이라 해석 신뢰도가 낮습니다.
기준선,여,2000,2,전체,2,1.452,2.163,2.875,2.163,,,,,표본이 30건 미만이라 해석 신뢰도가 낮습니다.
기준선,여,2000,3,전체,6,20.487,38.27,52.004,37.047,,,,,표본이 30건 미만이라 해석 신뢰도가 낮습니다.
기준선,여,2000,4,전체,17,2.837,19.853,26.959,14.402,,,,,표본이 30건 미만이라 해석 신뢰도가 낮습니다.
기준선,여,2000,5,전체,23,-27.268,5.561,12.719,-4.299,,,,,표본이 30건 미만이라 해석 신뢰도가 낮습니다.
기준선,여,3000,6,전체,3,52.9,56.178,75.18,66.661,,,,,표본이 30건 미만이라 해석 신뢰도가 낮습니다.
기준선,여,3000,7,전체,24,-39.868,14.257,71.921,16.058,,,,,표본이 30건 미만이라 해석 신뢰도가 낮습니다.
기준선,여,3000,8,전체,23,-45.733,-14.45,49.477,-1.271,,,,,표본이 30건 미만이라 해석 신뢰도가 낮습니다.
기준선,여,3000,9,전체,21,-41.842,2.022,43.1,6.133,,,,,표본이 30건 미만이라 해석 신뢰도가 낮습니다.
기준선,여,3000,10,전체,10,16.413,45.848,105.96,44.248,,,,,표본이 30건 미만이라 해석 신뢰도가 낮습니다.
기준선,여,3000,11,전체,6,2.98,66.419,120.257,61.143,,,,,표본이 30건 미만이라 해석 신뢰도가 낮습니다.
기준선,여,3000,14,전체,1,-19.94,-19.94,-19.94,-19.94,,,,,표본이 30건 미만이라 해석 신뢰도가 낮습니다.
기준선,여,3000,15,전체,1,-18.502,-18.502,-18.502,-18.502,,,,,표본이 30건 미만이라 해석 신뢰도가 낮습니다.
기준선,여,3000,17,전체,3,-5.19,7.625,8.669,-0.222,,,,,표본이 30건 미만이라 해석 신뢰도가 낮습니다.
기준선,여,3000,21,전체,1,9.519,9.519,9.519,9.519,,,,,표본이 30건 미만이라 해석 신뢰도가 낮습니다.
구간비교,남,500,,상위 10%,132,-0.023,0.832,1.829,0.921,,,,,
구간비교,남,500,,10~30%,339,-0.078,0.568,1.325,0.883,,,,,
구간비교,남,500,,30~50%,342,0.022,0.776,1.566,0.933,,,,,
구간비교,남,500,,50% 이하,307,-0.068,0.713,1.845,0.599,,,,,
구간비교,남,1000,,상위 10%,165,-0.996,1.786,5.557,2.621,,,,,
구간비교,남,1000,,10~30%,386,-0.443,1.466,4.459,2.478,,,,,
구간비교,남,1000,,30~50%,410,-0.717,1.849,5.269,2.223,,,,,
구간비교,남,1000,,50% 이하,414,-1.05,2.012,5.491,2.824,,,,,
구간비교,남,1500,,상위 10%,76,-3.273,3.425,11.697,4.362,,,,,
구간비교,남,1500,,10~30%,197,-5.18,3.387,14.147,4.277,,,,,
구간비교,남,1500,,30~50%,187,-5.46,3.329,13.364,4.125,,,,,
구간비교,남,1500,,50% 이하,226,-6.277,3.379,14.348,3.579,,,,,
구간비교,남,2000,,상위 10%,16,8.245,21.504,37.303,16.668,,,,,표본이 30건 미만이라 해석 신뢰도가 낮습니다.
구간비교,남,2000,,10~30%,25,-8.381,6.105,21.192,7.398,,,,,표본이 30건 미만이라 해석 신뢰도가 낮습니다.
구간비교,남,2000,,30~50%,41,-6.762,10.065,35.659,13.645,,,,,
구간비교,남,2000,,50% 이하,32,-14.653,-2.255,15.909,0.372,,,,,
구간비교,남,3000,,상위 10%,13,-19.093,6.484,48.478,13.628,,,,,표본이 30건 미만이라 해석 신뢰도가 낮습니다.
구간비교,남,3000,,10~30%,38,-27.695,1.514,36.341,6.306,,,,,
구간비교,남,3000,,30~50%,30,-9.405,8.439,38.746,11.56,,,,,
구간비교,남,3000,,50% 이하,56,-40.192,13.761,39.159,1.599,,,,,
구간비교,여,500,,상위 10%,81,-0.044,0.388,0.844,0.625,,,,,
구간비교,여,500,,10~50%,455,-0.126,0.543,1.448,0.898,,,,,
구간비교,여,500,,50% 이하,202,-0.216,0.852,2.304,0.989,,,,,
구간비교,여,1000,,상위 10%,92,-1.86,0.763,3.186,1.083,,,,,
구간비교,여,1000,,10~50%,479,-1.3,1.309,4.765,1.745,,,,,
구간비교,여,1000,,50% 이하,241,-1.388,1.781,5.68,2.281,,,,,
구간비교,여,1500,,상위 10%,42,-6.651,2.331,11.623,2.694,,,,,
구간비교,여,1500,,10~50%,213,-4.881,3.766,12.834,3.809,,,,,
구간비교,여,1500,,50% 이하,78,-9.829,5.385,13.781,2.953,,,,,
구간비교,여,2000,,상위 10%,3,0.466,23.861,25.449,9.323,,,,,표본이 30건 미만이라 해석 신뢰도가 낮습니다.
구간비교,여,2000,,10~50%,27,4.199,15.966,26.456,12.263,,,,,표본이 30건 미만이라 해석 신뢰도가 낮습니다.
구간비교,여,2000,,50% 이하,18,-24.805,7.111,19.842,2.291,,,,,표본이 30건 미만이라 해석 신뢰도가 낮습니다.
구간비교,여,3000,,상위 10%,8,-3.776,37.144,44.512,21.565,,,,,표본이 30건 미만이라 해석 신뢰도가 낮습니다.
구간비교,여,3000,,10~50%,53,-40.296,5.659,71.009,11.984,,,,,
구간비교,여,3000,,50% 이하,10,-5.887,42.142,67.349,39.979,,,,,표본이 30건 미만이라 해석 신뢰도가 낮습니다.
예측력비교,남,전체,,전체,301,,,,,고등,47.33,66.47,-19.14,
예측력비교,남,전체,,전체,232,,,,,대학일반,46.05,70.82,-24.77,
예측력비교,남,전체,,전체,353,,,,,중등,50.51,60.78,-10.27,
예측력비교,여,전체,,전체,216,,,,,고등,41.12,68.47,-27.35,
예측력비교,여,전체,,전체,153,,,,,대학일반,40.24,65.51,-25.27,
예측력비교,여,전체,,전체,253,,,,,중등,39.36,59.93,-20.57,
