classCd,toCd,searchAppYn,대회명,장소,기간,상태,pageIndex,updatedAt
2,01G089,,제89회전국동계체전(스피드),,2008-02-20~2008-02-22,,,2026-08-15T16:18:17
2,02G089,,제89회 전국동계체전(쇼트트랙),,-~2008-02-21,,,2026-08-15T16:18:17
2,10G089,,제89회 전국동계체육대회,,2008-02-20~2008-02-22,,,2026-08-15T16:18:17
2,200902,,제90회동계체전,,-~2009-02-10,,,2026-08-15T16:18:17
2,200990,,제90회 전국동계체육대회,,-~2009-02-13,,,2026-08-15T16:18:17
2,201001,,제91회 전국 동계체육대회,,-~2010-02-04,,,2026-08-15T16:18:17
2,201101,,제 92회 전국동계체육대회,,-~2011-02-18,,,2026-08-15T16:18:17
2,201201,,제93회 전국동계체전,,-~2012-02-11,,,2026-08-15T16:18:17
2,201202,,제26회 전국남녀 학생종별종합 쇼트트랙 선수권대회,,2012-03-09~2012-03-11,,,2026-08-15T16:18:17
2,201203,,2012 제1차 공인기록회,,2012-10-29,,,2026-08-15T16:18:17
2,201205,,제1호 B조 꿈나무 쇼트트랙스피드스케이팅 대회,,2012-09-15,,,2026-08-15T16:18:17
2,201206,,제29회 전국남녀 쇼트트랙 스피드스케이팅대회,,2012-10-26~2012-11-13,,,2026-08-15T16:18:17
2,201207,,제28회 회장배 전국남녀 쇼트트랙스피드스케이팅대회,,-~2012-11-25,,,2026-08-15T16:18:17
2,201208,,2012 제3차 공인기록회 (스프린트),,-~2012-11-22,,,2026-08-15T16:18:17
2,201209,,스포츠토토와 함께하는 국민체육진흥공단이사장배 제 5회 전국남녀 초등학교 쇼트트랙 꿈나무 대회,,2012-12-02~2012-12-16,,,2026-08-15T16:18:17
2,201210,,스포츠토토와 함께하는 국민체육진흥공단이사장배 제5회 전국남녀초등학교 스피드대회,,2012-12-16,,,2026-08-15T16:18:17
2,201212,,제45회 백곰기 전국초등학교 스피드스케이팅대회,,2013-01-04~2013-01-05,,,2026-08-15T16:18:17
2,201213,,제28회 회장기 전국초등학교 스피드스케이팅대회,,2013-01-14~2013-01-15,,,2026-08-15T16:18:17
2,201214,,KB금융 스피드스케이팅 챔피언십 제39회 전국남녀 스프린트 스피드스케이팅 선수권대회,,-~2012-12-23,,,2026-08-15T16:18:17
2,201215,,KB금융 스피드스케이팅 챔피언십 제67회 전국남녀 종합 스피드스케이팅 선수권대회,,-~2012-12-23,,,2026-08-15T16:18:17
2,201216,,제43회 회장배 전국남녀 스피드스케이팅대회,,2013-01-07~2013-01-08,,,2026-08-15T16:18:17
2,201217,,2013 전국남녀 종별종합 스피드스케이팅 선수권대회,,-~2013-01-23,,,2026-08-15T16:18:17
2,201218,,2013 전국남녀 주니어 스피드스케이팅 선수권대회(스프린트),,-~2013-02-06,,,2026-08-15T16:18:17
2,201219,,2013 전국남녀 주니어 스피드스케이팅 선수권대회(올라운드),,-~2013-02-06,,,2026-08-15T16:18:17
2,201221,,제1회 스피드스케이팅 비등록선수 꿈나무대회,,2013-02-24,,,2026-08-15T16:18:17
2,201222,,제48회 고빙상인추모 전국남녀 스피드스케이팅 대회,,2013-03-09~2013-03-10,,,2026-08-15T16:18:17
2,201302,,제49회 고빙상인추모 전국남녀 스피드스케이팅 대회,,2014-03-08~2014-03-09,,,2026-08-15T16:18:17
2,201303,,2013 제1차 공인기록회,,2013-10-10~2013-10-11,,,2026-08-15T16:18:17
2,201304,,제28회 전국남녀 종합쇼트트랙 스피드스케이팅선수권대회 겸 2013/2014 쇼트트랙국가대표선발전,,2013-04-10~2013-11-14,,,2026-08-15T16:18:17
2,201305,,KB 금융 제48회 전국남녀 종목별 스피드스케이팅선수권대회,,-~2013-10-25,,,2026-08-15T16:18:17
2,201306,,제16회 에이스침대배 전국남녀 쇼트트랙 스피드스케이팅 꿈나무 대회,,2013-10-12~2013-11-14,,,2026-08-15T16:18:17
2,201307,,2013 동계유니버시아드 대회 파견선수 선발전,,2013-10-26~2013-10-27,,,2026-08-15T16:18:17
2,201308,,제30회 전국남녀 쇼트트랙 스피드스케이팅대회,,2013-11-08~2013-11-10,,,2026-08-15T16:18:17
2,201309,,제29회 회장배 전국남녀 쇼트트랙 스피드스케이팅대회,,-~2013-12-01,,,2026-08-15T16:18:17
2,201310,,스포츠토토와 함께하는 국민체육진흥공단 이사장배 제6회 전국초등학교 쇼트트랙 꿈나무 빙상대회,,2013-11-02~2013-12-22,,,2026-08-15T16:18:17
2,201311,,2013 전국남녀 주니어 쇼트트랙 스피드 스케이팅 선수권대회 겸 2014 세계주니어선수권대회 파견선수 선발전,,2014-01-04~2014-03-14,,,2026-08-15T16:18:17
2,201312,,제28회 전국남녀 종별 종합 쇼트트랙 스피드스케이팅 선수권대회 공고,,2014-01-03~2014-03-16,,,2026-08-15T16:18:17
2,201313,,제29회 회장기 전국초등학교 스피드스케이팅대회,,0000.00.00~2014-01-12,,,2026-08-15T16:18:17
2,201314,,제29회 전국남녀 종합 쇼트트랙 스피드스케이팅 선수권대회 겸 2014/2015 쇼트트랙 국가대표선발 2차 대회,,-~2014-04-05,,,2026-08-15T16:18:17
2,201315,,제68회 전국남녀 종합 스피드스케이팅 선수권대회,,-~2013-12-24,,,2026-08-15T16:18:17
2,201316,,제44회 회장배 전국남녀 스피드스케이팅대회,,0000.00.00~2014-01-08,,,2026-08-15T16:18:17
2,201317,,2014 전국남녀종별종합스피드스케이팅선수권대회,,-~2014-01-29,,,2026-08-15T16:18:17
2,201318,,2014 전국남녀 주니어스피드선수권대회(스프린트),,2014-01-27~2014-01-28,,,2026-08-15T16:18:17
2,201319,,2014 전국남녀 주니어선수권대회(올라운드),,-~2014-01-29,,,2026-08-15T16:18:17
2,201321,,제2회 스피드스케이팅 비등록선수 꿈나무 대회,,2014-03-15,,,2026-08-15T16:18:17
2,201323,,2013 유니버시아드 파견선수 선발전,,-~2013-10-25,,,2026-08-15T16:18:17
2,201324,,2013 제2차 공인기록회(후보선발전 올라운드),,-~2013-11-14,,,2026-08-15T16:18:17
2,201325,,2013 제2차 공인기록회(후보선발전 스프린트),,-~2013-11-14,,,2026-08-15T16:18:17
2,201326,,제47회 전국남녀 대학대항 스피드스케이팅 대회,,2014-03-13~2014-03-14,,,2026-08-15T16:18:17
2,201327,,2014 한국실업빙상경기연맹 회장배 스피드스케이팅 대회,,2014-03-13~2014-03-14,,,2026-08-15T16:18:17
2,201402,,제17회 에이스침대배 전국남녀 쇼트트랙 스피드스케이팅 꿈나무대회,,2014-10-18~2015-03-15,,,2026-08-15T16:18:17
2,201403,,제31회 전국남녀 쇼트트랙 스피드스케이팅대회,,2014-10-09~2014-11-09,,,2026-08-15T16:18:17
2,201404,,2014 동계유니버시아드 대회 파견선수 선발전,,2014-11-29~2014-11-30,,,2026-08-15T16:18:17
2,201405,,제30회 회장배 전국남녀 쇼트트랙 스피드스케이팅대회,,-~2014-12-07,,,2026-08-15T16:18:17
2,201406,,2015 전국남녀 주니어 쇼트트랙 스피드 스케이팅 선수권대회 겸 2015 세계주니어선수권대회 파견선수 선발전,,2014-10-22~2015-01-04,,,2026-08-15T16:18:17
2,201407,,제29회 전국남녀 종별 종합 쇼트트랙 스피드스케이팅 선수권대회 공고,,-~2015-03-15,,,2026-08-15T16:18:17
2,201408,,2015/2016 쇼트트랙 국가대표 선발 1차 자격대회,,-~2015-04-09,,,2026-08-15T16:18:17
2,201409,,KB금융 제30회 전국남녀 종합 쇼트트랙 선수권대회 겸 2015/16 국가대표 선발 2차대회,,2014-12-06~2015-04-11,,,2026-08-15T16:18:17
2,201411,,2015 전국남녀 중고등학교 대항 스피드스케이팅 대회,,2015-03-15~2015-03-21,,,2026-08-15T16:18:17
2,201412,,제47회 백곰배 전국초등학교 스피드스케이팅대회(추천선수 선발대회),,0000.00.00~2015-01-09,,,2026-08-15T16:18:17
2,201413,,제30회 회장배 전국초등학교 스피드스케이팅대회(추천선수 선발대회),,2015-01-10~2015-01-11,,,2026-08-15T16:18:17
2,201414,,제41회 전국남녀 스피드스케이팅 스프린트 선수권 대회,,-~2014-12-24,,,2026-08-15T16:18:17
2,201415,,제69회 전국남녀 스피드스케이팅 종합 선수권 대회,,0000.00.00~2014-12-24,,,2026-08-15T16:18:17
2,201416,,제45회 회장배 전국남녀 스피드스케이팅 대회,,0000.00.00~2015-01-06,,,2026-08-15T16:18:17
2,201417,,2015 전국남녀 종별종합 스피드스케이팅 선수권대회,,-~2015-01-23,,,2026-08-15T16:18:17
2,201418,,2015 전국남녀 주니어 스피드스케이팅 선수권대회(스프린트),,-~2015-01-22,,,2026-08-15T16:18:17
2,201419,,2015 전국남녀 주니어 스피드스케이팅 선수권대회(올라운드),,-~2015-01-23,,,2026-08-15T16:18:17
2,201421,,제3회 스피드스케이팅 비등록선수 꿈나무 대회,,2015-03-07,,,2026-08-15T16:18:17
2,201426,,제48회 전국남녀 대학대항 스피드스케이팅 대회,,2015-03-20~2015-03-21,,,2026-08-15T16:18:17
2,201427,,2015 한국실업빙상경기연맹 회장배 스피드스케이팅 대회,,2015-03-20~2015-03-21,,,2026-08-15T16:18:17
2,201501,,제96회 전국동계체육대회,,-~2015-02-27,,,2026-08-15T16:18:17
2,201502,,제18회 전국남녀 쇼트트랙 스피드스케이팅 꿈나무대회,,2015-10-17~2016-03-20,,,2026-08-15T16:18:17
2,201503,,제32회 전국남녀 쇼트트랙 스피드스케이팅대회,,2015-10-12~2015-11-22,,,2026-08-15T16:18:17
2,201504,,제31회 회장배 전국남녀 쇼트트랙 스피드스케이팅대회,,2015-12-11~2015-12-13,,,2026-08-15T16:18:17
2,201505,,2016 유스올림픽 파견선수 선발전,,-~2015-12-20,,,2026-08-15T16:18:17
2,201506,,2015/16 전국남녀 주니어 쇼트트랙 스피드 스케이팅 선수권대회 겸 2016 세계주니어선수권대회 파견선수 선발전 공고,,2015-10-20~2015-12-29,,,2026-08-15T16:18:17
2,201507,,2016/2017시즌 쇼트트랙 국가대표 1차 선발대회,,2016-03-30~2016-03-31,,,2026-08-15T16:18:17
2,201508,,제31회 전국남녀 종합 쇼트트랙 스피드 스케이팅 선수권대회 겸 2016/2017 쇼트트랙 국가대표 2차 선발대회,,2016-04-02,,,2026-08-15T16:18:17
2,201509,,제15회 전국남녀 스피드스케이팅 꿈나무대회,,2015-11-15,,,2026-08-15T16:18:17
2,201511,,2016 전국남녀 중고등학교대항 스피드스케이팅 대회,,2016-03-26~2016-03-27,,,2026-08-15T16:18:17
2,201512,,제48회 백곰배 전국초등학교 스피드스케이팅 대회,,2016-01-07~2016-01-08,,,2026-08-15T16:18:17
2,201514,,제42회 전국남녀 스프린트 스피드스케이팅 선수권대회,,-~2015-12-23,,,2026-08-15T16:18:17
2,201515,,제70회 전국남녀 종합 스피드스케이팅 선수권대회,,-~2015-12-23,,,2026-08-15T16:18:17
2,201516,,제46회 회장배 전국남녀 스피드스케이팅 대회,,2016-01-04~2016-01-05,,,2026-08-15T16:18:17
2,201517,,2016 전국남녀 종별종합 스피드스케이팅 선수권대회,,-~2016-01-22,,,2026-08-15T16:18:17
2,201518,,2016 전국남녀 주니어 스피드스케이팅 선수권대회(스프린트),,-~2016-01-28,,,2026-08-15T16:18:17
2,201519,,2016 전국남녀 주니어 스피드스케이팅 선수권대회(올라운드),,-~2016-01-28,,,2026-08-15T16:18:17
2,201521,,제4회 스피드스케이팅 비등록선수 꿈나무대회,,2016-01-23,,,2026-08-15T16:18:17
2,201526,,제49회 전국남녀 대학대항 스피드스케이팅 대회,,2016-03-26~2016-03-27,,,2026-08-15T16:18:17
2,201527,,2016 한국실업빙상경기연맹 회장배 스피드스케이팅 대회,,2016-03-26~2016-03-27,,,2026-08-15T16:18:17
2,201528,,2015 제3차 공인기록회(주니어월드컵 파견선수 선발전),,2015-11-10~2015-11-11,,,2026-08-15T16:18:17
2,201531,,2015 제3차 공인기록회 올라운드(국가대표후보선수 선발전),,-~2015-11-11,,,2026-08-15T16:18:17
2,201532,,2015 제3차 공인기록회 스프린트(국가대표후보선수 선발전),,-~2015-11-11,,,2026-08-15T16:18:17
2,201533,,2015 제3차 공인기록회(유스올림픽 파견선수 선발전),,2015-11-10~2015-11-11,,,2026-08-15T16:18:17
2,201601,,제97회 전국동계체육대회,,-~2016-02-04,,,2026-08-15T16:18:17
2,201602,,제30회 전국남녀 종별 종합 쇼트트랙 스피드스케이팅 선수권대회,,-~2017-03-19,,,2026-08-15T16:18:17
2,201603,,2016/17 시즌 쇼트트랙 국가대표 3차 선발대회,,2016-10-17~2016-10-20,,,2026-08-15T16:18:17
2,201604,,제19회 전국남녀 쇼트트랙스피드스케이팅 꿈나무 선수권대회,,2016-10-22~2016-10-23,,,2026-08-15T16:18:17
2,201605,,제33회 전국남녀 쇼트트랙스피드스케이팅 대회,,2016-10-26~2016-11-20,,,2026-08-15T16:18:17
2,201606,,제32회 회장배 전국남녀 쇼트트랙스피드스케이팅 대회,,2016-11-10~2016-12-04,,,2026-08-15T16:18:17
2,201607,,2016 전국남녀 주니어 쇼트트랙스피드스케이팅 선수권대회 겸 2017 세계 주니어선수권대회 선발대회,,2016-12-23~2016-12-24,,,2026-08-15T16:18:17
2,201608,,2017 알마티 동계유니버시아드 파견선수 선발대회,,2016-12-30~2016-12-31,,,2026-08-15T16:18:17
2,201609,,제16회 전국남녀 스피드스케이팅 꿈나무대회,,2016-11-27,,,2026-08-15T16:18:17
2,201611,,2017 전국남녀 중고등학교대항 스피드스케이팅대회,,2017-03-24~2017-03-25,,,2026-08-15T16:18:17
2,201612,,제49회 백곰배 전국초등학교 스피드스케이팅 대회,,2017-02-02~2017-02-03,,,2026-08-15T16:18:17
2,201614,,제43회 전국남녀 스프린트 스피드스케이팅 선수권대회,,2016-12-27~2016-12-29,,,2026-08-15T16:18:17
2,201615,,제71회 전국남녀 종합 스피드스케이팅 선수권대회,,2016-12-27~2016-12-29,,,2026-08-15T16:18:17
2,201616,,제47회 회장배 전국남녀 스피드스케이팅 대회,,2017-01-02~2017-01-03,,,2026-08-15T16:18:17
2,201617,,2017 전국남녀 종별종합 스피드스케이팅 선수권대회,,0000.00.00~2017-01-25,,,2026-08-15T16:18:17
2,201618,,2017 전국남녀 주니어 스피드스케이팅 선수권대회(스프린트),,-~2016-12-20,,,2026-08-15T16:18:17
2,201619,,2017 전국남녀 주니어 스피드스케이팅 선수권대회(올라운드),,-~2016-12-20,,,2026-08-15T16:18:17
2,201623,,2016 동계유니버시아드 파견대표 선발전,,-~2016-12-29,,,2026-08-15T16:18:17
2,201626,,제50회 전국남녀 대학대항 스피드스케이팅대회,,2017-03-24~2017-03-25,,,2026-08-15T16:18:17
2,201627,,2017 한국실업빙상경기연맹 회장배 스피드스케이팅대회,,2017-03-24~2017-03-25,,,2026-08-15T16:18:17
2,201631,,2016 제2차 스피드스케이팅 공인기록회 올라운드(국가대표 후보선수 선발),,-~2016-11-11,,,2026-08-15T16:18:17
2,201634,,2016 동계아시안게임 파견선수 선발전,,-~2016-12-29,,,2026-08-15T16:18:17
2,201701,,제 98회 전국동계체육대회,,-~2017-01-19,,,2026-08-15T16:18:17
2,201702,,제31회 전국남녀 종별종합 쇼트트랙스피드스케이팅 선수권대회,,-~2018-03-18,,,2026-08-15T16:18:17
2,201703,,2017/2018시즌 쇼트트랙 국가대표 1차 선발대회,,2017-04-05~2017-10-12,,,2026-08-15T16:18:17
2,201704,,KB금융그룹 제32회 전국남녀 종합 쇼트트랙 스피드스케이팅 선수권대회 겸,,2017-04-08,,,2026-08-15T16:18:17
2,201705,,스포츠토토 제20회 전국남녀 쇼트트랙 꿈나무 선수권대회,,2017-10-14~2017-10-20,,,2026-08-15T16:18:17
2,201706,,제34회 전국남녀 쇼트트랙스피드스케이팅 대회,,2017-10-26~2017-10-28,,,2026-08-15T16:18:17
2,201707,,제33회 회장배 전국남녀 쇼트트랙스피드스케이팅 대회,,2017-12-08~2017-12-10,,,2026-08-15T16:18:17
2,201708,,2017 전국남녀 주니어 쇼트트랙스피드스케이팅 선수권대회 겸,,2017-12-23~2017-12-24,,,2026-08-15T16:18:17
2,201709,,스포츠토토 제17회 전국남녀 스피드스케이팅 꿈나무대회,,2017-12-03,,,2026-08-15T16:18:17
2,201710,,제31회 전국남녀 초등학교 스피드스케이팅대회,,2018-03-26~2018-03-27,,,2026-08-15T16:18:17
2,201711,,제53회 전국남녀 중고등학교 스피드스케이팅대회,,2018-03-26~2018-03-28,,,2026-08-15T16:18:17
2,201712,,제50회 백곰배 전국초등학교 스피드스케이팅 대회,,2018-02-27~2018-02-28,,,2026-08-15T16:18:17
2,201714,,제44회 전국남녀 스프린트 스피드스케이팅 선수권대회(세계스프린트선수권대회 예선대회 파견대표 선발전),,2017-12-29~2017-12-30,,,2026-08-15T16:18:17
2,201715,,제72회 전국남녀 종합 스피드스케이팅 선수권대회(세계올라운드선수권대회 예선대회 파견대표 선발전),,2017-12-29~2017-12-30,,,2026-08-15T16:18:17
2,201716,,제48회 회장배 전국남녀 스피드스케이팅 대회,,2018-01-03~2018-01-04,,,2026-08-15T16:18:17
2,201717,,2018 전국남녀 종별종합 스피드스케이팅 선수권대회,,2018-01-25~2018-01-27,,,2026-08-15T16:18:17
2,201718,,2018 전국남녀 주니어 스피드스케이팅 선수권대회(스프린트)(세계주니어선수권대회 및 2016/17 ISU 주니어월드컵 파이널대회 파견선수 선발전),,2018-01-25~2018-01-27,,,2026-08-15T16:18:17
2,201719,,2018 전국남녀 주니어 스피드스케이팅 선수권대회(올라운드)(세계주니어선수권대회 및 2016/17 ISU 주니어월드컵 파이널대회 파견선수 선발전),,-~2018-01-27,,,2026-08-15T16:18:17
2,201726,,제51회 전국남녀 대학교 스피드스케이팅대회,,2018-03-26~2018-03-28,,,2026-08-15T16:18:17
2,201727,,2018 한국실업빙상경기연맹 회장배 스피드스케이팅대회,,2018-03-26~2018-03-28,,,2026-08-15T16:18:17
2,201801,,제99회 전국동계체육대회,,-~2018-01-06,,,2026-08-15T16:18:17
2,201802,,제32회 전국남녀 종별종합 쇼트트랙스피드스케이팅 선수권대회,,2018-03-16~2019-03-17,,,2026-08-15T16:18:17
2,201803,,2018/2019시즌 쇼트트랙 국가대표 선발대회(1차),,2018-04-11~2018-10-12,,,2026-08-15T16:18:17
2,201803195,,KB금융그룹 제34회 전국남녀 종합쇼트트랙 선수권대회 및 2차 쇼트트랙 국가대표 선발대회,,2019-04-06,,,2026-08-15T16:18:17
2,201804,,2018/2019시즌 쇼트트랙 국가대표 선발대회(2차),,2018-04-14,,,2026-08-15T16:18:17
2,201805,,제21회 전국남녀 쇼트트랙스피드스케이팅 꿈나무 선수권대회,,2018-10-13~2018-10-26,,,2026-08-15T16:18:17
2,201806,,제35회 전국남녀 쇼트트랙스피드스케이팅 대회,,2018-11-02,,,2026-08-15T16:18:17
2,201807,,제34회 회장배 전국남녀 쇼트트랙스피드스케이팅 대회,,2018-11-23,,,2026-08-15T16:18:17
2,201808,,2019 제1회 사할린아시아동계유소년경기대회 선발대회,,2018-12-08,,,2026-08-15T16:18:17
2,201809,,2018 전국남녀 주니어 쇼트트랙스피드스케이팅 선수권대회 겸 2019 세계 주니어선수권대회 선발대회,,2018-11-11~2018-12-22,,,2026-08-15T16:18:17
2,201810,,2019 동계유니버시아드 파견선수 선발대회,,2018-12-29~2019-03-29,,,2026-08-15T16:18:17
2,201811,,제54회 전국남녀 중고등학교 스피드스케이팅대회,,2019-03-27~2019-03-29,,,2026-08-15T16:18:17
2,201812,,제51회 백곰배 전국초등학교 스피드스케이팅 대회,,2019-02-13~2019-02-14,,,2026-08-15T16:18:17
2,201814,,제45회 전국남녀 스프린트 스피드스케이팅 선수권대회,,2018-12-27~2018-12-28,,,2026-08-15T16:18:17
2,201815,,제73회 전국남녀 종합 스피드스케이팅 선수권대회,,2018-12-27~2018-12-28,,,2026-08-15T16:18:17
2,201816,,제49회 회장배 전국남녀 스피드스케이팅 대회,,2019-01-03~2019-01-04,,,2026-08-15T16:18:17
2,201817,,2019 전국남녀 종별종합 스피드스케이팅 선수권대회,,2019-01-15~2019-01-18,,,2026-08-15T16:18:17
2,201818,,2019 전국남녀 주니어 스피드스케이팅 선수권대회(스프린트),,2019-01-15~2019-01-17,,,2026-08-15T16:18:17
2,201819,,2019 전국남녀 주니어 스피드스케이팅 선수권대회(올라운드),,2019-01-15~2019-01-17,,,2026-08-15T16:18:17
2,201826,,제52회 전국남녀 대학교 스피드스케이팅대회,,2019-03-27~2019-03-29,,,2026-08-15T16:18:17
2,201827,,2019 한국실업빙상경기연맹 회장배 스피드스케이팅대회,,2019-03-27~2019-03-29,,,2026-08-15T16:18:17
2,201830,,2018/19 ISU 스피드 주니어 월드컵 파견대표 선발,,2018-10-24~2018-10-26,,,2026-08-15T16:18:17
2,201901,,제100회 전국동계체육대회,,-~2019-02-22,,,2026-08-15T16:18:17
2,201902,,제33회 전국남녀 종별종합 쇼트트랙스피드스케이팅 선수권대회,,2019-03-15,,,2026-08-15T16:18:17
2,201903,,2019/2020시즌 쇼트트랙 국가대표 선발대회(1차),,2019-04-03,,,2026-08-15T16:18:17
2,201904360,,제36회 전국남녀 쇼트트랙스피드스케이팅 대회,,2019-10-18,,,2026-08-15T16:18:17
2,201904396,,제22회 전국남녀 쇼트트랙스피드스케이팅 꿈나무 선수권대회,,2019-10-05,,,2026-08-15T16:18:17
2,201904403,,2019 스피드스케이팅 공인기록회,,2019-10-14~2019-10-16,,,2026-08-15T16:18:17
2,201904479,,제35회 회장배 전국남녀 쇼트트랙스피드스케이팅 대회,,2019-11-01,,,2026-08-15T16:18:17
2,201904544,,제3회 동계 유스 올림픽 파견 선수 선발대회,,2019-11-16,,,2026-08-15T16:18:17
2,201904545,,2019 전국남녀 주니어 쇼트트랙스피드스케이팅 선수권대회 겸 2020 세계 주니어선수권대회 선발대회,,2019-12-21,,,2026-08-15T16:18:17
2,201904552,,SK텔레콤배 제54회 전국남녀 종목별 스피드스케이팅 선수권대회,,2019-10-23~2019-10-25,,,2026-08-15T16:18:17
2,201904553,,2019/20 ISU 스피드 주니어 월드컵 파견대표 선발전,,-~2019-10-25,,,2026-08-15T16:18:17
2,201904565,,2020 유스동계올림픽 스피드스케이팅 파견선수 선발전,,-~2019-10-25,,,2026-08-15T16:18:17
2,201904641,,제50회 회장배 전국남녀 스피드스케이팅 대회,,2019-11-06~2019-11-08,,,2026-08-15T16:18:17
2,201904754,,제19회 전국남녀 스피드스케이팅 꿈나무대회,,2019-12-01,,,2026-08-15T16:18:17
2,201904962,,제46회 전국남녀 스프린트 스피드스케이팅 선수권대회,,2019-12-26~2019-12-27,,,2026-08-15T16:18:17
2,201904966,,제74회 전국남녀 종합 스피드스케이팅 선수권대회,,2019-12-26~2019-12-27,,,2026-08-15T16:18:17
2,201905014,,제52회 백곰배 전국초등학교 스피드스케이팅 대회,,2020-01-20~2020-01-21,,,2026-08-15T16:18:17
2,202000171,,2020 전국남녀 주니어 스피드스케이팅 선수권대회,,2020-01-02~2020-01-03,,,2026-08-15T16:18:17
2,202000204,,제101회 전국동계체육대회,,-~2020-02-21,,,2026-08-15T16:18:17
2,202005601,,제37회 전국남녀 쇼트트랙스피드스케이팅대회,,-~2020-11-26,,,2026-08-15T16:18:17
2,202005616,,제51회 회장배 전국남녀 스피드스케이팅대회,,2020-11-25~2020-11-27,,,2026-08-15T16:18:17
2,202005656,,2020 전국남녀 주니어 쇼트트랙스피드스케이팅 선수권대회,,2021-04-03,,,2026-08-15T16:18:17
2,202005780,,2021 전국남녀 종별종합 스피드스케이팅 선수권대회,,-~2021-02-26,,,2026-08-15T16:18:17
2,202005781,,제36회 회장배 전국남녀 쇼트트랙스피드스케이팅대회,,2021-03-18,,,2026-08-15T16:18:17
2,202005782,,제56회 빙상인추모 전국남녀 스피드스케이팅대회,,2021-03-11~2021-03-12,,,2026-08-15T16:18:17
2,202005783,,제34회 전국남녀 초등학교 스피드스케이팅대회,,2021-03-26~2021-03-28,,,2026-08-15T16:18:17
2,202005784,,제56회 전국남녀 중고등학교 스피드스케이팅대회,,2021-03-26~2021-03-28,,,2026-08-15T16:18:17
2,202005785,,제54회 전국남녀 대학교 스피드스케이팅대회,,2021-03-26~2021-03-28,,,2026-08-15T16:18:17
2,202005786,,2021 한국실업빙상경기연맹 회장배 스피드스케이팅대회,,2021-03-26~2021-03-28,,,2026-08-15T16:18:17
2,202005787,,SK텔레콤배 제55회 전국남녀 종목별 스피드스케이팅 선수권대회,,2021-04-09~2021-04-11,,,2026-08-15T16:18:17
2,202005789,,2021/22시즌 1차 쇼트트랙 국가대표 선발대회,,2021-05-05,,,2026-08-15T16:18:17
2,202005790,,제47회 전국남녀 스프린트 스피드스케이팅 선수권대회,,2021-04-24~2021-04-25,,,2026-08-15T16:18:17
2,202005791,,제75회 전국남녀 종합 스피드스케이팅 선수권대회,,2021-04-24~2021-04-25,,,2026-08-15T16:18:17
2,202005792,,2021 전국남녀 주니어 스피드스케이팅 선수권대회,,2021-05-01~2021-05-03,,,2026-08-15T16:18:17
2,202005793,,KB금융그룹 제36회 전국남녀 종합 쇼트트랙스피드스케이팅 선수권대회 겸 2021/22 2차 쇼트트랙 국가대표  선발대회,,2021-05-08,,,2026-08-15T16:18:17
2,202105845,,제35회 전국남녀 종별종합 쇼트트랙스피드스케이팅 선수권대회,,2021-04-15,,,2026-08-15T16:18:17
2,202106386,,2021 스피드스케이팅 공인기록회,,2021-09-10~2021-09-11,,,2026-08-15T16:18:17
2,202106432,,2021 루체른 동계유니버시아드 파견선수 선발대회,,2021-10-09,,,2026-08-15T16:18:17
2,202106443,,SK텔레콤배 제56회 전국남녀 종목별 스피드스케이팅 선수권대회,,2021-09-15~2021-09-17,,,2026-08-15T16:18:17
2,202106444,,2021/22 ISU 스피드 주니어 월드컵 파견대표 선발전,,2021-09-15~2021-09-17,,,2026-08-15T16:18:17
2,202106540,,제52회 회장배 전국남녀 스피드스케이팅대회,,2021-11-11~2021-11-13,,,2026-08-15T16:18:17
2,202106571,,제38회 전국남녀 쇼트트랙스피드스케이팅대회(중고등부),,2021-11-06,,,2026-08-15T16:18:17
2,202106696,,제37회 회장배 전국남녀 쇼트트랙스피드스케이팅대회,,2021-11-25,,,2026-08-15T16:18:17
2,202106791,,제38회 전국남녀 쇼트트랙스피드스케이팅 대회(초등부/대학부/일반부),,2022-01-22,,,2026-08-15T16:18:17
2,202106795,,제21회 전국남녀 꿈나무 스피드스케이팅대회,,2021-12-04,,,2026-08-15T16:18:17
2,202106890,,2022 전국남녀 주니어 스피드스케이팅 선수권대회,,2022-01-07~2022-01-08,,,2026-08-15T16:18:17
2,202106930,,제48회 전국남녀 스프린트 스피드스케이팅 선수권대회,,2022-01-13~2022-01-14,,,2026-08-15T16:18:17
2,202106931,,제76회 전국남녀 종합 스피드스케이팅 선수권대회,,2022-01-13~2022-01-14,,,2026-08-15T16:18:17
2,202106947,,제54회 백곰배 전국초등학교 스피드스케이팅 대회,,2022-01-17~2022-01-18,,,2026-08-15T16:18:17
2,202106959,,제24회 전국남녀 쇼트트랙스피드스케이팅 꿈나무 선수권대회,,2022-01-15,,,2026-08-15T16:18:17
2,202106981,,2022 전국남녀 종별종합 스피드스케이팅 선수권대회,,2022-01-27~2022-01-28,,,2026-08-15T16:18:17
2,202106982,,2021 전국남녀 주니어 쇼트트랙스피드스케이팅 선수권대회 겸 2022 세계 주니어 쇼트트랙스피드스케이팅 선수권대회 선발대회,,2022-02-09,,,2026-08-15T16:18:17
2,202106999,,2021/22 제2차 스피드스케이팅 공인기록회,,2022-02-18,,,2026-08-15T16:18:17
2,202107001,,제103회 전국동계체육대회,,-~2022-02-26,,,2026-08-15T16:18:17
2,202107007,,제57회 빙상인추모 전국남녀 스피드스케이팅대회,,2022-03-19~2022-03-20,,,2026-08-15T16:18:17
2,202107032,,제35회 전국남녀 초등학교 스피드스케이팅대회,,2022-04-01~2022-04-03,,,2026-08-15T16:18:17
2,202107033,,제57회 전국남녀 중고등학교 스피드스케이팅대회,,2022-04-01~2022-04-03,,,2026-08-15T16:18:17
2,202107034,,제55회 전국남녀 대학교 스피드스케이팅대회,,2022-04-01~2022-04-03,,,2026-08-15T16:18:17
2,202107035,,2022 한국실업빙상경기연맹 회장배 스피드스케이팅대회,,2022-04-01~2022-04-03,,,2026-08-15T16:18:17
2,202207086,,제36회 전국남녀 종별종합 쇼트트랙스피드스케이팅 선수권대회,,-~2022-04-07,,,2026-08-15T16:18:17
2,202207205,,KB금융그룹 제37회 전국남녀 종합 쇼트트랙스피드스케이팅 선수권대회 겸 2022/23 쇼트트랙 국가대표 2차 선발대회,,2022-05-07,,,2026-08-15T16:18:17
2,202207206,,2022/23시즌 쇼트트랙 국가대표 1차 선발대회,,2022-05-04,,,2026-08-15T16:18:17
2,202208204,,2022 스피드스케이팅 공인기록회,,2022-10-05~2022-10-07,,,2026-08-15T16:18:17
2,202208261,,2023 제31회 레이크플래시드 동계세계대학경기대회 파견선수 선발대회,,2022-10-15,,,2026-08-15T16:18:17
2,202208340,,제57회 전국남녀 종목별 스피드스케이팅 선수권대회,,2022-10-19~2022-10-21,,,2026-08-15T16:18:17
2,202208341,,2022/23 ISU 스피드스케이팅 주니어월드컵대회 파견선수 선발전,,2022-10-19~2022-10-21,,,2026-08-15T16:18:17
2,202208342,,2023 레이크플래시드 동계 세계대학경기대회 파견선수 선발대회,,2022-10-19~2022-10-21,,,2026-08-15T16:18:17
2,202208464,,제53회 회장배 전국남녀 스피드스케이팅대회,,2022-11-04~2022-11-06,,,2026-08-15T16:18:17
2,202208490,,제1회 국무총리배 전국남녀 쇼트트랙스피드스케이팅 대회,,2022-11-10,,,2026-08-15T16:18:17
2,202208595,,제22회 전국남녀 꿈나무 스피드스케이팅대회,,2022-12-11,,,2026-08-15T16:18:17
2,202208611,,제25회 전국남녀 쇼트트랙스피드스케이팅 꿈나무 선수권대회,,2022-11-26,,,2026-08-15T16:18:17
2,202208657,,제38회 회장배 전국남녀 쇼트트랙스피드스케이팅대회,,2022-12-17,,,2026-08-15T16:18:17
2,202208744,,제49회 전국남녀 스프린트 스피드스케이팅 선수권대회,,-~2022-12-28,,,2026-08-15T16:18:17
2,202208745,,제77회 전국남녀 종합 스피드스케이팅 선수권대회,,-~2022-12-28,,,2026-08-15T16:18:17
2,202208785,,2023 전국남녀 주니어 스피드스케이팅 선수권대회,,2023-01-05~2023-01-06,,,2026-08-15T16:18:17
2,202208808,,제55회 백곰배 전국초등학교 스피드스케이팅대회,,2023-01-09,,,2026-08-15T16:18:17
2,202208831,,제104회 전국동계체육대회,,-~2023-02-16,,,2026-08-15T16:18:17
2,202208847,,2023 전국남녀 종별종합 스피드스케이팅 선수권대회,,2023-02-16~2023-02-17,,,2026-08-15T16:18:17
2,202208872,,제58회 빙상인추모 전국남녀 스피드스케이팅대회,,2023-03-18~2023-03-19,,,2026-08-15T16:18:17
2,202208877,,제37회 전국남녀 종별종합 쇼트트랙스피드스케이팅 선수권대회,,2023-03-30~2023-04-01,,,2026-08-15T16:18:17
2,202208913,,2023 한국실업빙상경기연맹 회장배 스피드스케이팅대회,,2023-03-31~2023-04-02,,,2026-08-15T16:18:17
2,202208914,,제56회 전국남녀 대학교 스피드스케이팅대회,,2023-03-31~2023-04-02,,,2026-08-15T16:18:17
2,202208915,,제58회 전국남녀 중고등학교 스피드스케이팅대회,,2023-03-31~2023-04-02,,,2026-08-15T16:18:17
2,202208916,,제36회 전국남녀 초등학교 스피드스케이팅대회,,2023-03-31~2023-04-02,,,2026-08-15T16:18:17
2,202208917,,2023/24시즌 쇼트트랙 국가대표 1차 선발대회,,2023-04-18,,,2026-08-15T16:18:17
2,202208918,,2023/24시즌 쇼트트랙 국가대표 2차 선발대회,,2023-04-22,,,2026-08-15T16:18:17
2,202300026,,2023 전국남녀 주니어 쇼트트랙스피드스케이팅 선수권대회 겸 2023 세계 주니어 쇼트트랙스피드스케이팅 선수권대회 선발대회,,2023-01-06,,,2026-08-15T16:18:17
2,202310070,,2024 강원동계 청소년 올림픽 파견선수 선발대회,,2023-10-07,,,2026-08-15T16:18:17
2,202310166,,2023 스피드스케이팅 공인기록회,,2023-10-07~2023-10-09,,,2026-08-15T16:18:17
2,202310167,,2023 전국남녀 주니어 쇼트트랙스피드스케이팅 선수권대회 겸 2024 세계 주니어 쇼트트랙스피드스케이팅 파견선수 선발대회 및 2023/24시즌 ISU 쇼트트랙 주니어 월드컵 파견선수 선발대회,,2023-10-14,,,2026-08-15T16:18:17
2,202310285,,제26회 전국남녀 쇼트트랙스피드스케이팅 꿈나무 선수권대회,,2023-10-28,,,2026-08-15T16:18:17
2,202310305,,제58회 전국남녀 종목별 스피드스케이팅 선수권대회,,2023-10-20~2023-10-22,,,2026-08-15T16:18:17
2,202310306,,2023/24 ISU 스피드스케이팅 주니어 및 네오시니어 월드컵대회 파견선수 선발전,,2023-10-20~2023-10-22,,,2026-08-15T16:18:17
2,202310307,,강원2024 동계청소년올림픽대회 파견선수 선발전,,2023-10-20~2023-10-22,,,2026-08-15T16:18:17
2,202310374,,제54회 회장배 전국남녀 스피드스케이팅대회,,2023-11-01~2023-11-03,,,2026-08-15T16:18:17
2,202310385,,제2회 국무총리배 전국남녀 쇼트트랙스피드스케이팅 대회,,2023-11-10,,,2026-08-15T16:18:17
2,202310636,,제23회 전국남녀 꿈나무 스피드스케이팅대회,,2023-12-09,,,2026-08-15T16:18:17
2,202310670,,제39회 회장배 전국남녀 쇼트트랙스피드스케이팅 대회,,2023-12-21,,,2026-08-15T16:18:17
2,202310719,,2024 전국남녀 주니어 스피드스케이팅 선수권대회,,-~2023-12-22,,,2026-08-15T16:18:17
2,202310720,,제50회 전국남녀 스프린트 스피드스케이팅 선수권대회,,-~2023-12-29,,,2026-08-15T16:18:17
2,202310721,,제78회 전국남녀 종합 스피드스케이팅 선수권대회,,-~2023-12-29,,,2026-08-15T16:18:17
2,202310912,,제56회 백곰배 전국초등학교 스피드스케이팅대회,,2024-01-05~2024-01-06,,,2026-08-15T16:18:17
2,202310951,,2024 전국남녀 종별종합 스피드스케이팅 선수권대회,,2024-02-24~2024-02-25,,,2026-08-15T16:18:17
2,202310963,,제59회 빙상인추모 전국남녀 스피드스케이팅대회,,2024-03-09~2024-03-10,,,2026-08-15T16:18:17
2,202310973,,2024 한국실업빙상경기연맹 회장배 스피드스케이팅대회,,2024-03-15~2024-03-17,,,2026-08-15T16:18:17
2,202310974,,제57회 전국남녀 대학교 스피드스케이팅대회,,2024-03-15~2024-03-17,,,2026-08-15T16:18:17
2,202310975,,제59회 전국남녀 중고등학교 스피드스케이팅대회,,2024-03-15~2024-03-17,,,2026-08-15T16:18:17
2,202310976,,제37회 전국남녀 초등학교 스피드스케이팅대회,,2024-03-15~2024-03-17,,,2026-08-15T16:18:17
2,202310996,,2024/25시즌 쇼트트랙 국가대표 1차 선발대회,,2024-04-05,,,2026-08-15T16:18:17
2,202311020,,KB금융그룹 제39회 전국남녀 종합 쇼트트랙스피드스케이팅 선수권대회 겸 2024/25시즌 쇼트트랙 국가대표 2차 선발대회,,2024-04-11,,,2026-08-15T16:18:17
2,202400063,,제105회 전국동계체육대회,,-~2024-02-01,,,2026-08-15T16:18:17
2,202400104,,제38회 전국남녀 종별종합 쇼트트랙 스피드스케이팅 선수권대회,,2024-02-28,,,2026-08-15T16:18:17
2,202411463,,2025 제32회 토리노 동계세계대학경기대회 파견선수 선발대회,,2024-09-21,,,2026-08-15T16:18:17
2,202411607,,2024 스피드스케이팅 공인기록회,,2024-10-09~2024-10-11,,,2026-08-15T16:18:17
2,202411687,,제59회 전국남녀 종목별 스피드스케이팅 선수권대회,,2024-10-22~2024-10-24,,,2026-08-15T16:18:17
2,202411710,,2024 전국남녀 주니어 쇼트트랙스피드스케이팅 선수권대회 겸 2025 세계 주니어 쇼트트랙스피드스케이팅 선수권대회 파견선수 1차 및 2024/25시즌 ISU 쇼트트랙 주니어 월드컵 파견선수 1차 선발대회,,2024-10-12,,,2026-08-15T16:18:17
2,202411831,,2025 세계 주니어 쇼트트랙스피드스케이팅 선수권대회 파견선수 2차 및 2024/25시즌 ISU 쇼트트랙 주니어 월드컵 파견선수 2차 선발대회,,2024-10-19,,,2026-08-15T16:18:17
2,202411846,,제27회 전국남녀 쇼트트랙스피드스케이팅 꿈나무 선수권대회,,2024-11-02,,,2026-08-15T16:18:17
2,202411849,,2025 전국남녀 주니어 스피드스케이팅 선수권대회,,0000.00.00~2024-11-01,,,2026-08-15T16:18:17
2,202411930,,제55회 회장배 전국남녀 스피드스케이팅대회,,2024-11-08~2024-11-10,,,2026-08-15T16:18:17
2,202411976,,(통합)2025 전국남녀 주니어 선수권대회 겸 ISU 주니어 국제대회 파견선발전,,2024-10-31~2024-11-01,,,2026-08-15T16:18:17
2,202412030,,제24회 전국남녀 꿈나무 스피드스케이팅대회,,2024-11-23,,,2026-08-15T16:18:17
2,202412037,,제3회 국무총리배 전국남녀 쇼트트랙스피드스케이팅 대회,,2024-11-22,,,2026-08-15T16:18:17
2,202412158,,제51회 전국남녀 스프린트 스피드스케이팅 선수권대회,,-~2024-12-20,,,2026-08-15T16:18:17
2,202412159,,제79회 전국남녀 종합 스피드스케이팅 선수권대회,,-~2024-12-20,,,2026-08-15T16:18:17
2,202412193,,제40회 회장배 전국남녀 쇼트트랙스피드스케이팅 대회,,-~2024-12-27,,,2026-08-15T16:18:17
2,202412258,,2025 전국남녀 종별종합 스피드스케이팅 선수권대회,,2025-01-02~2025-01-03,,,2026-08-15T16:18:17
2,202412346,,제57회 백곰배 전국초등학교 스피드스케이팅대회,,2025-01-19~2025-01-20,,,2026-08-15T16:18:17
2,202412446,,제60회 빙상인추모 전국남녀 스피드스케이팅대회,,2025-03-21~2025-03-23,,,2026-08-15T16:18:17
2,202412447,,2025 한국실업빙상경기연맹 회장배 스피드스케이팅대회,,2025-03-28~2025-03-30,,,2026-08-15T16:18:17
2,202412448,,제58회 전국남녀 대학교 스피드스케이팅대회,,2025-03-28~2025-03-30,,,2026-08-15T16:18:17
2,202412449,,제60회 전국남녀 중고등학교 스피드스케이팅대회,,2025-03-28~2025-03-30,,,2026-08-15T16:18:17
2,202412450,,제38회 전국남녀 초등학교 스피드스케이팅대회,,2025-03-28~2025-03-30,,,2026-08-15T16:18:17
2,202412467,,2025/26시즌 쇼트트랙 국가대표 1차 선발대회,,2025-04-07,,,2026-08-15T16:18:17
2,202412471,,KB금융그룹 제40회 전국남녀 종합 쇼트트랙스피드스케이팅 선수권대회 겸 2025/26시즌 쇼트트랙 국가대표 2차 선발대회,,2025-04-12,,,2026-08-15T16:18:17
2,202500055,,제106회 전국동계체육대회,,2025-01-11~2025-01-17,,,2026-08-15T16:18:17
2,202512189,,제39회 전국남녀 종별종합 쇼트트랙스피드스케이팅 선수권대회,,2025-03-21,,,2026-08-15T16:18:17
2,202513052,,2025년 제41회 교보생명컵 꿈나무 체육대회(쇼트트랙-전문),,2025-07-26,,,2026-08-15T16:18:17
2,202513473,,2025 전국남녀 주니어 쇼트트랙스피드스케이팅 선수권대회 겸 2025/26시즌 ISU 쇼트트랙 주니어 월드컵 파견선수 선발대회 및 2026 세계 주니어 쇼트트랙스피드스케이팅 선수권대회 파견선수 선발대회,,2025-09-27,,,2026-08-15T16:18:17
2,202513541,,2025 스피드스케이팅 공인기록회,,2025-10-01~2025-10-02,,,2026-08-15T16:18:17
2,202513543,,제60회 전국남녀 종목별 스피드스케이팅 선수권대회,,2025-10-13~2025-10-15,,,2026-08-15T16:18:17
2,202513717,,제56회 회장배 전국남녀 스피드스케이팅대회,,2025-10-24~2025-10-26,,,2026-08-15T16:18:17
2,202513779,,제28회 전국남녀 쇼트트랙스피드스케이팅 꿈나무 선수권대회,,2025-10-18,,,2026-08-15T16:18:17
2,202513828,,제4회 국무총리배 전국남녀 쇼트트랙스피드스케이팅 대회,,2025-10-31,,,2026-08-15T16:18:17
2,202513854,,2026 주니어 스피드스케이팅 선수권대회,,-~2025-11-02,,,2026-08-15T16:18:17
2,202513892,,제25회 전국남녀 꿈나무 스피드스케이팅대회,,2025-11-15,,,2026-08-15T16:18:17
2,202513937,,제1회 유라클배 U-16 쇼트트랙스피드스케이팅 선수권대회,,2025-11-22,,,2026-08-15T16:18:17
2,202514220,,제41회 회장배 전국남녀 쇼트트랙스피드스케이팅 대회,,-~2025-12-19,,,2026-08-15T16:18:17
2,202514228,,제52회 전국남녀 스프린트 스피드스케이팅 선수권대회,,-~2025-12-27,,,2026-08-15T16:18:17
2,202514229,,제80회 전국남녀 종합 스피드스케이팅 선수권대회,,-~2025-12-27,,,2026-08-15T16:18:17
2,202514299,,2026 전국남녀 종별종합 스피드스케이팅 선수권대회,,2026-01-03~2026-01-04,,,2026-08-15T16:18:17
2,202514379,,제58회 백곰배 전국초등학교 스피드스케이팅대회,,2026-01-24~2026-01-25,,,2026-08-15T16:18:17
2,202514413,,제40회 전국남녀 종별종합 쇼트트랙스피드스케이팅 선수권대회,,2026-03-20,,,2026-08-15T16:18:17
2,202514430,,제61회 빙상인추모 전국남녀 스피드스케이팅대회,,-~2026-03-22,,,2026-08-15T16:18:17
2,202514431,,2026 한국실업빙상경기연맹 회장배 스피드스케이팅대회,,2026-03-27~2026-03-29,,,2026-08-15T16:18:17
2,202514432,,제59회 전국남녀 대학교 스피드스케이팅대회,,2026-03-27~2026-03-29,,,2026-08-15T16:18:17
2,202514433,,제61회 전국남녀 중고등학교 스피드스케이팅대회,,2026-03-27~2026-03-29,,,2026-08-15T16:18:17
2,202514434,,제39회 전국남녀 초등학교 스피드스케이팅대회,,2026-03-27~2026-03-29,,,2026-08-15T16:18:17
2,202600071,,제107회 전국동계체육대회,,-~2026-01-15,,,2026-08-15T16:18:17
2,202614499,,2026/27시즌 쇼트트랙 국가대표 1차 선발대회,,2026-04-07,,,2026-08-15T16:18:17
2,202614500,,KB금융그룹 제41회 전국남녀 종합 쇼트트랙스피드스케이팅 선수권대회 겸 2026/27시즌 쇼트트랙 국가대표 2차 선발대회,,2026-04-11,,,2026-08-15T16:18:17
2,202615263,,2026년 제42회 교보생명컵 꿈나무 체육대회(쇼트트랙-전문),,2026-07-23,,,2026-08-15T16:18:17
2,207001,,제22회 회장배 전국남녀 쇼트트랙 스피드스케이팅대회,,2007-01-04~2007-01-06,,,2026-08-15T16:18:17
2,207088,,제88회 전국동계체육대회,,-~2007-02-23,,,2026-08-15T16:18:17
2,W2013,,제94회 전국동계체육대회,,-~2013-02-21,,,2026-08-15T16:18:17
2,w2014,,제95회 전국동계체육대회,,-~2014-03-01,,,2026-08-15T16:18:17
