지표유형,기준,분리기준,분리값,학년,전환구간,잔존인원,잔존율(%),신규진입인원,다음학년진입인원,학년이탈인원,학년이탈률(%),도달단계,도달인원,도달률(%),대상인원,병합의심률(%),관측시즌범위,신뢰한계문구
학년잔존,쇼트트랙 기준,전체,전체,1,,74,100.0,74,66,8,10.81,,,,74,0.0,2006~2026,표본이 100명 미만이라 해석 신뢰도가 낮습니다.
학년잔존,쇼트트랙 기준,전체,전체,2,,303,97.43,237,240,63,20.79,,,,311,0.0,2006~2026,
학년잔존,쇼트트랙 기준,전체,전체,3,,533,88.25,293,421,112,21.01,,,,604,0.0,2006~2026,
학년잔존,쇼트트랙 기준,전체,전체,4,,761,81.74,327,607,154,20.24,,,,931,0.0,2006~2026,
학년잔존,쇼트트랙 기준,전체,전체,5,,860,73.88,233,690,170,19.77,,,,1164,0.0,2006~2026,
학년잔존,쇼트트랙 기준,전체,전체,6,6→7,955,67.44,252,727,228,23.87,,,,1416,0.0,2006~2026,
학년잔존,쇼트트랙 기준,전체,전체,7,,852,55.61,116,650,202,23.71,,,,1532,0.0,2006~2026,
학년잔존,쇼트트랙 기준,전체,전체,8,,752,46.65,80,598,154,20.48,,,,1612,0.0,2006~2026,
학년잔존,쇼트트랙 기준,전체,전체,9,9→10,693,40.98,79,558,135,19.48,,,,1691,0.0,2006~2026,
학년잔존,쇼트트랙 기준,전체,전체,10,,621,35.65,51,485,136,21.9,,,,1742,0.0,2006~2026,
학년잔존,쇼트트랙 기준,전체,전체,11,,542,30.45,38,425,117,21.59,,,,1780,0.0,2006~2026,
학년잔존,쇼트트랙 기준,전체,전체,12,12→13,478,26.25,41,350,128,26.78,,,,1821,0.0,2006~2026,
학년잔존,쇼트트랙 기준,전체,전체,13,,381,20.7,20,290,91,23.88,,,,1841,0.0,2006~2026,최신 학년은 관측기간 부족으로 이탈률이 과대 추정될 수 있습니다.
학년잔존,쇼트트랙 기준,성별,남,1,,45,100.0,45,38,7,15.56,,,,45,0.0,2006~2026,표본이 100명 미만이라 해석 신뢰도가 낮습니다.
학년잔존,쇼트트랙 기준,성별,남,2,,194,96.52,156,147,47,24.23,,,,201,0.0,2006~2026,
학년잔존,쇼트트랙 기준,성별,남,3,,325,85.75,178,257,68,20.92,,,,379,0.0,2006~2026,
학년잔존,쇼트트랙 기준,성별,남,4,,449,79.61,185,354,95,21.16,,,,564,0.0,2006~2026,
학년잔존,쇼트트랙 기준,성별,남,5,,490,71.12,125,392,98,20.0,,,,689,0.0,2006~2026,
학년잔존,쇼트트랙 기준,성별,남,6,6→7,532,64.72,133,406,126,23.68,,,,822,0.0,2006~2026,
학년잔존,쇼트트랙 기준,성별,남,7,,482,53.85,73,368,114,23.65,,,,895,0.0,2006~2026,
학년잔존,쇼트트랙 기준,성별,남,8,,427,45.52,43,350,77,18.03,,,,938,0.0,2006~2026,
학년잔존,쇼트트랙 기준,성별,남,9,9→10,412,41.7,50,334,78,18.93,,,,988,0.0,2006~2026,
학년잔존,쇼트트랙 기준,성별,남,10,,369,36.25,30,289,80,21.68,,,,1018,0.0,2006~2026,
학년잔존,쇼트트랙 기준,성별,남,11,,321,30.87,22,257,64,19.94,,,,1040,0.0,2006~2026,
학년잔존,쇼트트랙 기준,성별,남,12,12→13,289,27.14,25,219,70,24.22,,,,1065,0.0,2006~2026,
학년잔존,쇼트트랙 기준,성별,남,13,,242,22.39,16,185,57,23.55,,,,1081,0.0,2006~2026,최신 학년은 관측기간 부족으로 이탈률이 과대 추정될 수 있습니다.
학년잔존,쇼트트랙 기준,성별,여,1,,29,100.0,29,28,1,3.45,,,,29,0.0,2006~2026,표본이 100명 미만이라 해석 신뢰도가 낮습니다.
학년잔존,쇼트트랙 기준,성별,여,2,,109,99.09,81,93,16,14.68,,,,110,0.0,2006~2026,
학년잔존,쇼트트랙 기준,성별,여,3,,208,92.44,115,164,44,21.15,,,,225,0.0,2006~2026,
학년잔존,쇼트트랙 기준,성별,여,4,,312,85.01,142,253,59,18.91,,,,367,0.0,2006~2026,
학년잔존,쇼트트랙 기준,성별,여,5,,370,77.89,108,298,72,19.46,,,,475,0.0,2006~2026,
학년잔존,쇼트트랙 기준,성별,여,6,6→7,423,71.21,119,321,102,24.11,,,,594,0.0,2006~2026,
학년잔존,쇼트트랙 기준,성별,여,7,,370,58.08,43,282,88,23.78,,,,637,0.0,2006~2026,
학년잔존,쇼트트랙 기준,성별,여,8,,325,48.22,37,248,77,23.69,,,,674,0.0,2006~2026,
학년잔존,쇼트트랙 기준,성별,여,9,9→10,281,39.97,29,224,57,20.28,,,,703,0.0,2006~2026,
학년잔존,쇼트트랙 기준,성별,여,10,,252,34.81,21,196,56,22.22,,,,724,0.0,2006~2026,
학년잔존,쇼트트랙 기준,성별,여,11,,221,29.86,16,168,53,23.98,,,,740,0.0,2006~2026,
학년잔존,쇼트트랙 기준,성별,여,12,12→13,189,25.0,16,131,58,30.69,,,,756,0.0,2006~2026,
학년잔존,쇼트트랙 기준,성별,여,13,,139,18.29,4,105,34,24.46,,,,760,0.0,2006~2026,최신 학년은 관측기간 부족으로 이탈률이 과대 추정될 수 있습니다.
학년잔존,쇼트트랙 기준,시작학년,1,1,,74,100.0,74,66,8,10.81,,,,74,0.0,2006~2025,표본이 100명 미만이라 해석 신뢰도가 낮습니다.
학년잔존,쇼트트랙 기준,시작학년,1,2,,66,89.19,0,48,18,27.27,,,,74,0.0,2006~2025,표본이 100명 미만이라 해석 신뢰도가 낮습니다.
학년잔존,쇼트트랙 기준,시작학년,1,3,,48,64.86,0,42,6,12.5,,,,74,0.0,2006~2025,표본이 100명 미만이라 해석 신뢰도가 낮습니다.
학년잔존,쇼트트랙 기준,시작학년,1,4,,45,60.81,0,37,8,17.78,,,,74,0.0,2006~2025,표본이 100명 미만이라 해석 신뢰도가 낮습니다.
학년잔존,쇼트트랙 기준,시작학년,1,5,,40,54.05,0,35,5,12.5,,,,74,0.0,2006~2025,표본이 100명 미만이라 해석 신뢰도가 낮습니다.
학년잔존,쇼트트랙 기준,시작학년,1,6,6→7,35,47.3,0,31,4,11.43,,,,74,0.0,2006~2025,표본이 100명 미만이라 해석 신뢰도가 낮습니다.
학년잔존,쇼트트랙 기준,시작학년,1,7,,31,41.89,0,20,11,35.48,,,,74,0.0,2006~2025,표본이 100명 미만이라 해석 신뢰도가 낮습니다.
학년잔존,쇼트트랙 기준,시작학년,1,8,,20,27.03,0,16,4,20.0,,,,74,0.0,2006~2025,표본이 100명 미만이라 해석 신뢰도가 낮습니다.
학년잔존,쇼트트랙 기준,시작학년,1,9,9→10,17,22.97,0,17,0,0.0,,,,74,0.0,2006~2025,표본이 100명 미만이라 해석 신뢰도가 낮습니다.
학년잔존,쇼트트랙 기준,시작학년,1,10,,17,22.97,0,16,1,5.88,,,,74,0.0,2006~2025,표본이 100명 미만이라 해석 신뢰도가 낮습니다.
학년잔존,쇼트트랙 기준,시작학년,1,11,,16,21.62,0,13,3,18.75,,,,74,0.0,2006~2025,표본이 100명 미만이라 해석 신뢰도가 낮습니다.
학년잔존,쇼트트랙 기준,시작학년,1,12,12→13,14,18.92,0,8,6,42.86,,,,74,0.0,2006~2025,표본이 100명 미만이라 해석 신뢰도가 낮습니다.
학년잔존,쇼트트랙 기준,시작학년,1,13,,8,10.81,0,7,1,12.5,,,,74,0.0,2006~2025,표본이 100명 미만이라 해석 신뢰도가 낮습니다. 최신 학년은 관측기간 부족으로 이탈률이 과대 추정될 수 있습니다.
학년잔존,쇼트트랙 기준,시작학년,10,10,,51,100.0,51,43,8,15.69,,,,51,0.0,2006~2024,표본이 100명 미만이라 해석 신뢰도가 낮습니다.
학년잔존,쇼트트랙 기준,시작학년,10,11,,43,84.31,0,31,12,27.91,,,,51,0.0,2006~2024,표본이 100명 미만이라 해석 신뢰도가 낮습니다.
학년잔존,쇼트트랙 기준,시작학년,10,12,12→13,32,62.75,0,23,9,28.12,,,,51,0.0,2006~2024,표본이 100명 미만이라 해석 신뢰도가 낮습니다.
학년잔존,쇼트트랙 기준,시작학년,10,13,,24,47.06,0,17,7,29.17,,,,51,0.0,2006~2024,표본이 100명 미만이라 해석 신뢰도가 낮습니다. 최신 학년은 관측기간 부족으로 이탈률이 과대 추정될 수 있습니다.
학년잔존,쇼트트랙 기준,시작학년,11,11,,38,100.0,38,31,7,18.42,,,,38,0.0,2006~2024,표본이 100명 미만이라 해석 신뢰도가 낮습니다.
학년잔존,쇼트트랙 기준,시작학년,11,12,12→13,31,81.58,0,19,12,38.71,,,,38,0.0,2006~2024,표본이 100명 미만이라 해석 신뢰도가 낮습니다.
학년잔존,쇼트트랙 기준,시작학년,11,13,,19,50.0,0,15,4,21.05,,,,38,0.0,2006~2024,표본이 100명 미만이라 해석 신뢰도가 낮습니다. 최신 학년은 관측기간 부족으로 이탈률이 과대 추정될 수 있습니다.
학년잔존,쇼트트랙 기준,시작학년,12,12,12→13,41,100.0,41,32,9,21.95,,,,41,0.0,2006~2025,표본이 100명 미만이라 해석 신뢰도가 낮습니다.
학년잔존,쇼트트랙 기준,시작학년,12,13,,32,78.05,0,19,13,40.62,,,,41,0.0,2006~2025,표본이 100명 미만이라 해석 신뢰도가 낮습니다. 최신 학년은 관측기간 부족으로 이탈률이 과대 추정될 수 있습니다.
학년잔존,쇼트트랙 기준,시작학년,13,13,,20,100.0,20,20,0,0.0,,,,20,0.0,2006~2019,표본이 100명 미만이라 해석 신뢰도가 낮습니다. 최신 학년은 관측기간 부족으로 이탈률이 과대 추정될 수 있습니다.
학년잔존,쇼트트랙 기준,시작학년,2,2,,237,100.0,237,192,45,18.99,,,,237,0.0,2006~2026,
학년잔존,쇼트트랙 기준,시작학년,2,3,,192,81.01,0,137,55,28.65,,,,237,0.0,2006~2026,
학년잔존,쇼트트랙 기준,시작학년,2,4,,147,62.03,0,116,31,21.09,,,,237,0.0,2006~2026,
학년잔존,쇼트트랙 기준,시작학년,2,5,,122,51.48,0,95,27,22.13,,,,237,0.0,2006~2026,
학년잔존,쇼트트랙 기준,시작학년,2,6,6→7,97,40.93,0,78,19,19.59,,,,237,0.0,2006~2026,
학년잔존,쇼트트랙 기준,시작학년,2,7,,79,33.33,0,60,19,24.05,,,,237,0.0,2006~2026,
학년잔존,쇼트트랙 기준,시작학년,2,8,,61,25.74,0,53,8,13.11,,,,237,0.0,2006~2026,
학년잔존,쇼트트랙 기준,시작학년,2,9,9→10,57,24.05,0,43,14,24.56,,,,237,0.0,2006~2026,
학년잔존,쇼트트랙 기준,시작학년,2,10,,44,18.57,0,38,6,13.64,,,,237,0.0,2006~2026,
학년잔존,쇼트트랙 기준,시작학년,2,11,,38,16.03,0,33,5,13.16,,,,237,0.0,2006~2026,
학년잔존,쇼트트랙 기준,시작학년,2,12,12→13,34,14.35,0,29,5,14.71,,,,237,0.0,2006~2026,
학년잔존,쇼트트랙 기준,시작학년,2,13,,30,12.66,0,24,6,20.0,,,,237,0.0,2006~2026,최신 학년은 관측기간 부족으로 이탈률이 과대 추정될 수 있습니다.
학년잔존,쇼트트랙 기준,시작학년,3,3,,293,100.0,293,242,51,17.41,,,,293,0.0,2006~2026,
학년잔존,쇼트트랙 기준,시작학년,3,4,,242,82.59,0,176,66,27.27,,,,293,0.0,2006~2026,
학년잔존,쇼트트랙 기준,시작학년,3,5,,187,63.82,0,146,41,21.93,,,,293,0.0,2006~2026,
학년잔존,쇼트트랙 기준,시작학년,3,6,6→7,150,51.19,0,111,39,26.0,,,,293,0.0,2006~2026,
학년잔존,쇼트트랙 기준,시작학년,3,7,,113,38.57,0,97,16,14.16,,,,293,0.0,2006~2026,
학년잔존,쇼트트랙 기준,시작학년,3,8,,105,35.84,0,88,17,16.19,,,,293,0.0,2006~2026,
학년잔존,쇼트트랙 기준,시작학년,3,9,9→10,90,30.72,0,75,15,16.67,,,,293,0.0,2006~2026,
학년잔존,쇼트트랙 기준,시작학년,3,10,,77,26.28,0,65,12,15.58,,,,293,0.0,2006~2026,
학년잔존,쇼트트랙 기준,시작학년,3,11,,70,23.89,0,59,11,15.71,,,,293,0.0,2006~2026,
학년잔존,쇼트트랙 기준,시작학년,3,12,12→13,60,20.48,0,43,17,28.33,,,,293,0.0,2006~2026,
학년잔존,쇼트트랙 기준,시작학년,3,13,,43,14.68,0,35,8,18.6,,,,293,0.0,2006~2026,최신 학년은 관측기간 부족으로 이탈률이 과대 추정될 수 있습니다.
학년잔존,쇼트트랙 기준,시작학년,4,4,,327,100.0,327,278,49,14.98,,,,327,0.0,2006~2026,
학년잔존,쇼트트랙 기준,시작학년,4,5,,278,85.02,0,212,66,23.74,,,,327,0.0,2006~2026,
학년잔존,쇼트트랙 기준,시작학년,4,6,6→7,219,66.97,0,167,52,23.74,,,,327,0.0,2006~2026,
학년잔존,쇼트트랙 기준,시작학년,4,7,,171,52.29,0,130,41,23.98,,,,327,0.0,2006~2026,
학년잔존,쇼트트랙 기준,시작학년,4,8,,132,40.37,0,112,20,15.15,,,,327,0.0,2006~2026,
학년잔존,쇼트트랙 기준,시작학년,4,9,9→10,116,35.47,0,101,15,12.93,,,,327,0.0,2006~2026,
학년잔존,쇼트트랙 기준,시작학년,4,10,,103,31.5,0,81,22,21.36,,,,327,0.0,2006~2026,
학년잔존,쇼트트랙 기준,시작학년,4,11,,83,25.38,0,71,12,14.46,,,,327,0.0,2006~2026,
학년잔존,쇼트트랙 기준,시작학년,4,12,12→13,74,22.63,0,52,22,29.73,,,,327,0.0,2006~2026,
학년잔존,쇼트트랙 기준,시작학년,4,13,,54,16.51,0,43,11,20.37,,,,327,0.0,2006~2026,최신 학년은 관측기간 부족으로 이탈률이 과대 추정될 수 있습니다.
학년잔존,쇼트트랙 기준,시작학년,5,5,,233,100.0,233,202,31,13.3,,,,233,0.0,2006~2026,
학년잔존,쇼트트랙 기준,시작학년,5,6,6→7,202,86.7,0,137,65,32.18,,,,233,0.0,2006~2026,
학년잔존,쇼트트랙 기준,시작학년,5,7,,139,59.66,0,99,40,28.78,,,,233,0.0,2006~2026,
학년잔존,쇼트트랙 기준,시작학년,5,8,,106,45.49,0,79,27,25.47,,,,233,0.0,2006~2026,
학년잔존,쇼트트랙 기준,시작학년,5,9,9→10,82,35.19,0,69,13,15.85,,,,233,0.0,2006~2026,
학년잔존,쇼트트랙 기준,시작학년,5,10,,72,30.9,0,62,10,13.89,,,,233,0.0,2006~2026,
학년잔존,쇼트트랙 기준,시작학년,5,11,,66,28.33,0,56,10,15.15,,,,233,0.0,2006~2026,
학년잔존,쇼트트랙 기준,시작학년,5,12,12→13,56,24.03,0,47,9,16.07,,,,233,0.0,2006~2026,
학년잔존,쇼트트랙 기준,시작학년,5,13,,48,20.6,0,36,12,25.0,,,,233,0.0,2006~2026,최신 학년은 관측기간 부족으로 이탈률이 과대 추정될 수 있습니다.
학년잔존,쇼트트랙 기준,시작학년,6,6,6→7,252,100.0,252,203,49,19.44,,,,252,0.0,2006~2026,
학년잔존,쇼트트랙 기준,시작학년,6,7,,203,80.56,0,139,64,31.53,,,,252,0.0,2006~2026,
학년잔존,쇼트트랙 기준,시작학년,6,8,,143,56.75,0,99,44,30.77,,,,252,0.0,2006~2026,
학년잔존,쇼트트랙 기준,시작학년,6,9,9→10,100,39.68,0,75,25,25.0,,,,252,0.0,2006~2026,
학년잔존,쇼트트랙 기준,시작학년,6,10,,77,30.56,0,59,18,23.38,,,,252,0.0,2006~2026,
학년잔존,쇼트트랙 기준,시작학년,6,11,,64,25.4,0,44,20,31.25,,,,252,0.0,2006~2026,
학년잔존,쇼트트랙 기준,시작학년,6,12,12→13,44,17.46,0,31,13,29.55,,,,252,0.0,2006~2026,
학년잔존,쇼트트랙 기준,시작학년,6,13,,31,12.3,0,23,8,25.81,,,,252,0.0,2006~2026,최신 학년은 관측기간 부족으로 이탈률이 과대 추정될 수 있습니다.
학년잔존,쇼트트랙 기준,시작학년,7,7,,116,100.0,116,105,11,9.48,,,,116,0.0,2006~2025,
학년잔존,쇼트트랙 기준,시작학년,7,8,,105,90.52,0,81,24,22.86,,,,116,0.0,2006~2025,
학년잔존,쇼트트랙 기준,시작학년,7,9,9→10,82,70.69,0,66,16,19.51,,,,116,0.0,2006~2025,
학년잔존,쇼트트랙 기준,시작학년,7,10,,68,58.62,0,45,23,33.82,,,,116,0.0,2006~2025,
학년잔존,쇼트트랙 기준,시작학년,7,11,,46,39.66,0,32,14,30.43,,,,116,0.0,2006~2025,
학년잔존,쇼트트랙 기준,시작학년,7,12,12→13,34,29.31,0,27,7,20.59,,,,116,0.0,2006~2025,
학년잔존,쇼트트랙 기준,시작학년,7,13,,29,25.0,0,24,5,17.24,,,,116,0.0,2006~2025,최신 학년은 관측기간 부족으로 이탈률이 과대 추정될 수 있습니다.
학년잔존,쇼트트랙 기준,시작학년,8,8,,80,100.0,80,70,10,12.5,,,,80,0.0,2006~2025,표본이 100명 미만이라 해석 신뢰도가 낮습니다.
학년잔존,쇼트트랙 기준,시작학년,8,9,9→10,70,87.5,0,43,27,38.57,,,,80,0.0,2006~2025,표본이 100명 미만이라 해석 신뢰도가 낮습니다.
학년잔존,쇼트트랙 기준,시작학년,8,10,,43,53.75,0,34,9,20.93,,,,80,0.0,2006~2025,표본이 100명 미만이라 해석 신뢰도가 낮습니다.
학년잔존,쇼트트랙 기준,시작학년,8,11,,35,43.75,0,23,12,34.29,,,,80,0.0,2006~2025,표본이 100명 미만이라 해석 신뢰도가 낮습니다.
학년잔존,쇼트트랙 기준,시작학년,8,12,12→13,24,30.0,0,19,5,20.83,,,,80,0.0,2006~2025,표본이 100명 미만이라 해석 신뢰도가 낮습니다.
학년잔존,쇼트트랙 기준,시작학년,8,13,,21,26.25,0,13,8,38.1,,,,80,0.0,2006~2025,표본이 100명 미만이라 해석 신뢰도가 낮습니다. 최신 학년은 관측기간 부족으로 이탈률이 과대 추정될 수 있습니다.
학년잔존,쇼트트랙 기준,시작학년,9,9,9→10,79,100.0,79,69,10,12.66,,,,79,0.0,2006~2025,표본이 100명 미만이라 해석 신뢰도가 낮습니다.
학년잔존,쇼트트랙 기준,시작학년,9,10,,69,87.34,0,42,27,39.13,,,,79,0.0,2006~2025,표본이 100명 미만이라 해석 신뢰도가 낮습니다.
학년잔존,쇼트트랙 기준,시작학년,9,11,,43,54.43,0,32,11,25.58,,,,79,0.0,2006~2025,표본이 100명 미만이라 해석 신뢰도가 낮습니다.
학년잔존,쇼트트랙 기준,시작학년,9,12,12→13,34,43.04,0,20,14,41.18,,,,79,0.0,2006~2025,표본이 100명 미만이라 해석 신뢰도가 낮습니다.
학년잔존,쇼트트랙 기준,시작학년,9,13,,22,27.85,0,14,8,36.36,,,,79,0.0,2006~2025,표본이 100명 미만이라 해석 신뢰도가 낮습니다. 최신 학년은 관측기간 부족으로 이탈률이 과대 추정될 수 있습니다.
학년잔존,쇼트트랙 기준,시작시즌대,2006~2009,1,,9,100.0,9,9,0,0.0,,,,9,0.0,2006~2009,표본이 100명 미만이라 해석 신뢰도가 낮습니다.
학년잔존,쇼트트랙 기준,시작시즌대,2006~2009,2,,52,100.0,43,38,14,26.92,,,,52,0.0,2006~2009,표본이 100명 미만이라 해석 신뢰도가 낮습니다.
학년잔존,쇼트트랙 기준,시작시즌대,2006~2009,3,,111,88.8,73,85,26,23.42,,,,125,0.0,2006~2009,
학년잔존,쇼트트랙 기준,시작시즌대,2006~2009,4,,145,79.23,58,108,37,25.52,,,,183,0.0,2006~2009,
학년잔존,쇼트트랙 기준,시작시즌대,2006~2009,5,,162,70.13,48,130,32,19.75,,,,231,0.0,2006~2009,
학년잔존,쇼트트랙 기준,시작시즌대,2006~2009,6,6→7,175,64.34,41,131,44,25.14,,,,272,0.0,2006~2009,
학년잔존,쇼트트랙 기준,시작시즌대,2006~2009,7,,170,55.19,36,151,19,11.18,,,,308,0.0,2006~2009,
학년잔존,쇼트트랙 기준,시작시즌대,2006~2009,8,,192,56.97,29,158,34,17.71,,,,337,0.0,2006~2009,
학년잔존,쇼트트랙 기준,시작시즌대,2006~2009,9,9→10,192,52.89,26,169,23,11.98,,,,363,0.0,2006~2009,
학년잔존,쇼트트랙 기준,시작시즌대,2006~2009,10,,200,51.41,26,169,31,15.5,,,,389,0.0,2006~2009,
학년잔존,쇼트트랙 기준,시작시즌대,2006~2009,11,,203,49.51,21,175,28,13.79,,,,410,0.0,2006~2009,
학년잔존,쇼트트랙 기준,시작시즌대,2006~2009,12,12→13,208,47.93,24,179,29,13.94,,,,434,0.0,2006~2009,
학년잔존,쇼트트랙 기준,시작시즌대,2006~2009,13,,201,44.97,13,166,35,17.41,,,,447,0.0,2006~2009,최신 학년은 관측기간 부족으로 이탈률이 과대 추정될 수 있습니다.
학년잔존,쇼트트랙 기준,시작시즌대,2010~2013,1,,14,100.0,14,13,1,7.14,,,,14,0.0,2010~2013,표본이 100명 미만이라 해석 신뢰도가 낮습니다.
학년잔존,쇼트트랙 기준,시작시즌대,2010~2013,2,,57,98.28,44,50,7,12.28,,,,58,0.0,2010~2013,표본이 100명 미만이라 해석 신뢰도가 낮습니다.
학년잔존,쇼트트랙 기준,시작시즌대,2010~2013,3,,118,93.65,68,92,26,22.03,,,,126,0.0,2010~2013,
학년잔존,쇼트트랙 기준,시작시즌대,2010~2013,4,,152,82.61,58,130,22,14.47,,,,184,0.0,2010~2013,
학년잔존,쇼트트랙 기준,시작시즌대,2010~2013,5,,182,79.13,46,152,30,16.48,,,,230,0.0,2010~2013,
학년잔존,쇼트트랙 기준,시작시즌대,2010~2013,6,6→7,199,72.89,43,153,46,23.12,,,,273,0.0,2010~2013,
학년잔존,쇼트트랙 기준,시작시즌대,2010~2013,7,,179,60.68,22,142,37,20.67,,,,295,0.0,2010~2013,
학년잔존,쇼트트랙 기준,시작시즌대,2010~2013,8,,161,51.94,15,130,31,19.25,,,,310,0.0,2010~2013,
학년잔존,쇼트트랙 기준,시작시즌대,2010~2013,9,9→10,152,46.2,19,134,18,11.84,,,,329,0.0,2010~2013,
학년잔존,쇼트트랙 기준,시작시즌대,2010~2013,10,,147,43.49,9,125,22,14.97,,,,338,0.0,2010~2013,
학년잔존,쇼트트랙 기준,시작시즌대,2010~2013,11,,135,39.02,8,111,24,17.78,,,,346,0.0,2010~2013,
학년잔존,쇼트트랙 기준,시작시즌대,2010~2013,12,12→13,121,34.18,8,86,35,28.93,,,,354,0.0,2010~2013,
학년잔존,쇼트트랙 기준,시작시즌대,2010~2013,13,,89,25.0,2,76,13,14.61,,,,356,0.0,2010~2013,최신 학년은 관측기간 부족으로 이탈률이 과대 추정될 수 있습니다.
학년잔존,쇼트트랙 기준,시작시즌대,2014~2017,1,,23,100.0,23,20,3,13.04,,,,23,0.0,2014~2017,표본이 100명 미만이라 해석 신뢰도가 낮습니다.
학년잔존,쇼트트랙 기준,시작시즌대,2014~2017,2,,65,95.59,45,54,11,16.92,,,,68,0.0,2014~2017,표본이 100명 미만이라 해석 신뢰도가 낮습니다.
학년잔존,쇼트트랙 기준,시작시즌대,2014~2017,3,,106,88.33,52,92,14,13.21,,,,120,0.0,2014~2017,
학년잔존,쇼트트랙 기준,시작시즌대,2014~2017,4,,174,88.32,77,155,19,10.92,,,,197,0.0,2014~2017,
학년잔존,쇼트트랙 기준,시작시즌대,2014~2017,5,,202,83.82,44,181,21,10.4,,,,241,0.0,2014~2017,
학년잔존,쇼트트랙 기준,시작시즌대,2014~2017,6,6→7,236,80.0,54,188,48,20.34,,,,295,0.0,2014~2017,
학년잔존,쇼트트랙 기준,시작시즌대,2014~2017,7,,212,66.46,24,156,56,26.42,,,,319,0.0,2014~2017,
학년잔존,쇼트트랙 기준,시작시즌대,2014~2017,8,,174,52.25,14,151,23,13.22,,,,333,0.0,2014~2017,
학년잔존,쇼트트랙 기준,시작시즌대,2014~2017,9,9→10,167,48.27,13,129,38,22.75,,,,346,0.0,2014~2017,
학년잔존,쇼트트랙 기준,시작시즌대,2014~2017,10,,134,38.29,4,107,27,20.15,,,,350,0.0,2014~2017,
학년잔존,쇼트트랙 기준,시작시즌대,2014~2017,11,,116,32.58,6,89,27,23.28,,,,356,0.0,2014~2017,
학년잔존,쇼트트랙 기준,시작시즌대,2014~2017,12,12→13,95,26.32,5,61,34,35.79,,,,361,0.0,2014~2017,
학년잔존,쇼트트랙 기준,시작시즌대,2014~2017,13,,66,18.08,4,41,25,37.88,,,,365,0.0,2014~2017,최신 학년은 관측기간 부족으로 이탈률이 과대 추정될 수 있습니다.
학년잔존,쇼트트랙 기준,시작시즌대,2018~2021,1,,16,100.0,16,14,2,12.5,,,,16,0.0,2018~2021,표본이 100명 미만이라 해석 신뢰도가 낮습니다.
학년잔존,쇼트트랙 기준,시작시즌대,2018~2021,2,,67,97.1,53,55,12,17.91,,,,69,0.0,2018~2021,표본이 100명 미만이라 해석 신뢰도가 낮습니다.
학년잔존,쇼트트랙 기준,시작시즌대,2018~2021,3,,108,88.52,53,88,20,18.52,,,,122,0.0,2018~2021,
학년잔존,쇼트트랙 기준,시작시즌대,2018~2021,4,,165,83.76,75,137,28,16.97,,,,197,0.0,2018~2021,
학년잔존,쇼트트랙 기준,시작시즌대,2018~2021,5,,197,77.56,57,159,38,19.29,,,,254,0.0,2018~2021,
학년잔존,쇼트트랙 기준,시작시즌대,2018~2021,6,6→7,217,70.45,54,187,30,13.82,,,,308,0.0,2018~2021,
학년잔존,쇼트트랙 기준,시작시즌대,2018~2021,7,,204,63.16,15,156,48,23.53,,,,323,0.0,2018~2021,
학년잔존,쇼트트랙 기준,시작시즌대,2018~2021,8,,171,50.89,13,136,35,20.47,,,,336,0.0,2018~2021,
학년잔존,쇼트트랙 기준,시작시즌대,2018~2021,9,9→10,146,42.44,8,104,42,28.77,,,,344,0.0,2018~2021,
학년잔존,쇼트트랙 기준,시작시즌대,2018~2021,10,,109,31.41,3,71,38,34.86,,,,347,0.0,2018~2021,
학년잔존,쇼트트랙 기준,시작시즌대,2018~2021,11,,73,20.98,1,42,31,42.47,,,,348,0.0,2018~2021,
학년잔존,쇼트트랙 기준,시작시즌대,2018~2021,12,12→13,44,12.57,2,20,24,54.55,,,,350,0.0,2018~2021,
학년잔존,쇼트트랙 기준,시작시즌대,2018~2021,13,,21,5.98,1,7,14,66.67,,,,351,0.0,2018~2021,최신 학년은 관측기간 부족으로 이탈률이 과대 추정될 수 있습니다.
학년잔존,쇼트트랙 기준,시작시즌대,2022~2025,1,,12,100.0,12,10,2,16.67,,,,12,0.0,2022~2025,표본이 100명 미만이라 해석 신뢰도가 낮습니다.
학년잔존,쇼트트랙 기준,시작시즌대,2022~2025,2,,59,96.72,49,43,16,27.12,,,,61,0.0,2022~2025,표본이 100명 미만이라 해석 신뢰도가 낮습니다.
학년잔존,쇼트트랙 기준,시작시즌대,2022~2025,3,,85,82.52,42,64,21,24.71,,,,103,0.0,2022~2025,
학년잔존,쇼트트랙 기준,시작시즌대,2022~2025,4,,120,76.43,54,77,43,35.83,,,,157,0.0,2022~2025,
학년잔존,쇼트트랙 기준,시작시즌대,2022~2025,5,,113,59.16,34,68,45,39.82,,,,191,0.0,2022~2025,
학년잔존,쇼트트랙 기준,시작시즌대,2022~2025,6,6→7,122,49.8,54,68,54,44.26,,,,245,0.0,2022~2025,
학년잔존,쇼트트랙 기준,시작시즌대,2022~2025,7,,87,32.95,19,45,42,48.28,,,,264,0.0,2022~2025,
학년잔존,쇼트트랙 기준,시작시즌대,2022~2025,8,,54,19.78,9,23,31,57.41,,,,273,0.0,2022~2025,
학년잔존,쇼트트랙 기준,시작시즌대,2022~2025,9,9→10,36,12.59,13,22,14,38.89,,,,286,0.0,2022~2025,
학년잔존,쇼트트랙 기준,시작시즌대,2022~2025,10,,31,10.51,9,13,18,58.06,,,,295,0.0,2022~2025,
학년잔존,쇼트트랙 기준,시작시즌대,2022~2025,11,,15,5.05,2,8,7,46.67,,,,297,0.0,2022~2025,
학년잔존,쇼트트랙 기준,시작시즌대,2022~2025,12,12→13,10,3.34,2,4,6,60.0,,,,299,0.0,2022~2025,
학년잔존,쇼트트랙 기준,시작시즌대,2022~2025,13,,4,1.34,0,0,4,100.0,,,,299,0.0,2022~2025,최신 학년은 관측기간 부족으로 이탈률이 과대 추정될 수 있습니다.
학년잔존,쇼트트랙 기준,시작시즌대,2026~2029,2,,3,100.0,3,0,3,100.0,,,,3,0.0,2026,표본이 100명 미만이라 해석 신뢰도가 낮습니다.
학년잔존,쇼트트랙 기준,시작시즌대,2026~2029,3,,5,62.5,5,0,5,100.0,,,,8,0.0,2026,표본이 100명 미만이라 해석 신뢰도가 낮습니다.
학년잔존,쇼트트랙 기준,시작시즌대,2026~2029,4,,5,38.46,5,0,5,100.0,,,,13,0.0,2026,표본이 100명 미만이라 해석 신뢰도가 낮습니다.
학년잔존,쇼트트랙 기준,시작시즌대,2026~2029,5,,4,23.53,4,0,4,100.0,,,,17,0.0,2026,표본이 100명 미만이라 해석 신뢰도가 낮습니다.
학년잔존,쇼트트랙 기준,시작시즌대,2026~2029,6,6→7,6,26.09,6,0,6,100.0,,,,23,0.0,2026,표본이 100명 미만이라 해석 신뢰도가 낮습니다. 최신 학년은 관측기간 부족으로 이탈률이 과대 추정될 수 있습니다.
학년잔존,빙상 전체 기준,전체,전체,1,,78,100.0,78,71,7,8.97,,,,78,0.0,2006~2026,표본이 100명 미만이라 해석 신뢰도가 낮습니다.
학년잔존,빙상 전체 기준,전체,전체,2,,310,97.79,239,250,60,19.35,,,,317,0.0,2006~2026,
학년잔존,빙상 전체 기준,전체,전체,3,,547,89.09,297,435,112,20.48,,,,614,0.0,2006~2026,
학년잔존,빙상 전체 기준,전체,전체,4,,770,82.0,325,617,153,19.87,,,,939,0.0,2006~2026,
학년잔존,빙상 전체 기준,전체,전체,5,,869,74.08,234,710,159,18.3,,,,1173,0.0,2006~2026,
학년잔존,빙상 전체 기준,전체,전체,6,6→7,972,68.55,245,761,211,21.71,,,,1418,0.0,2006~2026,
학년잔존,빙상 전체 기준,전체,전체,7,,883,57.56,116,685,198,22.42,,,,1534,0.0,2006~2026,
학년잔존,빙상 전체 기준,전체,전체,8,,783,48.54,79,636,147,18.77,,,,1613,0.0,2006~2026,
학년잔존,빙상 전체 기준,전체,전체,9,9→10,732,43.21,81,601,131,17.9,,,,1694,0.0,2006~2026,
학년잔존,빙상 전체 기준,전체,전체,10,,661,37.9,50,530,131,19.82,,,,1744,0.0,2006~2026,
학년잔존,빙상 전체 기준,전체,전체,11,,585,32.83,38,476,109,18.63,,,,1782,0.0,2006~2026,
학년잔존,빙상 전체 기준,전체,전체,12,12→13,528,28.96,41,398,130,24.62,,,,1823,0.0,2006~2026,
학년잔존,빙상 전체 기준,전체,전체,13,,428,23.22,20,329,99,23.13,,,,1843,0.0,2006~2026,최신 학년은 관측기간 부족으로 이탈률이 과대 추정될 수 있습니다.
학년잔존,빙상 전체 기준,성별,남,1,,49,100.0,49,43,6,12.24,,,,49,0.0,2006~2026,표본이 100명 미만이라 해석 신뢰도가 낮습니다.
학년잔존,빙상 전체 기준,성별,남,2,,200,97.09,157,154,46,23.0,,,,206,0.0,2006~2026,
학년잔존,빙상 전체 기준,성별,남,3,,333,86.49,179,265,68,20.42,,,,385,0.0,2006~2026,
학년잔존,빙상 전체 기준,성별,남,4,,455,79.96,184,360,95,20.88,,,,569,0.0,2006~2026,
학년잔존,빙상 전체 기준,성별,남,5,,494,71.18,125,399,95,19.23,,,,694,0.0,2006~2026,
학년잔존,빙상 전체 기준,성별,남,6,6→7,539,65.41,130,421,118,21.89,,,,824,0.0,2006~2026,
학년잔존,빙상 전체 기준,성별,남,7,,495,55.25,72,381,114,23.03,,,,896,0.0,2006~2026,
학년잔존,빙상 전체 기준,성별,남,8,,438,46.65,43,369,69,15.75,,,,939,0.0,2006~2026,
학년잔존,빙상 전체 기준,성별,남,9,9→10,431,43.54,51,354,77,17.87,,,,990,0.0,2006~2026,
학년잔존,빙상 전체 기준,성별,남,10,,386,37.88,29,319,67,17.36,,,,1019,0.0,2006~2026,
학년잔존,빙상 전체 기준,성별,남,11,,352,33.81,22,293,59,16.76,,,,1041,0.0,2006~2026,
학년잔존,빙상 전체 기준,성별,남,12,12→13,325,30.49,25,252,73,22.46,,,,1066,0.0,2006~2026,
학년잔존,빙상 전체 기준,성별,남,13,,274,25.32,16,208,66,24.09,,,,1082,0.0,2006~2026,최신 학년은 관측기간 부족으로 이탈률이 과대 추정될 수 있습니다.
학년잔존,빙상 전체 기준,성별,여,1,,29,100.0,29,28,1,3.45,,,,29,0.0,2006~2026,표본이 100명 미만이라 해석 신뢰도가 낮습니다.
학년잔존,빙상 전체 기준,성별,여,2,,110,99.1,82,96,14,12.73,,,,111,0.0,2006~2026,
학년잔존,빙상 전체 기준,성별,여,3,,214,93.45,118,170,44,20.56,,,,229,0.0,2006~2026,
학년잔존,빙상 전체 기준,성별,여,4,,315,85.14,141,257,58,18.41,,,,370,0.0,2006~2026,
학년잔존,빙상 전체 기준,성별,여,5,,375,78.29,109,311,64,17.07,,,,479,0.0,2006~2026,
학년잔존,빙상 전체 기준,성별,여,6,6→7,433,72.9,115,340,93,21.48,,,,594,0.0,2006~2026,
학년잔존,빙상 전체 기준,성별,여,7,,388,60.82,44,304,84,21.65,,,,638,0.0,2006~2026,
학년잔존,빙상 전체 기준,성별,여,8,,345,51.19,36,267,78,22.61,,,,674,0.0,2006~2026,
학년잔존,빙상 전체 기준,성별,여,9,9→10,301,42.76,30,247,54,17.94,,,,704,0.0,2006~2026,
학년잔존,빙상 전체 기준,성별,여,10,,275,37.93,21,211,64,23.27,,,,725,0.0,2006~2026,
학년잔존,빙상 전체 기준,성별,여,11,,233,31.44,16,183,50,21.46,,,,741,0.0,2006~2026,
학년잔존,빙상 전체 기준,성별,여,12,12→13,203,26.82,16,146,57,28.08,,,,757,0.0,2006~2026,
학년잔존,빙상 전체 기준,성별,여,13,,154,20.24,4,121,33,21.43,,,,761,0.0,2006~2026,최신 학년은 관측기간 부족으로 이탈률이 과대 추정될 수 있습니다.
학년잔존,빙상 전체 기준,시작학년,1,1,,78,100.0,78,71,7,8.97,,,,78,0.0,2006~2025,표본이 100명 미만이라 해석 신뢰도가 낮습니다.
학년잔존,빙상 전체 기준,시작학년,1,2,,71,91.03,0,53,18,25.35,,,,78,0.0,2006~2025,표본이 100명 미만이라 해석 신뢰도가 낮습니다.
학년잔존,빙상 전체 기준,시작학년,1,3,,53,67.95,0,47,6,11.32,,,,78,0.0,2006~2025,표본이 100명 미만이라 해석 신뢰도가 낮습니다.
학년잔존,빙상 전체 기준,시작학년,1,4,,48,61.54,0,40,8,16.67,,,,78,0.0,2006~2025,표본이 100명 미만이라 해석 신뢰도가 낮습니다.
학년잔존,빙상 전체 기준,시작학년,1,5,,41,52.56,0,35,6,14.63,,,,78,0.0,2006~2025,표본이 100명 미만이라 해석 신뢰도가 낮습니다.
학년잔존,빙상 전체 기준,시작학년,1,6,6→7,35,44.87,0,31,4,11.43,,,,78,0.0,2006~2025,표본이 100명 미만이라 해석 신뢰도가 낮습니다.
학년잔존,빙상 전체 기준,시작학년,1,7,,31,39.74,0,21,10,32.26,,,,78,0.0,2006~2025,표본이 100명 미만이라 해석 신뢰도가 낮습니다.
학년잔존,빙상 전체 기준,시작학년,1,8,,22,28.21,0,18,4,18.18,,,,78,0.0,2006~2025,표본이 100명 미만이라 해석 신뢰도가 낮습니다.
학년잔존,빙상 전체 기준,시작학년,1,9,9→10,19,24.36,0,19,0,0.0,,,,78,0.0,2006~2025,표본이 100명 미만이라 해석 신뢰도가 낮습니다.
학년잔존,빙상 전체 기준,시작학년,1,10,,19,24.36,0,17,2,10.53,,,,78,0.0,2006~2025,표본이 100명 미만이라 해석 신뢰도가 낮습니다.
학년잔존,빙상 전체 기준,시작학년,1,11,,17,21.79,0,14,3,17.65,,,,78,0.0,2006~2025,표본이 100명 미만이라 해석 신뢰도가 낮습니다.
학년잔존,빙상 전체 기준,시작학년,1,12,12→13,15,19.23,0,9,6,40.0,,,,78,0.0,2006~2025,표본이 100명 미만이라 해석 신뢰도가 낮습니다.
학년잔존,빙상 전체 기준,시작학년,1,13,,9,11.54,0,8,1,11.11,,,,78,0.0,2006~2025,표본이 100명 미만이라 해석 신뢰도가 낮습니다. 최신 학년은 관측기간 부족으로 이탈률이 과대 추정될 수 있습니다.
학년잔존,빙상 전체 기준,시작학년,10,10,,50,100.0,50,44,6,12.0,,,,50,0.0,2006~2024,표본이 100명 미만이라 해석 신뢰도가 낮습니다.
학년잔존,빙상 전체 기준,시작학년,10,11,,44,88.0,0,33,11,25.0,,,,50,0.0,2006~2024,표본이 100명 미만이라 해석 신뢰도가 낮습니다.
학년잔존,빙상 전체 기준,시작학년,10,12,12→13,34,68.0,0,24,10,29.41,,,,50,0.0,2006~2024,표본이 100명 미만이라 해석 신뢰도가 낮습니다.
학년잔존,빙상 전체 기준,시작학년,10,13,,25,50.0,0,18,7,28.0,,,,50,0.0,2006~2024,표본이 100명 미만이라 해석 신뢰도가 낮습니다. 최신 학년은 관측기간 부족으로 이탈률이 과대 추정될 수 있습니다.
학년잔존,빙상 전체 기준,시작학년,11,11,,38,100.0,38,32,6,15.79,,,,38,0.0,2006~2024,표본이 100명 미만이라 해석 신뢰도가 낮습니다.
학년잔존,빙상 전체 기준,시작학년,11,12,12→13,32,84.21,0,20,12,37.5,,,,38,0.0,2006~2024,표본이 100명 미만이라 해석 신뢰도가 낮습니다.
학년잔존,빙상 전체 기준,시작학년,11,13,,20,52.63,0,16,4,20.0,,,,38,0.0,2006~2024,표본이 100명 미만이라 해석 신뢰도가 낮습니다. 최신 학년은 관측기간 부족으로 이탈률이 과대 추정될 수 있습니다.
학년잔존,빙상 전체 기준,시작학년,12,12,12→13,41,100.0,41,32,9,21.95,,,,41,0.0,2006~2025,표본이 100명 미만이라 해석 신뢰도가 낮습니다.
학년잔존,빙상 전체 기준,시작학년,12,13,,32,78.05,0,19,13,40.62,,,,41,0.0,2006~2025,표본이 100명 미만이라 해석 신뢰도가 낮습니다. 최신 학년은 관측기간 부족으로 이탈률이 과대 추정될 수 있습니다.
학년잔존,빙상 전체 기준,시작학년,13,13,,20,100.0,20,20,0,0.0,,,,20,0.0,2006~2019,표본이 100명 미만이라 해석 신뢰도가 낮습니다. 최신 학년은 관측기간 부족으로 이탈률이 과대 추정될 수 있습니다.
학년잔존,빙상 전체 기준,시작학년,2,2,,239,100.0,239,197,42,17.57,,,,239,0.0,2006~2026,
학년잔존,빙상 전체 기준,시작학년,2,3,,197,82.43,0,140,57,28.93,,,,239,0.0,2006~2026,
학년잔존,빙상 전체 기준,시작학년,2,4,,149,62.34,0,118,31,20.81,,,,239,0.0,2006~2026,
학년잔존,빙상 전체 기준,시작학년,2,5,,125,52.3,0,99,26,20.8,,,,239,0.0,2006~2026,
학년잔존,빙상 전체 기준,시작학년,2,6,6→7,101,42.26,0,84,17,16.83,,,,239,0.0,2006~2026,
학년잔존,빙상 전체 기준,시작학년,2,7,,84,35.15,0,64,20,23.81,,,,239,0.0,2006~2026,
학년잔존,빙상 전체 기준,시작학년,2,8,,65,27.2,0,57,8,12.31,,,,239,0.0,2006~2026,
학년잔존,빙상 전체 기준,시작학년,2,9,9→10,60,25.1,0,48,12,20.0,,,,239,0.0,2006~2026,
학년잔존,빙상 전체 기준,시작학년,2,10,,49,20.5,0,42,7,14.29,,,,239,0.0,2006~2026,
학년잔존,빙상 전체 기준,시작학년,2,11,,42,17.57,0,37,5,11.9,,,,239,0.0,2006~2026,
학년잔존,빙상 전체 기준,시작학년,2,12,12→13,38,15.9,0,33,5,13.16,,,,239,0.0,2006~2026,
학년잔존,빙상 전체 기준,시작학년,2,13,,33,13.81,0,27,6,18.18,,,,239,0.0,2006~2026,최신 학년은 관측기간 부족으로 이탈률이 과대 추정될 수 있습니다.
학년잔존,빙상 전체 기준,시작학년,3,3,,297,100.0,297,248,49,16.5,,,,297,0.0,2006~2026,
학년잔존,빙상 전체 기준,시작학년,3,4,,248,83.5,0,178,70,28.23,,,,297,0.0,2006~2026,
학년잔존,빙상 전체 기준,시작학년,3,5,,188,63.3,0,154,34,18.09,,,,297,0.0,2006~2026,
학년잔존,빙상 전체 기준,시작학년,3,6,6→7,161,54.21,0,125,36,22.36,,,,297,0.0,2006~2026,
학년잔존,빙상 전체 기준,시작학년,3,7,,127,42.76,0,109,18,14.17,,,,297,0.0,2006~2026,
학년잔존,빙상 전체 기준,시작학년,3,8,,113,38.05,0,96,17,15.04,,,,297,0.0,2006~2026,
학년잔존,빙상 전체 기준,시작학년,3,9,9→10,99,33.33,0,82,17,17.17,,,,297,0.0,2006~2026,
학년잔존,빙상 전체 기준,시작학년,3,10,,82,27.61,0,73,9,10.98,,,,297,0.0,2006~2026,
학년잔존,빙상 전체 기준,시작학년,3,11,,77,25.93,0,67,10,12.99,,,,297,0.0,2006~2026,
학년잔존,빙상 전체 기준,시작학년,3,12,12→13,67,22.56,0,50,17,25.37,,,,297,0.0,2006~2026,
학년잔존,빙상 전체 기준,시작학년,3,13,,50,16.84,0,44,6,12.0,,,,297,0.0,2006~2026,최신 학년은 관측기간 부족으로 이탈률이 과대 추정될 수 있습니다.
학년잔존,빙상 전체 기준,시작학년,4,4,,325,100.0,325,281,44,13.54,,,,325,0.0,2006~2026,
학년잔존,빙상 전체 기준,시작학년,4,5,,281,86.46,0,216,65,23.13,,,,325,0.0,2006~2026,
학년잔존,빙상 전체 기준,시작학년,4,6,6→7,224,68.92,0,175,49,21.88,,,,325,0.0,2006~2026,
학년잔존,빙상 전체 기준,시작학년,4,7,,178,54.77,0,139,39,21.91,,,,325,0.0,2006~2026,
학년잔존,빙상 전체 기준,시작학년,4,8,,141,43.38,0,119,22,15.6,,,,325,0.0,2006~2026,
학년잔존,빙상 전체 기준,시작학년,4,9,9→10,123,37.85,0,110,13,10.57,,,,325,0.0,2006~2026,
학년잔존,빙상 전체 기준,시작학년,4,10,,112,34.46,0,89,23,20.54,,,,325,0.0,2006~2026,
학년잔존,빙상 전체 기준,시작학년,4,11,,90,27.69,0,79,11,12.22,,,,325,0.0,2006~2026,
학년잔존,빙상 전체 기준,시작학년,4,12,12→13,82,25.23,0,59,23,28.05,,,,325,0.0,2006~2026,
학년잔존,빙상 전체 기준,시작학년,4,13,,59,18.15,0,47,12,20.34,,,,325,0.0,2006~2026,최신 학년은 관측기간 부족으로 이탈률이 과대 추정될 수 있습니다.
학년잔존,빙상 전체 기준,시작학년,5,5,,234,100.0,234,206,28,11.97,,,,234,0.0,2006~2026,
학년잔존,빙상 전체 기준,시작학년,5,6,6→7,206,88.03,0,144,62,30.1,,,,234,0.0,2006~2026,
학년잔존,빙상 전체 기준,시작학년,5,7,,145,61.97,0,105,40,27.59,,,,234,0.0,2006~2026,
학년잔존,빙상 전체 기준,시작학년,5,8,,112,47.86,0,85,27,24.11,,,,234,0.0,2006~2026,
학년잔존,빙상 전체 기준,시작학년,5,9,9→10,88,37.61,0,74,14,15.91,,,,234,0.0,2006~2026,
학년잔존,빙상 전체 기준,시작학년,5,10,,78,33.33,0,69,9,11.54,,,,234,0.0,2006~2026,
학년잔존,빙상 전체 기준,시작학년,5,11,,72,30.77,0,60,12,16.67,,,,234,0.0,2006~2026,
학년잔존,빙상 전체 기준,시작학년,5,12,12→13,60,25.64,0,53,7,11.67,,,,234,0.0,2006~2026,
학년잔존,빙상 전체 기준,시작학년,5,13,,54,23.08,0,39,15,27.78,,,,234,0.0,2006~2026,최신 학년은 관측기간 부족으로 이탈률이 과대 추정될 수 있습니다.
학년잔존,빙상 전체 기준,시작학년,6,6,6→7,245,100.0,245,202,43,17.55,,,,245,0.0,2006~2026,
학년잔존,빙상 전체 기준,시작학년,6,7,,202,82.45,0,139,63,31.19,,,,245,0.0,2006~2026,
학년잔존,빙상 전체 기준,시작학년,6,8,,143,58.37,0,108,35,24.48,,,,245,0.0,2006~2026,
학년잔존,빙상 전체 기준,시작학년,6,9,9→10,108,44.08,0,85,23,21.3,,,,245,0.0,2006~2026,
학년잔존,빙상 전체 기준,시작학년,6,10,,86,35.1,0,66,20,23.26,,,,245,0.0,2006~2026,
학년잔존,빙상 전체 기준,시작학년,6,11,,70,28.57,0,52,18,25.71,,,,245,0.0,2006~2026,
학년잔존,빙상 전체 기준,시작학년,6,12,12→13,52,21.22,0,37,15,28.85,,,,245,0.0,2006~2026,
학년잔존,빙상 전체 기준,시작학년,6,13,,37,15.1,0,26,11,29.73,,,,245,0.0,2006~2026,최신 학년은 관측기간 부족으로 이탈률이 과대 추정될 수 있습니다.
학년잔존,빙상 전체 기준,시작학년,7,7,,116,100.0,116,108,8,6.9,,,,116,0.0,2006~2025,
학년잔존,빙상 전체 기준,시작학년,7,8,,108,93.1,0,82,26,24.07,,,,116,0.0,2006~2025,
학년잔존,빙상 전체 기준,시작학년,7,9,9→10,83,71.55,0,67,16,19.28,,,,116,0.0,2006~2025,
학년잔존,빙상 전체 기준,시작학년,7,10,,69,59.48,0,50,19,27.54,,,,116,0.0,2006~2025,
학년잔존,빙상 전체 기준,시작학년,7,11,,52,44.83,0,39,13,25.0,,,,116,0.0,2006~2025,
학년잔존,빙상 전체 기준,시작학년,7,12,12→13,41,35.34,0,33,8,19.51,,,,116,0.0,2006~2025,
학년잔존,빙상 전체 기준,시작학년,7,13,,36,31.03,0,31,5,13.89,,,,116,0.0,2006~2025,최신 학년은 관측기간 부족으로 이탈률이 과대 추정될 수 있습니다.
학년잔존,빙상 전체 기준,시작학년,8,8,,79,100.0,79,71,8,10.13,,,,79,0.0,2006~2025,표본이 100명 미만이라 해석 신뢰도가 낮습니다.
학년잔존,빙상 전체 기준,시작학년,8,9,9→10,71,89.87,0,45,26,36.62,,,,79,0.0,2006~2025,표본이 100명 미만이라 해석 신뢰도가 낮습니다.
학년잔존,빙상 전체 기준,시작학년,8,10,,45,56.96,0,37,8,17.78,,,,79,0.0,2006~2025,표본이 100명 미만이라 해석 신뢰도가 낮습니다.
학년잔존,빙상 전체 기준,시작학년,8,11,,39,49.37,0,29,10,25.64,,,,79,0.0,2006~2025,표본이 100명 미만이라 해석 신뢰도가 낮습니다.
학년잔존,빙상 전체 기준,시작학년,8,12,12→13,30,37.97,0,23,7,23.33,,,,79,0.0,2006~2025,표본이 100명 미만이라 해석 신뢰도가 낮습니다.
학년잔존,빙상 전체 기준,시작학년,8,13,,25,31.65,0,16,9,36.0,,,,79,0.0,2006~2025,표본이 100명 미만이라 해석 신뢰도가 낮습니다. 최신 학년은 관측기간 부족으로 이탈률이 과대 추정될 수 있습니다.
학년잔존,빙상 전체 기준,시작학년,9,9,9→10,81,100.0,81,71,10,12.35,,,,81,0.0,2006~2025,표본이 100명 미만이라 해석 신뢰도가 낮습니다.
학년잔존,빙상 전체 기준,시작학년,9,10,,71,87.65,0,43,28,39.44,,,,81,0.0,2006~2025,표본이 100명 미만이라 해석 신뢰도가 낮습니다.
학년잔존,빙상 전체 기준,시작학년,9,11,,44,54.32,0,34,10,22.73,,,,81,0.0,2006~2025,표본이 100명 미만이라 해석 신뢰도가 낮습니다.
학년잔존,빙상 전체 기준,시작학년,9,12,12→13,36,44.44,0,25,11,30.56,,,,81,0.0,2006~2025,표본이 100명 미만이라 해석 신뢰도가 낮습니다.
학년잔존,빙상 전체 기준,시작학년,9,13,,28,34.57,0,18,10,35.71,,,,81,0.0,2006~2025,표본이 100명 미만이라 해석 신뢰도가 낮습니다. 최신 학년은 관측기간 부족으로 이탈률이 과대 추정될 수 있습니다.
학년잔존,빙상 전체 기준,시작시즌대,2006~2009,1,,9,100.0,9,9,0,0.0,,,,9,0.0,2006~2009,표본이 100명 미만이라 해석 신뢰도가 낮습니다.
학년잔존,빙상 전체 기준,시작시즌대,2006~2009,2,,52,100.0,43,38,14,26.92,,,,52,0.0,2006~2009,표본이 100명 미만이라 해석 신뢰도가 낮습니다.
학년잔존,빙상 전체 기준,시작시즌대,2006~2009,3,,112,88.89,74,86,26,23.21,,,,126,0.0,2006~2009,
학년잔존,빙상 전체 기준,시작시즌대,2006~2009,4,,146,79.35,58,109,37,25.34,,,,184,0.0,2006~2009,
학년잔존,빙상 전체 기준,시작시즌대,2006~2009,5,,163,69.96,49,132,31,19.02,,,,233,0.0,2006~2009,
학년잔존,빙상 전체 기준,시작시즌대,2006~2009,6,6→7,177,64.84,40,137,40,22.6,,,,273,0.0,2006~2009,
학년잔존,빙상 전체 기준,시작시즌대,2006~2009,7,,175,56.63,36,157,18,10.29,,,,309,0.0,2006~2009,
학년잔존,빙상 전체 기준,시작시즌대,2006~2009,8,,199,58.7,30,171,28,14.07,,,,339,0.0,2006~2009,
학년잔존,빙상 전체 기준,시작시즌대,2006~2009,9,9→10,204,55.89,26,183,21,10.29,,,,365,0.0,2006~2009,
학년잔존,빙상 전체 기준,시작시즌대,2006~2009,10,,212,54.36,25,187,25,11.79,,,,390,0.0,2006~2009,
학년잔존,빙상 전체 기준,시작시즌대,2006~2009,11,,222,54.01,21,197,25,11.26,,,,411,0.0,2006~2009,
학년잔존,빙상 전체 기준,시작시즌대,2006~2009,12,12→13,229,52.64,24,200,29,12.66,,,,435,0.0,2006~2009,
학년잔존,빙상 전체 기준,시작시즌대,2006~2009,13,,221,49.33,13,184,37,16.74,,,,448,0.0,2006~2009,최신 학년은 관측기간 부족으로 이탈률이 과대 추정될 수 있습니다.
학년잔존,빙상 전체 기준,시작시즌대,2010~2013,1,,14,100.0,14,13,1,7.14,,,,14,0.0,2010~2013,표본이 100명 미만이라 해석 신뢰도가 낮습니다.
학년잔존,빙상 전체 기준,시작시즌대,2010~2013,2,,58,98.31,45,52,6,10.34,,,,59,0.0,2010~2013,표본이 100명 미만이라 해석 신뢰도가 낮습니다.
학년잔존,빙상 전체 기준,시작시즌대,2010~2013,3,,121,94.53,69,94,27,22.31,,,,128,0.0,2010~2013,
학년잔존,빙상 전체 기준,시작시즌대,2010~2013,4,,155,82.45,60,133,22,14.19,,,,188,0.0,2010~2013,
학년잔존,빙상 전체 기준,시작시즌대,2010~2013,5,,184,78.97,45,157,27,14.67,,,,233,0.0,2010~2013,
학년잔존,빙상 전체 기준,시작시즌대,2010~2013,6,6→7,203,74.09,41,166,37,18.23,,,,274,0.0,2010~2013,
학년잔존,빙상 전체 기준,시작시즌대,2010~2013,7,,191,64.53,22,154,37,19.37,,,,296,0.0,2010~2013,
학년잔존,빙상 전체 기준,시작시즌대,2010~2013,8,,171,54.98,15,138,33,19.3,,,,311,0.0,2010~2013,
학년잔존,빙상 전체 기준,시작시즌대,2010~2013,9,9→10,161,48.64,20,146,15,9.32,,,,331,0.0,2010~2013,
학년잔존,빙상 전체 기준,시작시즌대,2010~2013,10,,157,46.18,9,136,21,13.38,,,,340,0.0,2010~2013,
학년잔존,빙상 전체 기준,시작시즌대,2010~2013,11,,145,41.67,8,127,18,12.41,,,,348,0.0,2010~2013,
학년잔존,빙상 전체 기준,시작시즌대,2010~2013,12,12→13,137,38.48,8,103,34,24.82,,,,356,0.0,2010~2013,
학년잔존,빙상 전체 기준,시작시즌대,2010~2013,13,,106,29.61,2,90,16,15.09,,,,358,0.0,2010~2013,최신 학년은 관측기간 부족으로 이탈률이 과대 추정될 수 있습니다.
학년잔존,빙상 전체 기준,시작시즌대,2014~2017,1,,23,100.0,23,20,3,13.04,,,,23,0.0,2014~2017,표본이 100명 미만이라 해석 신뢰도가 낮습니다.
학년잔존,빙상 전체 기준,시작시즌대,2014~2017,2,,65,95.59,45,55,10,15.38,,,,68,0.0,2014~2017,표본이 100명 미만이라 해석 신뢰도가 낮습니다.
학년잔존,빙상 전체 기준,시작시즌대,2014~2017,3,,107,89.17,52,94,13,12.15,,,,120,0.0,2014~2017,
학년잔존,빙상 전체 기준,시작시즌대,2014~2017,4,,176,88.89,78,157,19,10.8,,,,198,0.0,2014~2017,
학년잔존,빙상 전체 기준,시작시즌대,2014~2017,5,,205,84.36,45,186,19,9.27,,,,243,0.0,2014~2017,
학년잔존,빙상 전체 기준,시작시즌대,2014~2017,6,6→7,240,81.08,53,194,46,19.17,,,,296,0.0,2014~2017,
학년잔존,빙상 전체 기준,시작시즌대,2014~2017,7,,217,68.03,23,163,54,24.88,,,,319,0.0,2014~2017,
학년잔존,빙상 전체 기준,시작시즌대,2014~2017,8,,179,53.92,13,158,21,11.73,,,,332,0.0,2014~2017,
학년잔존,빙상 전체 기준,시작시즌대,2014~2017,9,9→10,173,50.14,13,138,35,20.23,,,,345,0.0,2014~2017,
학년잔존,빙상 전체 기준,시작시즌대,2014~2017,10,,144,41.26,4,118,26,18.06,,,,349,0.0,2014~2017,
학년잔존,빙상 전체 기준,시작시즌대,2014~2017,11,,125,35.21,6,99,26,20.8,,,,355,0.0,2014~2017,
학년잔존,빙상 전체 기준,시작시즌대,2014~2017,12,12→13,105,29.17,5,69,36,34.29,,,,360,0.0,2014~2017,
학년잔존,빙상 전체 기준,시작시즌대,2014~2017,13,,74,20.33,4,48,26,35.14,,,,364,0.0,2014~2017,최신 학년은 관측기간 부족으로 이탈률이 과대 추정될 수 있습니다.
학년잔존,빙상 전체 기준,시작시즌대,2018~2021,1,,17,100.0,17,16,1,5.88,,,,17,0.0,2018~2021,표본이 100명 미만이라 해석 신뢰도가 낮습니다.
학년잔존,빙상 전체 기준,시작시즌대,2018~2021,2,,70,98.59,54,58,12,17.14,,,,71,0.0,2018~2021,표본이 100명 미만이라 해석 신뢰도가 낮습니다.
학년잔존,빙상 전체 기준,시작시즌대,2018~2021,3,,112,89.6,54,92,20,17.86,,,,125,0.0,2018~2021,
학년잔존,빙상 전체 기준,시작시즌대,2018~2021,4,,167,83.92,74,141,26,15.57,,,,199,0.0,2018~2021,
학년잔존,빙상 전체 기준,시작시즌대,2018~2021,5,,200,78.12,57,167,33,16.5,,,,256,0.0,2018~2021,
학년잔존,빙상 전체 기준,시작시즌대,2018~2021,6,6→7,225,72.82,53,197,28,12.44,,,,309,0.0,2018~2021,
학년잔존,빙상 전체 기준,시작시즌대,2018~2021,7,,213,65.74,15,165,48,22.54,,,,324,0.0,2018~2021,
학년잔존,빙상 전체 기준,시작시즌대,2018~2021,8,,180,53.41,13,146,34,18.89,,,,337,0.0,2018~2021,
학년잔존,빙상 전체 기준,시작시즌대,2018~2021,9,9→10,158,45.66,9,112,46,29.11,,,,346,0.0,2018~2021,
학년잔존,빙상 전체 기준,시작시즌대,2018~2021,10,,117,33.52,3,76,41,35.04,,,,349,0.0,2018~2021,
학년잔존,빙상 전체 기준,시작시즌대,2018~2021,11,,78,22.29,1,45,33,42.31,,,,350,0.0,2018~2021,
학년잔존,빙상 전체 기준,시작시즌대,2018~2021,12,12→13,47,13.35,2,22,25,53.19,,,,352,0.0,2018~2021,
학년잔존,빙상 전체 기준,시작시즌대,2018~2021,13,,23,6.52,1,7,16,69.57,,,,353,0.0,2018~2021,최신 학년은 관측기간 부족으로 이탈률이 과대 추정될 수 있습니다.
학년잔존,빙상 전체 기준,시작시즌대,2022~2025,1,,15,100.0,15,13,2,13.33,,,,15,0.0,2022~2025,표본이 100명 미만이라 해석 신뢰도가 낮습니다.
학년잔존,빙상 전체 기준,시작시즌대,2022~2025,2,,63,96.92,50,47,16,25.4,,,,65,0.0,2022~2025,표본이 100명 미만이라 해석 신뢰도가 낮습니다.
학년잔존,빙상 전체 기준,시작시즌대,2022~2025,3,,91,83.49,44,69,22,24.18,,,,109,0.0,2022~2025,
학년잔존,빙상 전체 기준,시작시즌대,2022~2025,4,,122,76.25,51,77,45,36.89,,,,160,0.0,2022~2025,
학년잔존,빙상 전체 기준,시작시즌대,2022~2025,5,,113,58.25,34,68,45,39.82,,,,194,0.0,2022~2025,
학년잔존,빙상 전체 기준,시작시즌대,2022~2025,6,6→7,122,49.39,53,67,55,45.08,,,,247,0.0,2022~2025,
학년잔존,빙상 전체 기준,시작시즌대,2022~2025,7,,87,32.58,20,46,41,47.13,,,,267,0.0,2022~2025,
학년잔존,빙상 전체 기준,시작시즌대,2022~2025,8,,54,19.64,8,23,31,57.41,,,,275,0.0,2022~2025,
학년잔존,빙상 전체 기준,시작시즌대,2022~2025,9,9→10,36,12.5,13,22,14,38.89,,,,288,0.0,2022~2025,
학년잔존,빙상 전체 기준,시작시즌대,2022~2025,10,,31,10.44,9,13,18,58.06,,,,297,0.0,2022~2025,
학년잔존,빙상 전체 기준,시작시즌대,2022~2025,11,,15,5.02,2,8,7,46.67,,,,299,0.0,2022~2025,
학년잔존,빙상 전체 기준,시작시즌대,2022~2025,12,12→13,10,3.32,2,4,6,60.0,,,,301,0.0,2022~2025,
학년잔존,빙상 전체 기준,시작시즌대,2022~2025,13,,4,1.33,0,0,4,100.0,,,,301,0.0,2022~2025,최신 학년은 관측기간 부족으로 이탈률이 과대 추정될 수 있습니다.
학년잔존,빙상 전체 기준,시작시즌대,2026~2029,2,,2,100.0,2,0,2,100.0,,,,2,0.0,2026,표본이 100명 미만이라 해석 신뢰도가 낮습니다.
학년잔존,빙상 전체 기준,시작시즌대,2026~2029,3,,4,66.67,4,0,4,100.0,,,,6,0.0,2026,표본이 100명 미만이라 해석 신뢰도가 낮습니다.
학년잔존,빙상 전체 기준,시작시즌대,2026~2029,4,,4,40.0,4,0,4,100.0,,,,10,0.0,2026,표본이 100명 미만이라 해석 신뢰도가 낮습니다.
학년잔존,빙상 전체 기준,시작시즌대,2026~2029,5,,4,28.57,4,0,4,100.0,,,,14,0.0,2026,표본이 100명 미만이라 해석 신뢰도가 낮습니다.
학년잔존,빙상 전체 기준,시작시즌대,2026~2029,6,6→7,5,26.32,5,0,5,100.0,,,,19,0.0,2026,표본이 100명 미만이라 해석 신뢰도가 낮습니다. 최신 학년은 관측기간 부족으로 이탈률이 과대 추정될 수 있습니다.
단계도달,쇼트트랙 기준,전체,전체,,,,,,,,,중등,1104,73.55,1501,0.0,2006~2026,
단계도달,쇼트트랙 기준,전체,전체,,,,,,,,,고등,688,53.88,1277,0.0,2006~2026,
단계도달,쇼트트랙 기준,전체,전체,,,,,,,,,대학·일반,373,37.64,991,0.0,2006~2026,
단계도달,쇼트트랙 기준,성별,남,,,,,,,,,중등,640,72.15,887,0.0,2006~2026,
단계도달,쇼트트랙 기준,성별,남,,,,,,,,,고등,415,54.82,757,0.0,2006~2026,
단계도달,쇼트트랙 기준,성별,남,,,,,,,,,대학·일반,250,41.46,603,0.0,2006~2026,
단계도달,쇼트트랙 기준,성별,여,,,,,,,,,중등,464,75.57,614,0.0,2006~2026,
단계도달,쇼트트랙 기준,성별,여,,,,,,,,,고등,273,52.5,520,0.0,2006~2026,
단계도달,쇼트트랙 기준,성별,여,,,,,,,,,대학·일반,123,31.7,388,0.0,2006~2026,
단계도달,쇼트트랙 기준,시작학년,1,,,,,,,,,중등,32,56.14,57,0.0,2006~2025,표본이 100명 미만이라 해석 신뢰도가 낮습니다.
단계도달,쇼트트랙 기준,시작학년,1,,,,,,,,,고등,19,51.35,37,0.0,2006~2025,표본이 100명 미만이라 해석 신뢰도가 낮습니다.
단계도달,쇼트트랙 기준,시작학년,1,,,,,,,,,대학·일반,9,40.91,22,0.0,2006~2025,표본이 100명 미만이라 해석 신뢰도가 낮습니다.
단계도달,쇼트트랙 기준,시작학년,10,,,,,,,,,중등,31,100.0,31,0.0,2006~2024,표본이 100명 미만이라 해석 신뢰도가 낮습니다.
단계도달,쇼트트랙 기준,시작학년,10,,,,,,,,,고등,31,100.0,31,0.0,2006~2024,표본이 100명 미만이라 해석 신뢰도가 낮습니다.
단계도달,쇼트트랙 기준,시작학년,10,,,,,,,,,대학·일반,11,44.0,25,0.0,2006~2024,표본이 100명 미만이라 해석 신뢰도가 낮습니다.
단계도달,쇼트트랙 기준,시작학년,11,,,,,,,,,중등,21,100.0,21,0.0,2006~2024,표본이 100명 미만이라 해석 신뢰도가 낮습니다.
단계도달,쇼트트랙 기준,시작학년,11,,,,,,,,,고등,21,100.0,21,0.0,2006~2024,표본이 100명 미만이라 해석 신뢰도가 낮습니다.
단계도달,쇼트트랙 기준,시작학년,11,,,,,,,,,대학·일반,8,38.1,21,0.0,2006~2024,표본이 100명 미만이라 해석 신뢰도가 낮습니다.
단계도달,쇼트트랙 기준,시작학년,12,,,,,,,,,중등,22,100.0,22,0.0,2006~2025,표본이 100명 미만이라 해석 신뢰도가 낮습니다.
단계도달,쇼트트랙 기준,시작학년,12,,,,,,,,,고등,22,100.0,22,0.0,2006~2025,표본이 100명 미만이라 해석 신뢰도가 낮습니다.
단계도달,쇼트트랙 기준,시작학년,12,,,,,,,,,대학·일반,13,59.09,22,0.0,2006~2025,표본이 100명 미만이라 해석 신뢰도가 낮습니다.
단계도달,쇼트트랙 기준,시작학년,13,,,,,,,,,중등,8,100.0,8,0.0,2006~2019,표본이 100명 미만이라 해석 신뢰도가 낮습니다.
단계도달,쇼트트랙 기준,시작학년,13,,,,,,,,,고등,8,100.0,8,0.0,2006~2019,표본이 100명 미만이라 해석 신뢰도가 낮습니다.
단계도달,쇼트트랙 기준,시작학년,13,,,,,,,,,대학·일반,8,100.0,8,0.0,2006~2019,표본이 100명 미만이라 해석 신뢰도가 낮습니다.
단계도달,쇼트트랙 기준,시작학년,14,,,,,,,,,중등,3,100.0,3,0.0,2006~2016,표본이 100명 미만이라 해석 신뢰도가 낮습니다.
단계도달,쇼트트랙 기준,시작학년,14,,,,,,,,,고등,3,100.0,3,0.0,2006~2016,표본이 100명 미만이라 해석 신뢰도가 낮습니다.
단계도달,쇼트트랙 기준,시작학년,14,,,,,,,,,대학·일반,3,100.0,3,0.0,2006~2016,표본이 100명 미만이라 해석 신뢰도가 낮습니다.
단계도달,쇼트트랙 기준,시작학년,15,,,,,,,,,중등,5,100.0,5,0.0,2006~2022,표본이 100명 미만이라 해석 신뢰도가 낮습니다.
단계도달,쇼트트랙 기준,시작학년,15,,,,,,,,,고등,5,100.0,5,0.0,2006~2022,표본이 100명 미만이라 해석 신뢰도가 낮습니다.
단계도달,쇼트트랙 기준,시작학년,15,,,,,,,,,대학·일반,5,100.0,5,0.0,2006~2022,표본이 100명 미만이라 해석 신뢰도가 낮습니다.
단계도달,쇼트트랙 기준,시작학년,16,,,,,,,,,중등,5,100.0,5,0.0,2006~2025,표본이 100명 미만이라 해석 신뢰도가 낮습니다.
단계도달,쇼트트랙 기준,시작학년,16,,,,,,,,,고등,5,100.0,5,0.0,2006~2025,표본이 100명 미만이라 해석 신뢰도가 낮습니다.
단계도달,쇼트트랙 기준,시작학년,16,,,,,,,,,대학·일반,5,100.0,5,0.0,2006~2025,표본이 100명 미만이라 해석 신뢰도가 낮습니다.
단계도달,쇼트트랙 기준,시작학년,17,,,,,,,,,중등,6,100.0,6,0.0,2006~2019,표본이 100명 미만이라 해석 신뢰도가 낮습니다.
단계도달,쇼트트랙 기준,시작학년,17,,,,,,,,,고등,6,100.0,6,0.0,2006~2019,표본이 100명 미만이라 해석 신뢰도가 낮습니다.
단계도달,쇼트트랙 기준,시작학년,17,,,,,,,,,대학·일반,6,100.0,6,0.0,2006~2019,표본이 100명 미만이라 해석 신뢰도가 낮습니다.
단계도달,쇼트트랙 기준,시작학년,18,,,,,,,,,중등,3,100.0,3,0.0,2006~2025,표본이 100명 미만이라 해석 신뢰도가 낮습니다.
단계도달,쇼트트랙 기준,시작학년,18,,,,,,,,,고등,3,100.0,3,0.0,2006~2025,표본이 100명 미만이라 해석 신뢰도가 낮습니다.
단계도달,쇼트트랙 기준,시작학년,18,,,,,,,,,대학·일반,3,100.0,3,0.0,2006~2025,표본이 100명 미만이라 해석 신뢰도가 낮습니다.
단계도달,쇼트트랙 기준,시작학년,19,,,,,,,,,중등,4,100.0,4,0.0,2006~2025,표본이 100명 미만이라 해석 신뢰도가 낮습니다.
단계도달,쇼트트랙 기준,시작학년,19,,,,,,,,,고등,4,100.0,4,0.0,2006~2025,표본이 100명 미만이라 해석 신뢰도가 낮습니다.
단계도달,쇼트트랙 기준,시작학년,19,,,,,,,,,대학·일반,4,100.0,4,0.0,2006~2025,표본이 100명 미만이라 해석 신뢰도가 낮습니다.
단계도달,쇼트트랙 기준,시작학년,2,,,,,,,,,중등,83,49.7,167,0.0,2006~2026,
단계도달,쇼트트랙 기준,시작학년,2,,,,,,,,,고등,46,36.8,125,0.0,2006~2026,
단계도달,쇼트트랙 기준,시작학년,2,,,,,,,,,대학·일반,32,34.78,92,0.0,2006~2026,표본이 100명 미만이라 해석 신뢰도가 낮습니다.
단계도달,쇼트트랙 기준,시작학년,20,,,,,,,,,중등,2,100.0,2,0.0,2006~2016,표본이 100명 미만이라 해석 신뢰도가 낮습니다.
단계도달,쇼트트랙 기준,시작학년,20,,,,,,,,,고등,2,100.0,2,0.0,2006~2016,표본이 100명 미만이라 해석 신뢰도가 낮습니다.
단계도달,쇼트트랙 기준,시작학년,20,,,,,,,,,대학·일반,2,100.0,2,0.0,2006~2016,표본이 100명 미만이라 해석 신뢰도가 낮습니다.
단계도달,쇼트트랙 기준,시작학년,21,,,,,,,,,중등,2,100.0,2,0.0,2007,표본이 100명 미만이라 해석 신뢰도가 낮습니다.
단계도달,쇼트트랙 기준,시작학년,21,,,,,,,,,고등,2,100.0,2,0.0,2007,표본이 100명 미만이라 해석 신뢰도가 낮습니다.
단계도달,쇼트트랙 기준,시작학년,21,,,,,,,,,대학·일반,2,100.0,2,0.0,2007,표본이 100명 미만이라 해석 신뢰도가 낮습니다.
단계도달,쇼트트랙 기준,시작학년,22,,,,,,,,,중등,1,100.0,1,0.0,2008,표본이 100명 미만이라 해석 신뢰도가 낮습니다.
단계도달,쇼트트랙 기준,시작학년,22,,,,,,,,,고등,1,100.0,1,0.0,2008,표본이 100명 미만이라 해석 신뢰도가 낮습니다.
단계도달,쇼트트랙 기준,시작학년,22,,,,,,,,,대학·일반,1,100.0,1,0.0,2008,표본이 100명 미만이라 해석 신뢰도가 낮습니다.
단계도달,쇼트트랙 기준,시작학년,25,,,,,,,,,중등,1,100.0,1,0.0,2016,표본이 100명 미만이라 해석 신뢰도가 낮습니다.
단계도달,쇼트트랙 기준,시작학년,25,,,,,,,,,고등,1,100.0,1,0.0,2016,표본이 100명 미만이라 해석 신뢰도가 낮습니다.
단계도달,쇼트트랙 기준,시작학년,25,,,,,,,,,대학·일반,1,100.0,1,0.0,2016,표본이 100명 미만이라 해석 신뢰도가 낮습니다.
단계도달,쇼트트랙 기준,시작학년,26,,,,,,,,,중등,1,100.0,1,0.0,2009,표본이 100명 미만이라 해석 신뢰도가 낮습니다.
단계도달,쇼트트랙 기준,시작학년,26,,,,,,,,,고등,1,100.0,1,0.0,2009,표본이 100명 미만이라 해석 신뢰도가 낮습니다.
단계도달,쇼트트랙 기준,시작학년,26,,,,,,,,,대학·일반,1,100.0,1,0.0,2009,표본이 100명 미만이라 해석 신뢰도가 낮습니다.
단계도달,쇼트트랙 기준,시작학년,27,,,,,,,,,중등,0,,0,0.0,2006,표본이 100명 미만이라 해석 신뢰도가 낮습니다.
단계도달,쇼트트랙 기준,시작학년,27,,,,,,,,,고등,0,,0,0.0,2006,표본이 100명 미만이라 해석 신뢰도가 낮습니다.
단계도달,쇼트트랙 기준,시작학년,27,,,,,,,,,대학·일반,0,,0,0.0,2006,표본이 100명 미만이라 해석 신뢰도가 낮습니다.
단계도달,쇼트트랙 기준,시작학년,28,,,,,,,,,중등,5,100.0,5,0.0,2009~2025,표본이 100명 미만이라 해석 신뢰도가 낮습니다.
단계도달,쇼트트랙 기준,시작학년,28,,,,,,,,,고등,5,100.0,5,0.0,2009~2025,표본이 100명 미만이라 해석 신뢰도가 낮습니다.
단계도달,쇼트트랙 기준,시작학년,28,,,,,,,,,대학·일반,5,100.0,5,0.0,2009~2025,표본이 100명 미만이라 해석 신뢰도가 낮습니다.
단계도달,쇼트트랙 기준,시작학년,29,,,,,,,,,중등,3,100.0,3,0.0,2007~2019,표본이 100명 미만이라 해석 신뢰도가 낮습니다.
단계도달,쇼트트랙 기준,시작학년,29,,,,,,,,,고등,3,100.0,3,0.0,2007~2019,표본이 100명 미만이라 해석 신뢰도가 낮습니다.
단계도달,쇼트트랙 기준,시작학년,29,,,,,,,,,대학·일반,3,100.0,3,0.0,2007~2019,표본이 100명 미만이라 해석 신뢰도가 낮습니다.
단계도달,쇼트트랙 기준,시작학년,3,,,,,,,,,중등,122,53.51,228,0.0,2006~2026,
단계도달,쇼트트랙 기준,시작학년,3,,,,,,,,,고등,76,40.86,186,0.0,2006~2026,
단계도달,쇼트트랙 기준,시작학년,3,,,,,,,,,대학·일반,41,27.89,147,0.0,2006~2026,
단계도달,쇼트트랙 기준,시작학년,30,,,,,,,,,중등,1,100.0,1,0.0,2007,표본이 100명 미만이라 해석 신뢰도가 낮습니다.
단계도달,쇼트트랙 기준,시작학년,30,,,,,,,,,고등,1,100.0,1,0.0,2007,표본이 100명 미만이라 해석 신뢰도가 낮습니다.
단계도달,쇼트트랙 기준,시작학년,30,,,,,,,,,대학·일반,1,100.0,1,0.0,2007,표본이 100명 미만이라 해석 신뢰도가 낮습니다.
단계도달,쇼트트랙 기준,시작학년,31,,,,,,,,,중등,0,,0,0.0,2006,표본이 100명 미만이라 해석 신뢰도가 낮습니다.
단계도달,쇼트트랙 기준,시작학년,31,,,,,,,,,고등,0,,0,0.0,2006,표본이 100명 미만이라 해석 신뢰도가 낮습니다.
단계도달,쇼트트랙 기준,시작학년,31,,,,,,,,,대학·일반,0,,0,0.0,2006,표본이 100명 미만이라 해석 신뢰도가 낮습니다.
단계도달,쇼트트랙 기준,시작학년,32,,,,,,,,,중등,2,100.0,2,0.0,2006~2012,표본이 100명 미만이라 해석 신뢰도가 낮습니다.
단계도달,쇼트트랙 기준,시작학년,32,,,,,,,,,고등,2,100.0,2,0.0,2006~2012,표본이 100명 미만이라 해석 신뢰도가 낮습니다.
단계도달,쇼트트랙 기준,시작학년,32,,,,,,,,,대학·일반,2,100.0,2,0.0,2006~2012,표본이 100명 미만이라 해석 신뢰도가 낮습니다.
단계도달,쇼트트랙 기준,시작학년,33,,,,,,,,,중등,7,100.0,7,0.0,2007~2019,표본이 100명 미만이라 해석 신뢰도가 낮습니다.
단계도달,쇼트트랙 기준,시작학년,33,,,,,,,,,고등,7,100.0,7,0.0,2007~2019,표본이 100명 미만이라 해석 신뢰도가 낮습니다.
단계도달,쇼트트랙 기준,시작학년,33,,,,,,,,,대학·일반,7,100.0,7,0.0,2007~2019,표본이 100명 미만이라 해석 신뢰도가 낮습니다.
단계도달,쇼트트랙 기준,시작학년,34,,,,,,,,,중등,4,100.0,4,0.0,2007~2012,표본이 100명 미만이라 해석 신뢰도가 낮습니다.
단계도달,쇼트트랙 기준,시작학년,34,,,,,,,,,고등,4,100.0,4,0.0,2007~2012,표본이 100명 미만이라 해석 신뢰도가 낮습니다.
단계도달,쇼트트랙 기준,시작학년,34,,,,,,,,,대학·일반,4,100.0,4,0.0,2007~2012,표본이 100명 미만이라 해석 신뢰도가 낮습니다.
단계도달,쇼트트랙 기준,시작학년,35,,,,,,,,,중등,2,100.0,2,0.0,2006~2021,표본이 100명 미만이라 해석 신뢰도가 낮습니다.
단계도달,쇼트트랙 기준,시작학년,35,,,,,,,,,고등,2,100.0,2,0.0,2006~2021,표본이 100명 미만이라 해석 신뢰도가 낮습니다.
단계도달,쇼트트랙 기준,시작학년,35,,,,,,,,,대학·일반,2,100.0,2,0.0,2006~2021,표본이 100명 미만이라 해석 신뢰도가 낮습니다.
단계도달,쇼트트랙 기준,시작학년,36,,,,,,,,,중등,4,100.0,4,0.0,2006~2017,표본이 100명 미만이라 해석 신뢰도가 낮습니다.
단계도달,쇼트트랙 기준,시작학년,36,,,,,,,,,고등,4,100.0,4,0.0,2006~2017,표본이 100명 미만이라 해석 신뢰도가 낮습니다.
단계도달,쇼트트랙 기준,시작학년,36,,,,,,,,,대학·일반,4,100.0,4,0.0,2006~2017,표본이 100명 미만이라 해석 신뢰도가 낮습니다.
단계도달,쇼트트랙 기준,시작학년,37,,,,,,,,,중등,3,100.0,3,0.0,2006~2015,표본이 100명 미만이라 해석 신뢰도가 낮습니다.
단계도달,쇼트트랙 기준,시작학년,37,,,,,,,,,고등,3,100.0,3,0.0,2006~2015,표본이 100명 미만이라 해석 신뢰도가 낮습니다.
단계도달,쇼트트랙 기준,시작학년,37,,,,,,,,,대학·일반,3,100.0,3,0.0,2006~2015,표본이 100명 미만이라 해석 신뢰도가 낮습니다.
단계도달,쇼트트랙 기준,시작학년,38,,,,,,,,,중등,6,100.0,6,0.0,2006~2012,표본이 100명 미만이라 해석 신뢰도가 낮습니다.
단계도달,쇼트트랙 기준,시작학년,38,,,,,,,,,고등,6,100.0,6,0.0,2006~2012,표본이 100명 미만이라 해석 신뢰도가 낮습니다.
단계도달,쇼트트랙 기준,시작학년,38,,,,,,,,,대학·일반,6,100.0,6,0.0,2006~2012,표본이 100명 미만이라 해석 신뢰도가 낮습니다.
단계도달,쇼트트랙 기준,시작학년,39,,,,,,,,,중등,5,100.0,5,0.0,2006~2015,표본이 100명 미만이라 해석 신뢰도가 낮습니다.
단계도달,쇼트트랙 기준,시작학년,39,,,,,,,,,고등,5,100.0,5,0.0,2006~2015,표본이 100명 미만이라 해석 신뢰도가 낮습니다.
단계도달,쇼트트랙 기준,시작학년,39,,,,,,,,,대학·일반,5,100.0,5,0.0,2006~2015,표본이 100명 미만이라 해석 신뢰도가 낮습니다.
단계도달,쇼트트랙 기준,시작학년,4,,,,,,,,,중등,161,62.4,258,0.0,2006~2026,
단계도달,쇼트트랙 기준,시작학년,4,,,,,,,,,고등,99,43.23,229,0.0,2006~2026,
단계도달,쇼트트랙 기준,시작학년,4,,,,,,,,,대학·일반,43,28.1,153,0.0,2006~2026,
단계도달,쇼트트랙 기준,시작학년,40,,,,,,,,,중등,1,100.0,1,0.0,2006~2011,표본이 100명 미만이라 해석 신뢰도가 낮습니다.
단계도달,쇼트트랙 기준,시작학년,40,,,,,,,,,고등,1,100.0,1,0.0,2006~2011,표본이 100명 미만이라 해석 신뢰도가 낮습니다.
단계도달,쇼트트랙 기준,시작학년,40,,,,,,,,,대학·일반,1,100.0,1,0.0,2006~2011,표본이 100명 미만이라 해석 신뢰도가 낮습니다.
단계도달,쇼트트랙 기준,시작학년,41,,,,,,,,,중등,5,100.0,5,0.0,2009~2017,표본이 100명 미만이라 해석 신뢰도가 낮습니다.
단계도달,쇼트트랙 기준,시작학년,41,,,,,,,,,고등,5,100.0,5,0.0,2009~2017,표본이 100명 미만이라 해석 신뢰도가 낮습니다.
단계도달,쇼트트랙 기준,시작학년,41,,,,,,,,,대학·일반,5,100.0,5,0.0,2009~2017,표본이 100명 미만이라 해석 신뢰도가 낮습니다.
단계도달,쇼트트랙 기준,시작학년,42,,,,,,,,,중등,3,100.0,3,0.0,2006~2019,표본이 100명 미만이라 해석 신뢰도가 낮습니다.
단계도달,쇼트트랙 기준,시작학년,42,,,,,,,,,고등,3,100.0,3,0.0,2006~2019,표본이 100명 미만이라 해석 신뢰도가 낮습니다.
단계도달,쇼트트랙 기준,시작학년,42,,,,,,,,,대학·일반,3,100.0,3,0.0,2006~2019,표본이 100명 미만이라 해석 신뢰도가 낮습니다.
단계도달,쇼트트랙 기준,시작학년,43,,,,,,,,,중등,2,100.0,2,0.0,2006~2012,표본이 100명 미만이라 해석 신뢰도가 낮습니다.
단계도달,쇼트트랙 기준,시작학년,43,,,,,,,,,고등,2,100.0,2,0.0,2006~2012,표본이 100명 미만이라 해석 신뢰도가 낮습니다.
단계도달,쇼트트랙 기준,시작학년,43,,,,,,,,,대학·일반,2,100.0,2,0.0,2006~2012,표본이 100명 미만이라 해석 신뢰도가 낮습니다.
단계도달,쇼트트랙 기준,시작학년,44,,,,,,,,,중등,4,100.0,4,0.0,2011~2014,표본이 100명 미만이라 해석 신뢰도가 낮습니다.
단계도달,쇼트트랙 기준,시작학년,44,,,,,,,,,고등,4,100.0,4,0.0,2011~2014,표본이 100명 미만이라 해석 신뢰도가 낮습니다.
단계도달,쇼트트랙 기준,시작학년,44,,,,,,,,,대학·일반,4,100.0,4,0.0,2011~2014,표본이 100명 미만이라 해석 신뢰도가 낮습니다.
단계도달,쇼트트랙 기준,시작학년,45,,,,,,,,,중등,3,100.0,3,0.0,2008~2012,표본이 100명 미만이라 해석 신뢰도가 낮습니다.
단계도달,쇼트트랙 기준,시작학년,45,,,,,,,,,고등,3,100.0,3,0.0,2008~2012,표본이 100명 미만이라 해석 신뢰도가 낮습니다.
단계도달,쇼트트랙 기준,시작학년,45,,,,,,,,,대학·일반,3,100.0,3,0.0,2008~2012,표본이 100명 미만이라 해석 신뢰도가 낮습니다.
단계도달,쇼트트랙 기준,시작학년,46,,,,,,,,,중등,1,100.0,1,0.0,2017,표본이 100명 미만이라 해석 신뢰도가 낮습니다.
단계도달,쇼트트랙 기준,시작학년,46,,,,,,,,,고등,1,100.0,1,0.0,2017,표본이 100명 미만이라 해석 신뢰도가 낮습니다.
단계도달,쇼트트랙 기준,시작학년,46,,,,,,,,,대학·일반,1,100.0,1,0.0,2017,표본이 100명 미만이라 해석 신뢰도가 낮습니다.
단계도달,쇼트트랙 기준,시작학년,5,,,,,,,,,중등,134,72.04,186,0.0,2006~2026,
단계도달,쇼트트랙 기준,시작학년,5,,,,,,,,,고등,66,41.25,160,0.0,2006~2026,
단계도달,쇼트트랙 기준,시작학년,5,,,,,,,,,대학·일반,40,34.78,115,0.0,2006~2026,
단계도달,쇼트트랙 기준,시작학년,53,,,,,,,,,중등,1,100.0,1,0.0,2015,표본이 100명 미만이라 해석 신뢰도가 낮습니다.
단계도달,쇼트트랙 기준,시작학년,53,,,,,,,,,고등,1,100.0,1,0.0,2015,표본이 100명 미만이라 해석 신뢰도가 낮습니다.
단계도달,쇼트트랙 기준,시작학년,53,,,,,,,,,대학·일반,1,100.0,1,0.0,2015,표본이 100명 미만이라 해석 신뢰도가 낮습니다.
단계도달,쇼트트랙 기준,시작학년,57,,,,,,,,,중등,1,100.0,1,0.0,2016,표본이 100명 미만이라 해석 신뢰도가 낮습니다.
단계도달,쇼트트랙 기준,시작학년,57,,,,,,,,,고등,1,100.0,1,0.0,2016,표본이 100명 미만이라 해석 신뢰도가 낮습니다.
단계도달,쇼트트랙 기준,시작학년,57,,,,,,,,,대학·일반,1,100.0,1,0.0,2016,표본이 100명 미만이라 해석 신뢰도가 낮습니다.
단계도달,쇼트트랙 기준,시작학년,58,,,,,,,,,중등,1,100.0,1,0.0,2014,표본이 100명 미만이라 해석 신뢰도가 낮습니다.
단계도달,쇼트트랙 기준,시작학년,58,,,,,,,,,고등,1,100.0,1,0.0,2014,표본이 100명 미만이라 해석 신뢰도가 낮습니다.
단계도달,쇼트트랙 기준,시작학년,58,,,,,,,,,대학·일반,1,100.0,1,0.0,2014,표본이 100명 미만이라 해석 신뢰도가 낮습니다.
단계도달,쇼트트랙 기준,시작학년,6,,,,,,,,,중등,187,85.0,220,0.0,2006~2026,
단계도달,쇼트트랙 기준,시작학년,6,,,,,,,,,고등,76,44.44,171,0.0,2006~2026,
단계도달,쇼트트랙 기준,시작학년,6,,,,,,,,,대학·일반,27,20.45,132,0.0,2006~2026,
단계도달,쇼트트랙 기준,시작학년,7,,,,,,,,,중등,90,100.0,90,0.0,2006~2025,표본이 100명 미만이라 해석 신뢰도가 낮습니다.
단계도달,쇼트트랙 기준,시작학년,7,,,,,,,,,고등,49,62.82,78,0.0,2006~2025,표본이 100명 미만이라 해석 신뢰도가 낮습니다.
단계도달,쇼트트랙 기준,시작학년,7,,,,,,,,,대학·일반,16,24.62,65,0.0,2006~2025,표본이 100명 미만이라 해석 신뢰도가 낮습니다.
단계도달,쇼트트랙 기준,시작학년,8,,,,,,,,,중등,54,100.0,54,0.0,2006~2025,표본이 100명 미만이라 해석 신뢰도가 낮습니다.
단계도달,쇼트트랙 기준,시작학년,8,,,,,,,,,고등,25,50.0,50,0.0,2006~2025,표본이 100명 미만이라 해석 신뢰도가 낮습니다.
단계도달,쇼트트랙 기준,시작학년,8,,,,,,,,,대학·일반,12,27.91,43,0.0,2006~2025,표본이 100명 미만이라 해석 신뢰도가 낮습니다.
단계도달,쇼트트랙 기준,시작학년,9,,,,,,,,,중등,62,100.0,62,0.0,2006~2025,표본이 100명 미만이라 해석 신뢰도가 낮습니다.
단계도달,쇼트트랙 기준,시작학년,9,,,,,,,,,고등,53,85.48,62,0.0,2006~2025,표본이 100명 미만이라 해석 신뢰도가 낮습니다.
단계도달,쇼트트랙 기준,시작학년,9,,,,,,,,,대학·일반,16,32.65,49,0.0,2006~2025,표본이 100명 미만이라 해석 신뢰도가 낮습니다.
단계도달,쇼트트랙 기준,시작시즌대,2006~2009,,,,,,,,,중등,153,66.52,230,0.0,2006~2009,
단계도달,쇼트트랙 기준,시작시즌대,2006~2009,,,,,,,,,고등,128,55.65,230,0.0,2006~2009,
단계도달,쇼트트랙 기준,시작시즌대,2006~2009,,,,,,,,,대학·일반,100,43.48,230,0.0,2006~2009,
단계도달,쇼트트랙 기준,시작시즌대,2010~2013,,,,,,,,,중등,289,73.91,391,0.0,2010~2013,
단계도달,쇼트트랙 기준,시작시즌대,2010~2013,,,,,,,,,고등,212,54.22,391,0.0,2010~2013,
단계도달,쇼트트랙 기준,시작시즌대,2010~2013,,,,,,,,,대학·일반,140,35.81,391,0.0,2010~2013,
단계도달,쇼트트랙 기준,시작시즌대,2014~2017,,,,,,,,,중등,285,74.41,383,0.0,2014~2017,
단계도달,쇼트트랙 기준,시작시즌대,2014~2017,,,,,,,,,고등,179,47.73,375,0.0,2014~2017,
단계도달,쇼트트랙 기준,시작시즌대,2014~2017,,,,,,,,,대학·일반,93,31.85,292,0.0,2014~2017,
단계도달,쇼트트랙 기준,시작시즌대,2018~2021,,,,,,,,,중등,250,72.25,346,0.0,2018~2021,
단계도달,쇼트트랙 기준,시작시즌대,2018~2021,,,,,,,,,고등,128,54.7,234,0.0,2018~2021,
단계도달,쇼트트랙 기준,시작시즌대,2018~2021,,,,,,,,,대학·일반,30,46.15,65,0.0,2018~2021,표본이 100명 미만이라 해석 신뢰도가 낮습니다.
단계도달,쇼트트랙 기준,시작시즌대,2022~2025,,,,,,,,,중등,127,84.11,151,0.0,2022~2025,
단계도달,쇼트트랙 기준,시작시즌대,2022~2025,,,,,,,,,고등,41,87.23,47,0.0,2022~2025,표본이 100명 미만이라 해석 신뢰도가 낮습니다.
단계도달,쇼트트랙 기준,시작시즌대,2022~2025,,,,,,,,,대학·일반,10,76.92,13,0.0,2022~2025,표본이 100명 미만이라 해석 신뢰도가 낮습니다.
단계도달,쇼트트랙 기준,시작시즌대,2026~2029,,,,,,,,,중등,0,,0,0.0,2026,표본이 100명 미만이라 해석 신뢰도가 낮습니다.
단계도달,쇼트트랙 기준,시작시즌대,2026~2029,,,,,,,,,고등,0,,0,0.0,2026,표본이 100명 미만이라 해석 신뢰도가 낮습니다.
단계도달,쇼트트랙 기준,시작시즌대,2026~2029,,,,,,,,,대학·일반,0,,0,0.0,2026,표본이 100명 미만이라 해석 신뢰도가 낮습니다.
단계도달,빙상 전체 기준,전체,전체,,,,,,,,,중등,1104,73.55,1501,0.0,2006~2026,
단계도달,빙상 전체 기준,전체,전체,,,,,,,,,고등,688,53.88,1277,0.0,2006~2026,
단계도달,빙상 전체 기준,전체,전체,,,,,,,,,대학·일반,373,37.64,991,0.0,2006~2026,
단계도달,빙상 전체 기준,성별,남,,,,,,,,,중등,640,72.15,887,0.0,2006~2026,
단계도달,빙상 전체 기준,성별,남,,,,,,,,,고등,415,54.82,757,0.0,2006~2026,
단계도달,빙상 전체 기준,성별,남,,,,,,,,,대학·일반,250,41.46,603,0.0,2006~2026,
단계도달,빙상 전체 기준,성별,여,,,,,,,,,중등,464,75.57,614,0.0,2006~2026,
단계도달,빙상 전체 기준,성별,여,,,,,,,,,고등,273,52.5,520,0.0,2006~2026,
단계도달,빙상 전체 기준,성별,여,,,,,,,,,대학·일반,123,31.7,388,0.0,2006~2026,
단계도달,빙상 전체 기준,시작학년,1,,,,,,,,,중등,32,56.14,57,0.0,2006~2025,표본이 100명 미만이라 해석 신뢰도가 낮습니다.
단계도달,빙상 전체 기준,시작학년,1,,,,,,,,,고등,19,51.35,37,0.0,2006~2025,표본이 100명 미만이라 해석 신뢰도가 낮습니다.
단계도달,빙상 전체 기준,시작학년,1,,,,,,,,,대학·일반,9,40.91,22,0.0,2006~2025,표본이 100명 미만이라 해석 신뢰도가 낮습니다.
단계도달,빙상 전체 기준,시작학년,10,,,,,,,,,중등,31,100.0,31,0.0,2006~2024,표본이 100명 미만이라 해석 신뢰도가 낮습니다.
단계도달,빙상 전체 기준,시작학년,10,,,,,,,,,고등,31,100.0,31,0.0,2006~2024,표본이 100명 미만이라 해석 신뢰도가 낮습니다.
단계도달,빙상 전체 기준,시작학년,10,,,,,,,,,대학·일반,11,44.0,25,0.0,2006~2024,표본이 100명 미만이라 해석 신뢰도가 낮습니다.
단계도달,빙상 전체 기준,시작학년,11,,,,,,,,,중등,21,100.0,21,0.0,2006~2024,표본이 100명 미만이라 해석 신뢰도가 낮습니다.
단계도달,빙상 전체 기준,시작학년,11,,,,,,,,,고등,21,100.0,21,0.0,2006~2024,표본이 100명 미만이라 해석 신뢰도가 낮습니다.
단계도달,빙상 전체 기준,시작학년,11,,,,,,,,,대학·일반,8,38.1,21,0.0,2006~2024,표본이 100명 미만이라 해석 신뢰도가 낮습니다.
단계도달,빙상 전체 기준,시작학년,12,,,,,,,,,중등,22,100.0,22,0.0,2006~2025,표본이 100명 미만이라 해석 신뢰도가 낮습니다.
단계도달,빙상 전체 기준,시작학년,12,,,,,,,,,고등,22,100.0,22,0.0,2006~2025,표본이 100명 미만이라 해석 신뢰도가 낮습니다.
단계도달,빙상 전체 기준,시작학년,12,,,,,,,,,대학·일반,13,59.09,22,0.0,2006~2025,표본이 100명 미만이라 해석 신뢰도가 낮습니다.
단계도달,빙상 전체 기준,시작학년,13,,,,,,,,,중등,8,100.0,8,0.0,2006~2019,표본이 100명 미만이라 해석 신뢰도가 낮습니다.
단계도달,빙상 전체 기준,시작학년,13,,,,,,,,,고등,8,100.0,8,0.0,2006~2019,표본이 100명 미만이라 해석 신뢰도가 낮습니다.
단계도달,빙상 전체 기준,시작학년,13,,,,,,,,,대학·일반,8,100.0,8,0.0,2006~2019,표본이 100명 미만이라 해석 신뢰도가 낮습니다.
단계도달,빙상 전체 기준,시작학년,14,,,,,,,,,중등,3,100.0,3,0.0,2006~2016,표본이 100명 미만이라 해석 신뢰도가 낮습니다.
단계도달,빙상 전체 기준,시작학년,14,,,,,,,,,고등,3,100.0,3,0.0,2006~2016,표본이 100명 미만이라 해석 신뢰도가 낮습니다.
단계도달,빙상 전체 기준,시작학년,14,,,,,,,,,대학·일반,3,100.0,3,0.0,2006~2016,표본이 100명 미만이라 해석 신뢰도가 낮습니다.
단계도달,빙상 전체 기준,시작학년,15,,,,,,,,,중등,5,100.0,5,0.0,2006~2022,표본이 100명 미만이라 해석 신뢰도가 낮습니다.
단계도달,빙상 전체 기준,시작학년,15,,,,,,,,,고등,5,100.0,5,0.0,2006~2022,표본이 100명 미만이라 해석 신뢰도가 낮습니다.
단계도달,빙상 전체 기준,시작학년,15,,,,,,,,,대학·일반,5,100.0,5,0.0,2006~2022,표본이 100명 미만이라 해석 신뢰도가 낮습니다.
단계도달,빙상 전체 기준,시작학년,16,,,,,,,,,중등,5,100.0,5,0.0,2006~2025,표본이 100명 미만이라 해석 신뢰도가 낮습니다.
단계도달,빙상 전체 기준,시작학년,16,,,,,,,,,고등,5,100.0,5,0.0,2006~2025,표본이 100명 미만이라 해석 신뢰도가 낮습니다.
단계도달,빙상 전체 기준,시작학년,16,,,,,,,,,대학·일반,5,100.0,5,0.0,2006~2025,표본이 100명 미만이라 해석 신뢰도가 낮습니다.
단계도달,빙상 전체 기준,시작학년,17,,,,,,,,,중등,6,100.0,6,0.0,2006~2019,표본이 100명 미만이라 해석 신뢰도가 낮습니다.
단계도달,빙상 전체 기준,시작학년,17,,,,,,,,,고등,6,100.0,6,0.0,2006~2019,표본이 100명 미만이라 해석 신뢰도가 낮습니다.
단계도달,빙상 전체 기준,시작학년,17,,,,,,,,,대학·일반,6,100.0,6,0.0,2006~2019,표본이 100명 미만이라 해석 신뢰도가 낮습니다.
단계도달,빙상 전체 기준,시작학년,18,,,,,,,,,중등,3,100.0,3,0.0,2006~2025,표본이 100명 미만이라 해석 신뢰도가 낮습니다.
단계도달,빙상 전체 기준,시작학년,18,,,,,,,,,고등,3,100.0,3,0.0,2006~2025,표본이 100명 미만이라 해석 신뢰도가 낮습니다.
단계도달,빙상 전체 기준,시작학년,18,,,,,,,,,대학·일반,3,100.0,3,0.0,2006~2025,표본이 100명 미만이라 해석 신뢰도가 낮습니다.
단계도달,빙상 전체 기준,시작학년,19,,,,,,,,,중등,4,100.0,4,0.0,2006~2025,표본이 100명 미만이라 해석 신뢰도가 낮습니다.
단계도달,빙상 전체 기준,시작학년,19,,,,,,,,,고등,4,100.0,4,0.0,2006~2025,표본이 100명 미만이라 해석 신뢰도가 낮습니다.
단계도달,빙상 전체 기준,시작학년,19,,,,,,,,,대학·일반,4,100.0,4,0.0,2006~2025,표본이 100명 미만이라 해석 신뢰도가 낮습니다.
단계도달,빙상 전체 기준,시작학년,2,,,,,,,,,중등,83,49.7,167,0.0,2006~2026,
단계도달,빙상 전체 기준,시작학년,2,,,,,,,,,고등,46,36.8,125,0.0,2006~2026,
단계도달,빙상 전체 기준,시작학년,2,,,,,,,,,대학·일반,32,34.78,92,0.0,2006~2026,표본이 100명 미만이라 해석 신뢰도가 낮습니다.
단계도달,빙상 전체 기준,시작학년,20,,,,,,,,,중등,2,100.0,2,0.0,2006~2016,표본이 100명 미만이라 해석 신뢰도가 낮습니다.
단계도달,빙상 전체 기준,시작학년,20,,,,,,,,,고등,2,100.0,2,0.0,2006~2016,표본이 100명 미만이라 해석 신뢰도가 낮습니다.
단계도달,빙상 전체 기준,시작학년,20,,,,,,,,,대학·일반,2,100.0,2,0.0,2006~2016,표본이 100명 미만이라 해석 신뢰도가 낮습니다.
단계도달,빙상 전체 기준,시작학년,21,,,,,,,,,중등,2,100.0,2,0.0,2007,표본이 100명 미만이라 해석 신뢰도가 낮습니다.
단계도달,빙상 전체 기준,시작학년,21,,,,,,,,,고등,2,100.0,2,0.0,2007,표본이 100명 미만이라 해석 신뢰도가 낮습니다.
단계도달,빙상 전체 기준,시작학년,21,,,,,,,,,대학·일반,2,100.0,2,0.0,2007,표본이 100명 미만이라 해석 신뢰도가 낮습니다.
단계도달,빙상 전체 기준,시작학년,22,,,,,,,,,중등,1,100.0,1,0.0,2008,표본이 100명 미만이라 해석 신뢰도가 낮습니다.
단계도달,빙상 전체 기준,시작학년,22,,,,,,,,,고등,1,100.0,1,0.0,2008,표본이 100명 미만이라 해석 신뢰도가 낮습니다.
단계도달,빙상 전체 기준,시작학년,22,,,,,,,,,대학·일반,1,100.0,1,0.0,2008,표본이 100명 미만이라 해석 신뢰도가 낮습니다.
단계도달,빙상 전체 기준,시작학년,25,,,,,,,,,중등,1,100.0,1,0.0,2016,표본이 100명 미만이라 해석 신뢰도가 낮습니다.
단계도달,빙상 전체 기준,시작학년,25,,,,,,,,,고등,1,100.0,1,0.0,2016,표본이 100명 미만이라 해석 신뢰도가 낮습니다.
단계도달,빙상 전체 기준,시작학년,25,,,,,,,,,대학·일반,1,100.0,1,0.0,2016,표본이 100명 미만이라 해석 신뢰도가 낮습니다.
단계도달,빙상 전체 기준,시작학년,26,,,,,,,,,중등,1,100.0,1,0.0,2009,표본이 100명 미만이라 해석 신뢰도가 낮습니다.
단계도달,빙상 전체 기준,시작학년,26,,,,,,,,,고등,1,100.0,1,0.0,2009,표본이 100명 미만이라 해석 신뢰도가 낮습니다.
단계도달,빙상 전체 기준,시작학년,26,,,,,,,,,대학·일반,1,100.0,1,0.0,2009,표본이 100명 미만이라 해석 신뢰도가 낮습니다.
단계도달,빙상 전체 기준,시작학년,27,,,,,,,,,중등,0,,0,0.0,2006,표본이 100명 미만이라 해석 신뢰도가 낮습니다.
단계도달,빙상 전체 기준,시작학년,27,,,,,,,,,고등,0,,0,0.0,2006,표본이 100명 미만이라 해석 신뢰도가 낮습니다.
단계도달,빙상 전체 기준,시작학년,27,,,,,,,,,대학·일반,0,,0,0.0,2006,표본이 100명 미만이라 해석 신뢰도가 낮습니다.
단계도달,빙상 전체 기준,시작학년,28,,,,,,,,,중등,5,100.0,5,0.0,2009~2025,표본이 100명 미만이라 해석 신뢰도가 낮습니다.
단계도달,빙상 전체 기준,시작학년,28,,,,,,,,,고등,5,100.0,5,0.0,2009~2025,표본이 100명 미만이라 해석 신뢰도가 낮습니다.
단계도달,빙상 전체 기준,시작학년,28,,,,,,,,,대학·일반,5,100.0,5,0.0,2009~2025,표본이 100명 미만이라 해석 신뢰도가 낮습니다.
단계도달,빙상 전체 기준,시작학년,29,,,,,,,,,중등,3,100.0,3,0.0,2007~2019,표본이 100명 미만이라 해석 신뢰도가 낮습니다.
단계도달,빙상 전체 기준,시작학년,29,,,,,,,,,고등,3,100.0,3,0.0,2007~2019,표본이 100명 미만이라 해석 신뢰도가 낮습니다.
단계도달,빙상 전체 기준,시작학년,29,,,,,,,,,대학·일반,3,100.0,3,0.0,2007~2019,표본이 100명 미만이라 해석 신뢰도가 낮습니다.
단계도달,빙상 전체 기준,시작학년,3,,,,,,,,,중등,122,53.51,228,0.0,2006~2026,
단계도달,빙상 전체 기준,시작학년,3,,,,,,,,,고등,76,40.86,186,0.0,2006~2026,
단계도달,빙상 전체 기준,시작학년,3,,,,,,,,,대학·일반,41,27.89,147,0.0,2006~2026,
단계도달,빙상 전체 기준,시작학년,30,,,,,,,,,중등,1,100.0,1,0.0,2007,표본이 100명 미만이라 해석 신뢰도가 낮습니다.
단계도달,빙상 전체 기준,시작학년,30,,,,,,,,,고등,1,100.0,1,0.0,2007,표본이 100명 미만이라 해석 신뢰도가 낮습니다.
단계도달,빙상 전체 기준,시작학년,30,,,,,,,,,대학·일반,1,100.0,1,0.0,2007,표본이 100명 미만이라 해석 신뢰도가 낮습니다.
단계도달,빙상 전체 기준,시작학년,31,,,,,,,,,중등,0,,0,0.0,2006,표본이 100명 미만이라 해석 신뢰도가 낮습니다.
단계도달,빙상 전체 기준,시작학년,31,,,,,,,,,고등,0,,0,0.0,2006,표본이 100명 미만이라 해석 신뢰도가 낮습니다.
단계도달,빙상 전체 기준,시작학년,31,,,,,,,,,대학·일반,0,,0,0.0,2006,표본이 100명 미만이라 해석 신뢰도가 낮습니다.
단계도달,빙상 전체 기준,시작학년,32,,,,,,,,,중등,2,100.0,2,0.0,2006~2012,표본이 100명 미만이라 해석 신뢰도가 낮습니다.
단계도달,빙상 전체 기준,시작학년,32,,,,,,,,,고등,2,100.0,2,0.0,2006~2012,표본이 100명 미만이라 해석 신뢰도가 낮습니다.
단계도달,빙상 전체 기준,시작학년,32,,,,,,,,,대학·일반,2,100.0,2,0.0,2006~2012,표본이 100명 미만이라 해석 신뢰도가 낮습니다.
단계도달,빙상 전체 기준,시작학년,33,,,,,,,,,중등,7,100.0,7,0.0,2007~2019,표본이 100명 미만이라 해석 신뢰도가 낮습니다.
단계도달,빙상 전체 기준,시작학년,33,,,,,,,,,고등,7,100.0,7,0.0,2007~2019,표본이 100명 미만이라 해석 신뢰도가 낮습니다.
단계도달,빙상 전체 기준,시작학년,33,,,,,,,,,대학·일반,7,100.0,7,0.0,2007~2019,표본이 100명 미만이라 해석 신뢰도가 낮습니다.
단계도달,빙상 전체 기준,시작학년,34,,,,,,,,,중등,4,100.0,4,0.0,2007~2012,표본이 100명 미만이라 해석 신뢰도가 낮습니다.
단계도달,빙상 전체 기준,시작학년,34,,,,,,,,,고등,4,100.0,4,0.0,2007~2012,표본이 100명 미만이라 해석 신뢰도가 낮습니다.
단계도달,빙상 전체 기준,시작학년,34,,,,,,,,,대학·일반,4,100.0,4,0.0,2007~2012,표본이 100명 미만이라 해석 신뢰도가 낮습니다.
단계도달,빙상 전체 기준,시작학년,35,,,,,,,,,중등,2,100.0,2,0.0,2006~2021,표본이 100명 미만이라 해석 신뢰도가 낮습니다.
단계도달,빙상 전체 기준,시작학년,35,,,,,,,,,고등,2,100.0,2,0.0,2006~2021,표본이 100명 미만이라 해석 신뢰도가 낮습니다.
단계도달,빙상 전체 기준,시작학년,35,,,,,,,,,대학·일반,2,100.0,2,0.0,2006~2021,표본이 100명 미만이라 해석 신뢰도가 낮습니다.
단계도달,빙상 전체 기준,시작학년,36,,,,,,,,,중등,4,100.0,4,0.0,2006~2017,표본이 100명 미만이라 해석 신뢰도가 낮습니다.
단계도달,빙상 전체 기준,시작학년,36,,,,,,,,,고등,4,100.0,4,0.0,2006~2017,표본이 100명 미만이라 해석 신뢰도가 낮습니다.
단계도달,빙상 전체 기준,시작학년,36,,,,,,,,,대학·일반,4,100.0,4,0.0,2006~2017,표본이 100명 미만이라 해석 신뢰도가 낮습니다.
단계도달,빙상 전체 기준,시작학년,37,,,,,,,,,중등,3,100.0,3,0.0,2006~2015,표본이 100명 미만이라 해석 신뢰도가 낮습니다.
단계도달,빙상 전체 기준,시작학년,37,,,,,,,,,고등,3,100.0,3,0.0,2006~2015,표본이 100명 미만이라 해석 신뢰도가 낮습니다.
단계도달,빙상 전체 기준,시작학년,37,,,,,,,,,대학·일반,3,100.0,3,0.0,2006~2015,표본이 100명 미만이라 해석 신뢰도가 낮습니다.
단계도달,빙상 전체 기준,시작학년,38,,,,,,,,,중등,6,100.0,6,0.0,2006~2012,표본이 100명 미만이라 해석 신뢰도가 낮습니다.
단계도달,빙상 전체 기준,시작학년,38,,,,,,,,,고등,6,100.0,6,0.0,2006~2012,표본이 100명 미만이라 해석 신뢰도가 낮습니다.
단계도달,빙상 전체 기준,시작학년,38,,,,,,,,,대학·일반,6,100.0,6,0.0,2006~2012,표본이 100명 미만이라 해석 신뢰도가 낮습니다.
단계도달,빙상 전체 기준,시작학년,39,,,,,,,,,중등,5,100.0,5,0.0,2006~2015,표본이 100명 미만이라 해석 신뢰도가 낮습니다.
단계도달,빙상 전체 기준,시작학년,39,,,,,,,,,고등,5,100.0,5,0.0,2006~2015,표본이 100명 미만이라 해석 신뢰도가 낮습니다.
단계도달,빙상 전체 기준,시작학년,39,,,,,,,,,대학·일반,5,100.0,5,0.0,2006~2015,표본이 100명 미만이라 해석 신뢰도가 낮습니다.
단계도달,빙상 전체 기준,시작학년,4,,,,,,,,,중등,161,62.4,258,0.0,2006~2026,
단계도달,빙상 전체 기준,시작학년,4,,,,,,,,,고등,99,43.23,229,0.0,2006~2026,
단계도달,빙상 전체 기준,시작학년,4,,,,,,,,,대학·일반,43,28.1,153,0.0,2006~2026,
단계도달,빙상 전체 기준,시작학년,40,,,,,,,,,중등,1,100.0,1,0.0,2006~2011,표본이 100명 미만이라 해석 신뢰도가 낮습니다.
단계도달,빙상 전체 기준,시작학년,40,,,,,,,,,고등,1,100.0,1,0.0,2006~2011,표본이 100명 미만이라 해석 신뢰도가 낮습니다.
단계도달,빙상 전체 기준,시작학년,40,,,,,,,,,대학·일반,1,100.0,1,0.0,2006~2011,표본이 100명 미만이라 해석 신뢰도가 낮습니다.
단계도달,빙상 전체 기준,시작학년,41,,,,,,,,,중등,5,100.0,5,0.0,2009~2017,표본이 100명 미만이라 해석 신뢰도가 낮습니다.
단계도달,빙상 전체 기준,시작학년,41,,,,,,,,,고등,5,100.0,5,0.0,2009~2017,표본이 100명 미만이라 해석 신뢰도가 낮습니다.
단계도달,빙상 전체 기준,시작학년,41,,,,,,,,,대학·일반,5,100.0,5,0.0,2009~2017,표본이 100명 미만이라 해석 신뢰도가 낮습니다.
단계도달,빙상 전체 기준,시작학년,42,,,,,,,,,중등,3,100.0,3,0.0,2006~2019,표본이 100명 미만이라 해석 신뢰도가 낮습니다.
단계도달,빙상 전체 기준,시작학년,42,,,,,,,,,고등,3,100.0,3,0.0,2006~2019,표본이 100명 미만이라 해석 신뢰도가 낮습니다.
단계도달,빙상 전체 기준,시작학년,42,,,,,,,,,대학·일반,3,100.0,3,0.0,2006~2019,표본이 100명 미만이라 해석 신뢰도가 낮습니다.
단계도달,빙상 전체 기준,시작학년,43,,,,,,,,,중등,2,100.0,2,0.0,2006~2012,표본이 100명 미만이라 해석 신뢰도가 낮습니다.
단계도달,빙상 전체 기준,시작학년,43,,,,,,,,,고등,2,100.0,2,0.0,2006~2012,표본이 100명 미만이라 해석 신뢰도가 낮습니다.
단계도달,빙상 전체 기준,시작학년,43,,,,,,,,,대학·일반,2,100.0,2,0.0,2006~2012,표본이 100명 미만이라 해석 신뢰도가 낮습니다.
단계도달,빙상 전체 기준,시작학년,44,,,,,,,,,중등,4,100.0,4,0.0,2011~2014,표본이 100명 미만이라 해석 신뢰도가 낮습니다.
단계도달,빙상 전체 기준,시작학년,44,,,,,,,,,고등,4,100.0,4,0.0,2011~2014,표본이 100명 미만이라 해석 신뢰도가 낮습니다.
단계도달,빙상 전체 기준,시작학년,44,,,,,,,,,대학·일반,4,100.0,4,0.0,2011~2014,표본이 100명 미만이라 해석 신뢰도가 낮습니다.
단계도달,빙상 전체 기준,시작학년,45,,,,,,,,,중등,3,100.0,3,0.0,2008~2012,표본이 100명 미만이라 해석 신뢰도가 낮습니다.
단계도달,빙상 전체 기준,시작학년,45,,,,,,,,,고등,3,100.0,3,0.0,2008~2012,표본이 100명 미만이라 해석 신뢰도가 낮습니다.
단계도달,빙상 전체 기준,시작학년,45,,,,,,,,,대학·일반,3,100.0,3,0.0,2008~2012,표본이 100명 미만이라 해석 신뢰도가 낮습니다.
단계도달,빙상 전체 기준,시작학년,46,,,,,,,,,중등,1,100.0,1,0.0,2017,표본이 100명 미만이라 해석 신뢰도가 낮습니다.
단계도달,빙상 전체 기준,시작학년,46,,,,,,,,,고등,1,100.0,1,0.0,2017,표본이 100명 미만이라 해석 신뢰도가 낮습니다.
단계도달,빙상 전체 기준,시작학년,46,,,,,,,,,대학·일반,1,100.0,1,0.0,2017,표본이 100명 미만이라 해석 신뢰도가 낮습니다.
단계도달,빙상 전체 기준,시작학년,5,,,,,,,,,중등,134,72.04,186,0.0,2006~2026,
단계도달,빙상 전체 기준,시작학년,5,,,,,,,,,고등,66,41.25,160,0.0,2006~2026,
단계도달,빙상 전체 기준,시작학년,5,,,,,,,,,대학·일반,40,34.78,115,0.0,2006~2026,
단계도달,빙상 전체 기준,시작학년,53,,,,,,,,,중등,1,100.0,1,0.0,2015,표본이 100명 미만이라 해석 신뢰도가 낮습니다.
단계도달,빙상 전체 기준,시작학년,53,,,,,,,,,고등,1,100.0,1,0.0,2015,표본이 100명 미만이라 해석 신뢰도가 낮습니다.
단계도달,빙상 전체 기준,시작학년,53,,,,,,,,,대학·일반,1,100.0,1,0.0,2015,표본이 100명 미만이라 해석 신뢰도가 낮습니다.
단계도달,빙상 전체 기준,시작학년,57,,,,,,,,,중등,1,100.0,1,0.0,2016,표본이 100명 미만이라 해석 신뢰도가 낮습니다.
단계도달,빙상 전체 기준,시작학년,57,,,,,,,,,고등,1,100.0,1,0.0,2016,표본이 100명 미만이라 해석 신뢰도가 낮습니다.
단계도달,빙상 전체 기준,시작학년,57,,,,,,,,,대학·일반,1,100.0,1,0.0,2016,표본이 100명 미만이라 해석 신뢰도가 낮습니다.
단계도달,빙상 전체 기준,시작학년,58,,,,,,,,,중등,1,100.0,1,0.0,2014,표본이 100명 미만이라 해석 신뢰도가 낮습니다.
단계도달,빙상 전체 기준,시작학년,58,,,,,,,,,고등,1,100.0,1,0.0,2014,표본이 100명 미만이라 해석 신뢰도가 낮습니다.
단계도달,빙상 전체 기준,시작학년,58,,,,,,,,,대학·일반,1,100.0,1,0.0,2014,표본이 100명 미만이라 해석 신뢰도가 낮습니다.
단계도달,빙상 전체 기준,시작학년,6,,,,,,,,,중등,187,85.0,220,0.0,2006~2026,
단계도달,빙상 전체 기준,시작학년,6,,,,,,,,,고등,76,44.44,171,0.0,2006~2026,
단계도달,빙상 전체 기준,시작학년,6,,,,,,,,,대학·일반,27,20.45,132,0.0,2006~2026,
단계도달,빙상 전체 기준,시작학년,7,,,,,,,,,중등,90,100.0,90,0.0,2006~2025,표본이 100명 미만이라 해석 신뢰도가 낮습니다.
단계도달,빙상 전체 기준,시작학년,7,,,,,,,,,고등,49,62.82,78,0.0,2006~2025,표본이 100명 미만이라 해석 신뢰도가 낮습니다.
단계도달,빙상 전체 기준,시작학년,7,,,,,,,,,대학·일반,16,24.62,65,0.0,2006~2025,표본이 100명 미만이라 해석 신뢰도가 낮습니다.
단계도달,빙상 전체 기준,시작학년,8,,,,,,,,,중등,54,100.0,54,0.0,2006~2025,표본이 100명 미만이라 해석 신뢰도가 낮습니다.
단계도달,빙상 전체 기준,시작학년,8,,,,,,,,,고등,25,50.0,50,0.0,2006~2025,표본이 100명 미만이라 해석 신뢰도가 낮습니다.
단계도달,빙상 전체 기준,시작학년,8,,,,,,,,,대학·일반,12,27.91,43,0.0,2006~2025,표본이 100명 미만이라 해석 신뢰도가 낮습니다.
단계도달,빙상 전체 기준,시작학년,9,,,,,,,,,중등,62,100.0,62,0.0,2006~2025,표본이 100명 미만이라 해석 신뢰도가 낮습니다.
단계도달,빙상 전체 기준,시작학년,9,,,,,,,,,고등,53,85.48,62,0.0,2006~2025,표본이 100명 미만이라 해석 신뢰도가 낮습니다.
단계도달,빙상 전체 기준,시작학년,9,,,,,,,,,대학·일반,16,32.65,49,0.0,2006~2025,표본이 100명 미만이라 해석 신뢰도가 낮습니다.
단계도달,빙상 전체 기준,시작시즌대,2006~2009,,,,,,,,,중등,153,66.52,230,0.0,2006~2009,
단계도달,빙상 전체 기준,시작시즌대,2006~2009,,,,,,,,,고등,128,55.65,230,0.0,2006~2009,
단계도달,빙상 전체 기준,시작시즌대,2006~2009,,,,,,,,,대학·일반,100,43.48,230,0.0,2006~2009,
단계도달,빙상 전체 기준,시작시즌대,2010~2013,,,,,,,,,중등,289,73.91,391,0.0,2010~2013,
단계도달,빙상 전체 기준,시작시즌대,2010~2013,,,,,,,,,고등,212,54.22,391,0.0,2010~2013,
단계도달,빙상 전체 기준,시작시즌대,2010~2013,,,,,,,,,대학·일반,140,35.81,391,0.0,2010~2013,
단계도달,빙상 전체 기준,시작시즌대,2014~2017,,,,,,,,,중등,285,74.41,383,0.0,2014~2017,
단계도달,빙상 전체 기준,시작시즌대,2014~2017,,,,,,,,,고등,179,47.73,375,0.0,2014~2017,
단계도달,빙상 전체 기준,시작시즌대,2014~2017,,,,,,,,,대학·일반,93,31.85,292,0.0,2014~2017,
단계도달,빙상 전체 기준,시작시즌대,2018~2021,,,,,,,,,중등,250,72.25,346,0.0,2018~2021,
단계도달,빙상 전체 기준,시작시즌대,2018~2021,,,,,,,,,고등,128,54.7,234,0.0,2018~2021,
단계도달,빙상 전체 기준,시작시즌대,2018~2021,,,,,,,,,대학·일반,30,46.15,65,0.0,2018~2021,표본이 100명 미만이라 해석 신뢰도가 낮습니다.
단계도달,빙상 전체 기준,시작시즌대,2022~2025,,,,,,,,,중등,127,84.11,151,0.0,2022~2025,
단계도달,빙상 전체 기준,시작시즌대,2022~2025,,,,,,,,,고등,41,87.23,47,0.0,2022~2025,표본이 100명 미만이라 해석 신뢰도가 낮습니다.
단계도달,빙상 전체 기준,시작시즌대,2022~2025,,,,,,,,,대학·일반,10,76.92,13,0.0,2022~2025,표본이 100명 미만이라 해석 신뢰도가 낮습니다.
단계도달,빙상 전체 기준,시작시즌대,2026~2029,,,,,,,,,중등,0,,0,0.0,2026,표본이 100명 미만이라 해석 신뢰도가 낮습니다.
단계도달,빙상 전체 기준,시작시즌대,2026~2029,,,,,,,,,고등,0,,0,0.0,2026,표본이 100명 미만이라 해석 신뢰도가 낮습니다.
단계도달,빙상 전체 기준,시작시즌대,2026~2029,,,,,,,,,대학·일반,0,,0,0.0,2026,표본이 100명 미만이라 해석 신뢰도가 낮습니다.
