원본표기,정규화키,학교급,출현횟수
은석초등학교,은석초등학교,초,332
금성초등학교,금성초등학교,초,295
한국체육대학교,한국체육대학교,대,224
대구교대안동부설초등학교,대구교대안동부설초등학교,초,126
사내초등학교,사내초등학교,초,116
단국대학교,단국대학교,대,105
버들개초등학교,버들개초등학교,초,90
금병초등학교,금병초등학교,초,83
서현고등학교,서현고등학교,고,83
서현중학교,서현중학교,중,77
양평초등학교,양평초등학교,초,75
신목고등학교,신목고등학교,고,72
대구교육대안동부설초등학교,대구교육대안동부설초등학교,초,68
유촌초등학교,유촌초등학교,초,65
노원고등학교,노원고등학교,고,62
경기일반,경기일반,기타,61
경의초등학교,경의초등학교,초,59
서울일반,서울일반,기타,59
선곡초등학교,선곡초등학교,초,59
경희대학교,경희대학교,대,57
USC,USC,기타,56
의정부고등학교,의정부고등학교,고,56
청원초등학교,청원초등학교,초,56
사동초등학교,사동초등학교,초,53
삼육초등학교,삼육초등학교,초,53
양주백석중학교,양주백석중학교,중,53
원묵초등학교,원묵초등학교,초,51
화랑초등학교,화랑초등학교,초,51
원주중앙초등학교,원주중앙초등학교,초,50
의정부중학교,의정부중학교,중,50
태강삼육초등학교,태강삼육초등학교,초,50
화성시청,화성시청,실업,49
성남시청,성남시청,실업,48
양주백석초등학교,양주백석초등학교,초,48
S.S.S.C.(서울스피드스케이트클럽),S.S.S.C.(서울스피드스케이트클럽),실업,47
의정부시청,의정부시청,실업,45
동북고등학교,동북고등학교,고,44
달산초등학교,달산초등학교,초,43
서울시청,서울시청,실업,43
신목중학교,신목중학교,중,43
양구초등학교,양구초등학교,초,42
경신고등학교,경신고등학교,고,41
리라초등학교,리라초등학교,초,41
성림초등학교,성림초등학교,초,39
경신중학교,경신중학교,중,38
화수중학교,화수중학교,중,38
고양시청,고양시청,실업,37
상명초등학교,상명초등학교,초,37
의정부여자고등학교,의정부여자고등학교,고,37
성동초등학교,성동초등학교,초,36
용인대학교,용인대학교,대,35
춘천교육대학교부설초등학교,춘천교육대학교부설초등학교,초,35
양주백석고등학교,양주백석고등학교,고,33
과천중학교,과천중학교,중,32
남춘천중학교,남춘천중학교,중,32
녹양초등학교,녹양초등학교,초,32
의정부여자중학교,의정부여자중학교,중,32
전주제일고등학교,전주제일고등학교,고,32
춘천교육대학교 부설 초등학교,춘천교육대학교부설초등학교,초,32
봄내초등학교,봄내초등학교,초,31
불암초등학교,불암초등학교,초,31
스포츠토토빙상단,스포츠토토빙상단,기타,31
전북일반,전북일반,기타,31
경희사이버대학교,경희사이버대학교,대,30
은석초등,은석초등,기타,30
정화중학교,정화중학교,중,30
철원초등학교,철원초등학교,초,30
춘천삼육초등학교,춘천삼육초등학교,초,30
태랑초등학교,태랑초등학교,초,30
한신초등학교,한신초등학교,초,30
강원체육고등학교,강원체육고등학교,고,29
광주상무초등학교,광주상무초등학교,초,29
불암중학교,불암중학교,중,29
오성중학교,오성중학교,중,29
Team - Uep,Team-Uep,기타,27
부산명진중학교,부산명진중학교,중,27
세화여자고등학교,세화여자고등학교,고,27
전주서신중학교,전주서신중학교,중,27
정화여자고등학교,정화여자고등학교,고,27
철원빙상연맹,철원빙상연맹,실업,27
화정고등학교,화정고등학교,고,27
길주중학교,길주중학교,중,26
동두천고등학교,동두천고등학교,고,26
동북중학교,동북중학교,중,26
동인초등학교,동인초등학교,초,26
만덕고등학교,만덕고등학교,고,26
성남매송초등학교,성남매송초등학교,초,26
성원초등학교,성원초등학교,초,25
을지초등학교,을지초등학교,초,25
지촌초등학교,지촌초등학교,초,25
태랑중학교,태랑중학교,중,25
행신고등학교,행신고등학교,고,25
화천초등학교,화천초등학교,초,25
강릉시청,강릉시청,실업,24
부림중학교,부림중학교,중,24
안동길주초등학교,안동길주초등학교,초,24
전라북도청,전라북도청,실업,24
과천고등학교,과천고등학교,고,22
광주빙상경기연맹,광주빙상경기연맹,실업,22
덕송초등학교,덕송초등학교,초,22
동두천시청,동두천시청,실업,22
동북초등학교,동북초등학교,초,22
제천여자중학교,제천여자중학교,중,22
지촌(지암)초등학교,지촌(지암)초등학교,초,22
화접초등학교,화접초등학교,초,22
경기고등학교,경기고등학교,고,21
계명대학교,계명대학교,대,21
권팀,권팀,기타,21
남춘천여자중학교,남춘천여자중학교,중,21
판곡고등학교,판곡고등학교,고,21
평촌고등학교,평촌고등학교,고,21
강원일반,강원일반,기타,20
계성초등학교,계성초등학교,초,20
광문고등학교,광문고등학교,고,20
대광초등학교,대광초등학교,초,20
만천초등학교,만천초등학교,초,20
서현초등학교,서현초등학교,초,20
성신여자대학교,성신여자대학교,대,20
소양초등학교,소양초등학교,초,20
안동송현초등학교,안동송현초등학교,초,20
제천중학교,제천중학교,중,20
동두천중학교,동두천중학교,중,19
동성초등학교,동성초등학교,초,19
원묵중학교,원묵중학교,중,19
의정부시스포츠클럽,의정부시스포츠클럽,실업,19
MIN TEAM,MINTEAM,기타,18
김형호,김형호,기타,18
봉화초등학교,봉화초등학교,초,18
서울삼육초등학교,서울삼육초등학교,초,18
세광중학교,세광중학교,중,18
오륜중학교,오륜중학교,중,18
중화초등학교,중화초등학교,초,18
팀 알바트로스(SAC),팀알바트로스(SAC),기타,18
경희초등학교,경희초등학교,초,17
고려대학교,고려대학교,대,17
양주덕현초등학교,양주덕현초등학교,초,17
전주전일초등학교,전주전일초등학교,초,17
평촌중학교,평촌중학교,중,17
금성초등,금성초등,기타,16
명덕초등학교,명덕초등학교,초,16
신현고등학교,신현고등학교,고,16
안동서부초등학교,안동서부초등학교,초,16
한광고등학교,한광고등학교,고,16
JS,JS,기타,15
N-Prime,N-Prime,기타,15
광운중학교,광운중학교,중,15
국군체육부대,국군체육부대학교,대,15
면목초등학교,면목초등학교,초,15
목일중학교,목일중학교,중,15
불암고등학교,불암고등학교,고,15
사내중학교,사내중학교,중,15
성일초등학교,성일초등학교,초,15
신현초등학교,신현초등학교,초,15
장평초등학교,장평초등학교,초,15
제천여자고등학교,제천여자고등학교,고,15
중앙초,중앙초등학교,초,15
청계초등학교,청계초등학교,초,15
춘천교대부설초등학교,춘천교대부설초등학교,초,15
한가람초등학교,한가람초등학교,초,15
한국스포츠레저주식회사(스포츠토토빙상단),한국스포츠레저주식회사(스포츠토토빙상단),기타,15
akh,akh,기타,14
동명초등학교,동명초등학교,초,14
목운초등학교,목운초등학교,초,14
안동초등학교,안동초등학교,초,14
유봉여자고등학교,유봉여자고등학교,고,14
일반,일반,기타,14
전북스포츠클럽,전북스포츠클럽,실업,14
전북연맹,전북연맹,실업,14
춘천교육대부설초,춘천교육대부설초등학교,초,14
충북일반,충북일반,기타,14
한별초등학교,한별초등학교,초,14
강원도청,강원도청,실업,13
남부초등학교,남부초등학교,초,13
도농초등학교,도농초등학교,초,13
동오초등학교,동오초등학교,초,13
만수초등학교,만수초등학교,초,13
명진중학교,명진중학교,중,13
백구스케이팅클럽,백구스케이팅클럽,실업,13
서울시청 스피드팀,서울시청스피드팀,실업,13
심석초등학교,심석초등학교,초,13
하남 스킬업아레나,하남스킬업아레나,기타,13
효자초등학교,효자초등학교,초,13
과천초등학교,과천초등학교,초,12
광운전자공업고등학교,광운전자공업고등학교,고,12
낙생초등학교,낙생초등학교,초,12
단성중학교,단성중학교,중,12
도제원초등학교,도제원초등학교,초,12
별가람중학교,별가람중학교,중,12
별가람초등학교,별가람초등학교,초,12
삼현초등학교,삼현초등학교,초,12
서울시청 쇼트트랙부,서울시청쇼트트랙부,실업,12
서울태랑초등학교,서울태랑초등학교,초,12
세화고등학교,세화고등학교,고,12
양오초등학교,양오초등학교,초,12
영훈초등학교,영훈초등학교,초,12
인천위두클럽,인천위두클럽,실업,12
인천일반,인천일반,기타,12
전북공공스포츠클럽,전북공공스포츠클럽,실업,12
충북연맹,충북연맹,실업,12
한밭초등학교,한밭초등학교,초,12
홍익,홍익,기타,12
club ice runner,clubicerunner,기타,11
광운초등학교,광운초등학교,초,11
녹양중학교,녹양중학교,중,11
서울둔촌초등학교,서울둔촌초등학교,초,11
서울세륜초등학교,서울세륜초등학교,초,11
양평중학교,양평중학교,중,11
연세대학교,연세대학교,대,11
월촌중학교,월촌중학교,중,11
이인원,이인원,기타,11
잠실초등학교,잠실초등학교,초,11
장락초등학교,장락초등학교,초,11
청원중학교,청원중학교,중,11
토평초등학교,토평초등학교,초,11
한국호텔관광고등학교,한국호텔관광고등학교,고,11
홍익디자인고등학교,홍익디자인고등학교,고,11
club wido,clubwido,기타,10
꿈꾸는스케이트교실,꿈꾸는스케이트교실,기타,10
덕성초등학교,덕성초등학교,초,10
도장중학교,도장중학교,중,10
동부초등학교,동부초등학교,초,10
문정중학교,문정중학교,중,10
서울경인초등학교,서울경인초등학교,초,10
성내중학교,성내중학교,중,10
성신초등학교,성신초등학교,초,10
수리고등학교,수리고등학교,고,10
신내초등학교,신내초등학교,초,10
용동초등학교,용동초등학교,초,10
은봉초등학교,은봉초등학교,초,10
의정부초등학교,의정부초등학교,초,10
이문초등학교,이문초등학교,초,10
청원고등학교,청원고등학교,고,10
초당초등학교,초당초등학교,초,10
팀 레볼루션,팀레볼루션,기타,10
한강중학교,한강중학교,중,10
한별중학교,한별중학교,중,10
강명초등학교,강명초등학교,초,9
경기도빙상경기연맹,경기도빙상경기연맹,실업,9
경북대학교사범대학부설초등학교,경북대학교사범대학부설초등학교,초,9
광남초등학교,광남초등학교,초,9
광주빙상 Leaders,광주빙상Leaders,기타,9
대광중학교,대광중학교,중,9
대구일중학교,대구일중학교,중,9
동두천여자중학교,동두천여자중학교,중,9
명진초등학교,명진초등학교,초,9
사근초등학교,사근초등학교,초,9
석계초등학교,석계초등학교,초,9
세륜중학교,세륜중학교,중,9
송양초등학교,송양초등학교,초,9
안동강남초등학교,안동강남초등학교,초,9
연수여자고등학교,연수여자고등학교,고,9
온곡초등학교,온곡초등학교,초,9
월봉초등학교,월봉초등학교,초,9
의정부효자초등학교,의정부효자초등학교,초,9
이화여자대학교,이화여자대학교,대,9
창덕여자고등학교,창덕여자고등학교,고,9
천천고등학교,천천고등학교,고,9
태릉초등학교,태릉초등학교,초,9
갈매초등학교,갈매초등학교,초,8
강릉연곡초등학교,강릉연곡초등학교,초,8
강원특별자치도청,강원특별자치도청,실업,8
개운중학교,개운중학교,중,8
경북빙상 경기연맹,경북빙상경기연맹,실업,8
광운대 H.C클럽,광운대H.C클럽,실업,8
광주상무고등학교,광주상무고등학교,고,8
대구범어초등학교,대구범어초등학교,초,8
대구일반,대구일반,기타,8
대림대학교,대림대학교,대,8
대방초등학교,대방초등학교,초,8
덕소초등학교,덕소초등학교,초,8
동래초등학교,동래초등학교,초,8
둔촌고등학교,둔촌고등학교,고,8
반포중학교,반포중학교,중,8
별내고등학교,별내고등학교,고,8
부흥고등학교,부흥고등학교,고,8
분당초등학교,분당초등학교,초,8
상패초등학교,상패초등학교,초,8
서울태릉초등학교,서울태릉초등학교,초,8
신송고등학교,신송고등학교,고,8
우석초등학교,우석초등학교,초,8
의림초등학교,의림초등학교,초,8
전라남도빙상연맹,전라남도빙상연맹,실업,8
전북도청,전북도청,실업,8
제천고등학교,제천고등학교,고,8
중평초등학교,중평초등학교,초,8
지촌초지암분교장,지촌초지암분교장,기타,8
지행초등학교,지행초등학교,초,8
진접초등학교,진접초등학교,초,8
콜핑팀,콜핑팀,기타,8
태원고등학교,태원고등학교,고,8
팀 아이스워커스(IWSC),팀아이스워커스(IWSC),기타,8
한국스피드스케이팅클럽,한국스피드스케이팅클럽,실업,8
한국체대,한국체대학교,대,8
JYskate,JYskate,기타,7
갈매중학교,갈매중학교,중,7
강일중학교,강일중학교,중,7
경기초등학교,경기초등학교,초,7
광숭초등학교,광숭초등학교,초,7
구룡초등학교,구룡초등학교,초,7
금교초등학교,금교초등학교,초,7
길주초등학교,길주초등학교,초,7
낙원중학교,낙원중학교,중,7
내정초등학교,내정초등학교,초,7
녹천초등학교,녹천초등학교,초,7
누원초등학교,누원초등학교,초,7
단국대,단국대학교,대,7
대광초,대광초등학교,초,7
대구용지초등학교,대구용지초등학교,초,7
동의대학교,동의대학교,대,7
명지대학교,명지대학교,대,7
민락초등학교,민락초등학교,초,7
백문초등학교,백문초등학교,초,7
산마루초등학교,산마루초등학교,초,7
샛별초등학교,샛별초등학교,초,7
서울시청쇼트트랙팀,서울시청쇼트트랙팀,실업,7
서울영도초등학교,서울영도초등학교,초,7
세화여자중학교,세화여자중학교,중,7
수원경성고등학교,수원경성고등학교,고,7
순천왕운초등학교,순천왕운초등학교,초,7
신현중학교,신현중학교,중,7
안동레이싱클럽,안동레이싱클럽,실업,7
온양풍기초등학교,온양풍기초등학교,초,7
용원초등학교,용원초등학교,초,7
중랑초등학교,중랑초등학교,초,7
진안중학교,진안중학교,중,7
창도초등학교,창도초등학교,초,7
청원초,청원초등학교,초,7
청원초등하교,청원초등하교,기타,7
춘천스포츠클럽,춘천스포츠클럽,실업,7
춘천초등학교,춘천초등학교,초,7
칠성고등학교,칠성고등학교,고,7
태릉빙상클럽,태릉빙상클럽,실업,7
태릉스케이팅클럽,태릉스케이팅클럽,실업,7
하계중학교,하계중학교,중,7
한강초등학교,한강초등학교,초,7
해밀초등학교,해밀초등학교,초,7
해솔중학교,해솔중학교,중,7
혜화초등학교,혜화초등학교,초,7
호원초등학교,호원초등학교,초,7
홍광초등학교,홍광초등학교,초,7
홍대부초,홍대부초등학교,초,7
휘경여자중학교,휘경여자중학교,중,7
DSC,DSC,기타,6
KNSU YJ,KNSUYJ,기타,6
TEAM SKI,TEAMSKI,기타,6
TEAM.DJ,TEAM.DJ,기타,6
clubicerunner,clubicerunner,기타,6
경북빙상경기연맹,경북빙상경기연맹,실업,6
경포초등학교,경포초등학교,초,6
고양화수초등학교,고양화수초등학교,초,6
공연초등학교,공연초등학교,초,6
광양덕례초등학교,광양덕례초등학교,초,6
광운대학교,광운대학교,대,6
구지초등학교,구지초등학교,초,6
남양주덕송초등학교,남양주덕송초등학교,초,6
남양주샛별초등학교,남양주샛별초등학교,초,6
다솔초등학교,다솔초등학교,초,6
대구달산초등학교,대구달산초등학교,초,6
대구동도초등학교,대구동도초등학교,초,6
대구동일초등학교,대구동일초등학교,초,6
도심초등학교,도심초등학교,초,6
동산초등학교,동산초등학교,초,6
동원초등학교,동원초등학교,초,6
두산초등학교,두산초등학교,초,6
디지털서울문화예술대학교,디지털서울문화예술대학교,대,6
백양중학교,백양중학교,중,6
범일초등학교,범일초등학교,초,6
별내초등학교,별내초등학교,초,6
사월초등학교,사월초등학교,초,6
상무중학교,상무중학교,중,6
상수초등학교,상수초등학교,초,6
새말초등학교,새말초등학교,초,6
서울목동초등학교,서울목동초등학교,초,6
서울상수초등학교,서울상수초등학교,초,6
서울정목초등학교,서울정목초등학교,초,6
서원고등학교,서원고등학교,고,6
세종초등학교,세종초등학교,초,6
수성초등학교,수성초등학교,초,6
수송초등학교,수송초등학교,초,6
숭인초등학교,숭인초등학교,초,6
신동초등학교,신동초등학교,초,6
신용산초등학교,신용산초등학교,초,6
안동복주초등학교,안동복주초등학교,초,6
안일초등학교,안일초등학교,초,6
양구중학교,양구중학교,중,6
양덕초등학교,양덕초등학교,초,6
양영초등학교,양영초등학교,초,6
영서SC,영서SC,기타,6
영신초등학교,영신초등학교,초,6
오동초등학교,오동초등학교,초,6
용두초등학교,용두초등학교,초,6
용마초등학교,용마초등학교,초,6
원스케이팅클럽,원스케이팅클럽,실업,6
은석초,은석초등학교,초,6
의정부빙상장,의정부빙상장,기타,6
인천연화중학교,인천연화중학교,중,6
재호주대한체육회,재호주대한체육회,실업,6
저동초등학교,저동초등학교,초,6
전남일반,전남일반,기타,6
전북특별자치도청,전북특별자치도청,실업,6
중앙초등학교,중앙초등학교,초,6
창일초등학교,창일초등학교,초,6
천호초등학교,천호초등학교,초,6
청원여자고등학교,청원여자고등학교,고,6
청학고등학교,청학고등학교,고,6
태강삼육초,태강삼육초등학교,초,6
평촌초등학교,평촌초등학교,초,6
한림성심대학,한림성심대학,기타,6
한천초등학교,한천초등학교,초,6
해민초등학교,해민초등학교,초,6
호동초등학교,호동초등학교,초,6
휘문고등학교,휘문고등학교,고,6
경기초,경기초등학교,초,5
경동초등학교,경동초등학교,초,5
공릉중학교,공릉중학교,중,5
광양칠성초등학교,광양칠성초등학교,초,5
국민대학교,국민대학교,대,5
금명초등학교,금명초등학교,초,5
금부초등학교,금부초등학교,초,5
남춘천초등학교,남춘천초등학교,초,5
능내초등학교,능내초등학교,초,5
대광고등학교,대광고등학교,고,5
대전용산초등학교,대전용산초등학교,초,5
대화중학교,대화중학교,중,5
도농중학교,도농중학교,중,5
동국대학교사범대학부속중학교,동국대학교사범대학부속중학교,중,5
동수원중학교,동수원중학교,중,5
동아대학교,동아대학교,대,5
두암초등학교,두암초등학교,초,5
만호초등학교,만호초등학교,초,5
목동초등학교,목동초등학교,초,5
목운초,목운초등학교,초,5
묵현초등학교,묵현초등학교,초,5
문원초등학교,문원초등학교,초,5
별가람고등학교,별가람고등학교,고,5
보평초등학교,보평초등학교,초,5
복주초등학교,복주초등학교,초,5
봉명중학교,봉명중학교,중,5
부산북구청,부산북구청,실업,5
부산삼육초등학교,부산삼육초등학교,초,5
부산화정초등학교,부산화정초등학교,초,5
비산초등학교,비산초등학교,초,5
살레시오초등학교,살레시오초등학교,초,5
상곡초등학교,상곡초등학교,초,5
상천초등학교,상천초등학교,초,5
상탑초등학교,상탑초등학교,초,5
새솔초등학교,새솔초등학교,초,5
서울서정초등학교,서울서정초등학교,초,5
서울신정고등학교,서울신정고등학교,고,5
서울여의도초등학교,서울여의도초등학교,초,5
서울여자대학교,서울여자대학교,대,5
서울왕북초등학교,서울왕북초등학교,초,5
서울잠원초등학교,서울잠원초등학교,초,5
석사초등학교,석사초등학교,초,5
솔올중학교,솔올중학교,중,5
신도초등학교,신도초등학교,초,5
신묵초등학교,신묵초등학교,초,5
왕북초등학교,왕북초등학교,초,5
용인시청,용인시청,실업,5
우리은행,우리은행,실업,5
울산과학대학교,울산과학대학교,대,5
응봉초등학교,응봉초등학교,초,5
의정부여고,의정부여고등학교,고,5
인천스케이팅클럽,인천스케이팅클럽,실업,5
잠신중학교,잠신중학교,중,5
잠실중학교,잠실중학교,중,5
잠일초등학교,잠일초등학교,초,5
전주서일초등학교,전주서일초등학교,초,5
제천화산초등학교,제천화산초등학교,초,5
중곡초등학교,중곡초등학교,초,5
춘교부초등학교,춘교부초등학교,초,5
춘천시청,춘천시청,실업,5
충청북도체육회,충청북도체육회,실업,5
탑동초등학교,탑동초등학교,초,5
홍대부속초등학교,홍대부속초등학교,초,5
화계중학교,화계중학교,중,5
화성벌말초등학교,화성벌말초등학교,초,5
TEAM JOH,TEAMJOH,기타,4
TEAMRYU,TEAMRYU,기타,4
clubwido,clubwido,기타,4
가평초등학교,가평초등학교,초,4
강릉교동초등학교,강릉교동초등학교,초,4
경덕중학교,경덕중학교,중,4
경희대,경희대학교,대,4
계성초,계성초등학교,초,4
관동대학교,관동대학교,대,4
광주광명초등학교,광주광명초등학교,초,4
광주교대부설초등학교,광주교대부설초등학교,초,4
광주일반,광주일반,기타,4
광희중학교,광희중학교,중,4
금당중학교,금당중학교,중,4
금양초등학교,금양초등학교,초,4
금오초등학교,금오초등학교,초,4
남달리,남달리,기타,4
남성초등학교,남성초등학교,초,4
단산고등학교,단산고등학교,고,4
답십리초등학교,답십리초등학교,초,4
대구광역시 빙상경기연맹,대구광역시빙상경기연맹,실업,4
대전문정초등학교,대전문정초등학교,초,4
대전삼천초등학교,대전삼천초등학교,초,4
대전신평초등학교,대전신평초등학교,초,4
덕현중학교,덕현중학교,중,4
동자초등학교,동자초등학교,초,4
리라,리라,기타,4
매송중학교,매송중학교,중,4
매원초등학교,매원초등학교,초,4
명일초등학교,명일초등학교,초,4
목동중학교,목동중학교,중,4
목암초등학교,목암초등학교,초,4
목운중학교,목운중학교,중,4
반송초등학교,반송초등학교,초,4
반포초등학교,반포초등학교,초,4
병점중학교,병점중학교,중,4
봄내초교,봄내초교,기타,4
부산광역시빙상경기연맹,부산광역시빙상경기연맹,실업,4
부산일반,부산일반,기타,4
부암초등학교,부암초등학교,초,4
분포초등학교,분포초등학교,초,4
불로초등학교,불로초등학교,초,4
삼숭초등학교,삼숭초등학교,초,4
삼육초,삼육초등학교,초,4
서곡초등학교,서곡초등학교,초,4
서울방산초등학교,서울방산초등학교,초,4
서울버들초등학교,서울버들초등학교,초,4
서울시청스피드팀,서울시청스피드팀,실업,4
서울을지초등학교,서울을지초등학교,초,4
서울일신초등학교,서울일신초등학교,초,4
서울자운초등학교,서울자운초등학교,초,4
서울잠동초등학교,서울잠동초등학교,초,4
서울장평초등학교,서울장평초등학교,초,4
서울한천초등학교,서울한천초등학교,초,4
선덕중학교,선덕중학교,중,4
선사초등학교,선사초등학교,초,4
성남송현초등학교,성남송현초등학교,초,4
성라초등학교,성라초등학교,초,4
세화여고,세화여고등학교,고,4
송원초등학교,송원초등학교,초,4
송화초등학교,송화초등학교,초,4
스킬업아레나,스킬업아레나,기타,4
신곡초등학교,신곡초등학교,초,4
신촌초등학교,신촌초등학교,초,4
안동영가초등학교,안동영가초등학교,초,4
안말초등학교,안말초등학교,초,4
안양부안초등학교,안양부안초등학교,초,4
양남초등학교,양남초등학교,초,4
양평군청,양평군청,실업,4
여의도고등학교,여의도고등학교,고,4
여의도중학교,여의도중학교,중,4
연동초등학교,연동초등학교,초,4
영파여자고등학교,영파여자고등학교,고,4
오송중학교,오송중학교,중,4
오현초등학교,오현초등학교,초,4
용성초등학교,용성초등학교,초,4
운리중학교,운리중학교,중,4
운리초등학교,운리초등학교,초,4
월계중학교,월계중학교,중,4
월곡초등학교,월곡초등학교,초,4
의정부청룡초등학교,의정부청룡초등학교,초,4
이담초등학교,이담초등학교,초,4
이매초등학교,이매초등학교,초,4
인천논현고등학교,인천논현고등학교,고,4
자운초등학교,자운초등학교,초,4
잠신초등학교,잠신초등학교,초,4
잠원초등학교,잠원초등학교,초,4
장월초등학교,장월초등학교,초,4
정배초등학교,정배초등학교,초,4
정신여자중학교,정신여자중학교,중,4
중계중학교,중계중학교,중,4
중계초등학교,중계초등학교,초,4
중앙대학교,중앙대학교,대,4
중원초등학교,중원초등학교,초,4
지촌초등학교지암분교,지촌초등학교지암분교,기타,4
진월초등학교,진월초등학교,초,4
천천중학교,천천중학교,중,4
청구초등학교,청구초등학교,초,4
청주대성초등학교,청주대성초등학교,초,4
침산중학교,침산중학교,중,4
태릉고등학교,태릉고등학교,고,4
태봉초등학교,태봉초등학교,초,4
포일초등학교,포일초등학교,초,4
풍납중학교,풍납중학교,중,4
피아이씨스포츠클럽,피아이씨스포츠클럽,실업,4
하탑중학교,하탑중학교,중,4
학사초등학교,학사초등학교,초,4
한남초등학교,한남초등학교,초,4
한림성심대학교,한림성심대학교,대,4
한양중학교,한양중학교,중,4
해오름초등학교,해오름초등학교,초,4
형일초등학교,형일초등학교,초,4
JH서울,JH서울,기타,3
S.Team.SSUN,S.Team.SSUN,기타,3
jwon,jwon,기타,3
가곡초등학교,가곡초등학교,초,3
가납초등학교,가납초등학교,초,3
가야초등학교,가야초등학교,초,3
가온초등학교,가온초등학교,초,3
강남초등학교,강남초등학교,초,3
강원도빙상경기연맹,강원도빙상경기연맹,실업,3
강원체육중학교,강원체육중학교,중,3
개운초등학교,개운초등학교,초,3
경기,경기,기타,3
경동대학교,경동대학교,대,3
경명여자중학교,경명여자중학교,중,3
경북개인,경북개인,기타,3
경운초등학교,경운초등학교,초,3
경원초등학교,경원초등학교,초,3
경의초등하교,경의초등하교,기타,3
고명초등학교,고명초등학교,초,3
고양동산초등학교,고양동산초등학교,초,3
고척중학교,고척중학교,중,3
과천문원중학교,과천문원중학교,중,3
광주동성중학교,광주동성중학교,중,3
교동초등학교,교동초등학교,초,3
군포양정초등학교,군포양정초등학교,초,3
금성초등하교,금성초등하교,기타,3
김기문,김기문,기타,3
남문초등학교,남문초등학교,초,3
노곡중학교,노곡중학교,중,3
늘푸른초등학교,늘푸른초등학교,초,3
다산가람초등학교,다산가람초등학교,초,3
다산새봄초등학교,다산새봄초등학교,초,3
달산초,달산초등학교,초,3
대강초등학교,대강초등학교,초,3
대구경신중학교,대구경신중학교,중,3
대구교대안동부설초등,대구교대안동부설초등,기타,3
대구남산초등학교,대구남산초등학교,초,3
대구동부중학교,대구동부중학교,중,3
대구동천초등학교,대구동천초등학교,초,3
대구용계초등학교,대구용계초등학교,초,3
대구중앙초등학교,대구중앙초등학교,초,3
대구칠성초등학교,대구칠성초등학교,초,3
대원대학교,대원대학교,대,3
대전일반,대전일반,기타,3
대전탄방중학교,대전탄방중학교,중,3
대전탄방초등학교,대전탄방초등학교,초,3
대청초등학교,대청초등학교,초,3
덕송초등,덕송초등,기타,3
동구초등학교,동구초등학교,초,3
동산고등학교,동산고등학교,고,3
동양초등학교,동양초등학교,초,3
동원중학교,동원중학교,중,3
동탄중앙초등학교,동탄중앙초등학교,초,3
리라초등,리라초등,기타,3
마재초등학교,마재초등학교,초,3
만송초등학교,만송초등학교,초,3
망우초등학교,망우초등학교,초,3
망월초등학교,망월초등학교,초,3
매송초등학교,매송초등학교,초,3
매안초등학교,매안초등학교,초,3
매원중학교,매원중학교,중,3
매탄초등학교,매탄초등학교,초,3
면동초등학교,면동초등학교,초,3
묘곡초등학교,묘곡초등학교,초,3
문래중학교,문래중학교,중,3
문래초등학교,문래초등학교,초,3
문성중학교,문성중학교,중,3
미금초등학교,미금초등학교,초,3
미사강변초등학교,미사강변초등학교,초,3
바른초등학교,바른초등학교,초,3
반석초등학교,반석초등학교,초,3
반송중학교,반송중학교,중,3
배양초등학교,배양초등학교,초,3
버들중학교,버들중학교,중,3
벌말초등학교,벌말초등학교,초,3
범계초등학교,범계초등학교,초,3
보름초등학교,보름초등학교,초,3
보평중학교,보평중학교,중,3
봉서초등학교,봉서초등학교,초,3
봉의고등학교,봉의고등학교,고,3
부곡중앙중학교,부곡중앙중학교,중,3
부산교대부설초,부산교대부설초등학교,초,3
부산빙상클럽,부산빙상클럽,실업,3
부산예원초등학교,부산예원초등학교,초,3
부안초등학교,부안초등학교,초,3
부용중학교,부용중학교,중,3
부용초등학교,부용초등학교,초,3
분성초등학교,분성초등학교,초,3
불정초등학교,불정초등학교,초,3
산본중학교,산본중학교,중,3
삼봉초등학교,삼봉초등학교,초,3
삼선초등학교,삼선초등학교,초,3
상명사대부초등학교,상명사대부초등학교,초,3
상무초,상무초등학교,초,3
상무초등학교,상무초등학교,초,3
상진초등학교,상진초등학교,초,3
상하초등학교,상하초등학교,초,3
새봄초등학교,새봄초등학교,초,3
서문여자중학교,서문여자중학교,중,3
서울강명초등학교,서울강명초등학교,초,3
서울과학기술대학교,서울과학기술대학교,대,3
서울구암초등학교,서울구암초등학교,초,3
서울금북초등학교,서울금북초등학교,초,3
서울당산초등학교,서울당산초등학교,초,3
서울대광초등학교,서울대광초등학교,초,3
서울대치초등학교,서울대치초등학교,초,3
서울대학교사범대학부설중학교,서울대학교사범대학부설중학교,중,3
서울대학교사범대학부설초등학교,서울대학교사범대학부설초등학교,초,3
서울동산고등학교,서울동산고등학교,고,3
서울동의초등학교,서울동의초등학교,초,3
서울명덕초등학교,서울명덕초등학교,초,3
서울묵현초등학교,서울묵현초등학교,초,3
서울봉화초등학교,서울봉화초등학교,초,3
서울빙상클럽,서울빙상클럽,실업,3
서울삼각산초등학교,서울삼각산초등학교,초,3
서울새솔초등학교,서울새솔초등학교,초,3
서울세검정초등학교,서울세검정초등학교,초,3
서울신곡초등학교,서울신곡초등학교,초,3
서울신내초등학교,서울신내초등학교,초,3
서울여대부속유치원,서울여대부속유치원,기타,3
서울염경초등학교,서울염경초등학교,초,3
서울옥수초등학교,서울옥수초등학교,초,3
서울윤중초등학교,서울윤중초등학교,초,3
서울잠신초등학교,서울잠신초등학교,초,3
서울잠현초등학교,서울잠현초등학교,초,3
서울정수초등학교,서울정수초등학교,초,3
서울중화초등학교,서울중화초등학교,초,3
서울창일초등학교,서울창일초등학교,초,3
서울청원초등학교,서울청원초등학교,초,3
선유중학교,선유중학교,중,3
선일초등학교,선일초등학교,초,3
성덕여자중학교,성덕여자중학교,중,3
성지초등학교,성지초등학교,초,3
소양중학교,소양중학교,중,3
송곡고등학교,송곡고등학교,고,3
송산초등학교,송산초등학교,초,3
송정중앙초등학교,송정중앙초등학교,초,3
송천초등학교,송천초등학교,초,3
송현초등학교,송현초등학교,초,3
수암초등학교,수암초등학교,초,3
수원중촌초등학교,수원중촌초등학교,초,3
순천신흥중학교,순천신흥중학교,중,3
숭의초등학교,숭의초등학교,초,3
신남초등학교,신남초등학교,초,3
신도고등학교,신도고등학교,고,3
신암초등학교,신암초등학교,초,3
신양초등학교,신양초등학교,초,3
신정초등학교,신정초등학교,초,3
신중초,신중초등학교,초,3
신지초등학교,신지초등학교,초,3
신포중학교,신포중학교,중,3
신풍초등학교,신풍초등학교,초,3
신흥중학교,신흥중학교,중,3
신흥초등학교,신흥초등학교,초,3
아주초등학교,아주초등학교,초,3
안동K스포츠클럽,안동K스포츠클럽,실업,3
안동영호초등학교,안동영호초등학교,초,3
안평초등학교,안평초등학교,초,3
양강중학교,양강중학교,중,3
양덕초,양덕초등학교,초,3
양영중학교,양영중학교,중,3
양평초등하교,양평초등하교,기타,3
양화중학교,양화중학교,중,3
연북중학교,연북중학교,중,3
연화중학교,연화중학교,중,3
연화초등학교,연화초등학교,초,3
염광중학교,염광중학교,중,3
염리초등학교,염리초등학교,초,3
염창중학교,염창중학교,중,3
예봉초등학교,예봉초등학교,초,3
오륜초등학교,오륜초등학교,초,3
온양신정중학교,온양신정중학교,중,3
와부초등학교,와부초등학교,초,3
와석초등학교,와석초등학교,초,3
용문초등학교,용문초등학교,초,3
용인한빛초등학교,용인한빛초등학교,초,3
용정초등학교,용정초등학교,초,3
우암초등학교,우암초등학교,초,3
울산일반,울산일반,기타,3
원명초등학교,원명초등학교,초,3
원묵초,원묵초등학교,초,3
원일초등학교,원일초등학교,초,3
원중초등학교,원중초등학교,초,3
원호초등학교,원호초등학교,초,3
유석초,유석초등학교,초,3
율현초등학교,율현초등학교,초,3
을지중학교,을지중학교,중,3
을지초등,을지초등,기타,3
의정부송산초등학교,의정부송산초등학교,초,3
의정부스포츠클럽,의정부스포츠클럽,실업,3
의정부여자고등학,의정부여자고등학,기타,3
이곡초등학교,이곡초등학교,초,3
이매중학교,이매중학교,중,3
이문초등,이문초등,기타,3
이송수빙상교실,이송수빙상교실,기타,3
인수초등학교,인수초등학교,초,3
인창중학교,인창중학교,중,3
인천만월초등학교,인천만월초등학교,초,3
인천박문초등학교,인천박문초등학교,초,3
인천석천초등학교,인천석천초등학교,초,3
인천신정초등학교,인천신정초등학교,초,3
인천옥련중학교,인천옥련중학교,중,3
일산동고등학교,일산동고등학교,고,3
장곡초등학교,장곡초등학교,초,3
장내초등학교,장내초등학교,초,3
장량초등학교,장량초등학교,초,3
장위초등학교,장위초등학교,초,3
장자초등학교,장자초등학교,초,3
장평초,장평초등학교,초,3
전주교대부설초등학교,전주교대부설초등학교,초,3
정덕초등학교,정덕초등학교,초,3
정릉초등학교,정릉초등학교,초,3
정목초등학교,정목초등학교,초,3
조선대학교,조선대학교,대,3
조양초등학교,조양초등학교,초,3
중대부속초등학교,중대부속초등학교,초,3
중화초,중화초등학교,초,3
청량초등학교,청량초등학교,초,3
청룡초등학교,청룡초등학교,초,3
춘천교대부설,춘천교대부설,기타,3
춘천만천초등학교,춘천만천초등학교,초,3
춘천여자고등학교,춘천여자고등학교,고,3
퇴계원초등학교,퇴계원초등학교,초,3
파동초등학교,파동초등학교,초,3
포항장원초등학교,포항장원초등학교,초,3
하남풍산초등학교,하남풍산초등학교,초,3
한국삼육중학교,한국삼육중학교,중,3
한빛초등학교,한빛초등학교,초,3
한산초등학교,한산초등학교,초,3
한양대학교사범대학부속중학교,한양대학교사범대학부속중학교,중,3
한양사이버대학교,한양사이버대학교,대,3
해강초등학교,해강초등학교,초,3
해누리초등학교,해누리초등학교,초,3
형곡초등학교,형곡초등학교,초,3
호남대학교,호남대학교,대,3
호매실초등학교,호매실초등학교,초,3
호반초등학교,호반초등학교,초,3
홍익대학교사범대학부속초등학교,홍익대학교사범대학부속초등학교,초,3
화봉초등학교,화봉초등학교,초,3
화산초등학교,화산초등학교,초,3
화성솔빛중학교,화성솔빛중학교,중,3
화접중학교,화접중학교,중,3
회룡초등학교,회룡초등학교,초,3
효덕초등학교,효덕초등학교,초,3
후평중학교,후평중학교,중,3
휘봉초등학교,휘봉초등학교,초,3
흑석초등학교,흑석초등학교,초,3
CIYA 국제학교,CIYA국제학교,기타,2
IDS(인천동남스케이팅클럽),IDS(인천동남스케이팅클럽),실업,2
SKL스포츠,SKL스포츠,기타,2
TEAMHS,TEAMHS,기타,2
TEAM이현수,TEAM이현수,기타,2
Team_WookGong,Team_WookGong,기타,2
가능초등학교,가능초등학교,초,2
가운초등학교,가운초등학교,초,2
가톨릭관동대학교,가톨릭관동대학교,대,2
갈매고등학교,갈매고등학교,고,2
강동초등학교,강동초등학교,초,2
강명중학교,강명중학교,중,2
강원대학교,강원대학교,대,2
강원도빙상 경기연맹,강원도빙상경기연맹,실업,2
개금초등학교,개금초등학교,초,2
개원초등학교,개원초등학교,초,2
개일초등학교,개일초등학교,초,2
건국대학교,건국대학교,대,2
건국대학교사범대학부속고등학교,건국대학교사범대학부속고등학교,고,2
건원초등학교,건원초등학교,초,2
경동대학교 양주캠퍼스,경동대학교양주캠퍼스,기타,2
경민중학교,경민중학교,중,2
경희초,경희초등학교,초,2
계남초등학교,계남초등학교,초,2
고암초등학교,고암초등학교,초,2
고양신일초등학교,고양신일초등학교,초,2
고일초등학교,고일초등학교,초,2
고창초등학교,고창초등학교,초,2
고현초등학교,고현초등학교,초,2
곡정초등학교,곡정초등학교,초,2
공덕초등학교,공덕초등학교,초,2
공릉초등학교,공릉초등학교,초,2
과천,과천,기타,2
과천갈현초등학교,과천갈현초등학교,초,2
관문초,관문초등학교,초,2
관문초등학교,관문초등학교,초,2
관양중학교,관양중학교,중,2
광교초등학교,광교초등학교,초,2
광남중학교,광남중학교,중,2
광덕중학교,광덕중학교,중,2
광명광덕초등학교,광명광덕초등학교,초,2
광성초등학교,광성초등학교,초,2
광양여자중학교,광양여자중학교,중,2
광양용강초등학교,광양용강초등학교,초,2
광양제철남초등학교,광양제철남초등학교,초,2
광운초등,광운초등,기타,2
광장중학교,광장중학교,중,2
광정초등학교,광정초등학교,초,2
광주동성여자중학교,광주동성여자중학교,중,2
광주중학교,광주중학교,중,2
광희초등학교,광희초등학교,초,2
구룡중학교,구룡중학교,중,2
구리위즈아일랜드,구리위즈아일랜드,기타,2
구미도산초,구미도산초등학교,초,2
구미송정초,구미송정초등학교,초,2
구월중학교,구월중학교,중,2
국제사이버대학교,국제사이버대학교,대,2
권효은스케이팅클럽,권효은스케이팅클럽,실업,2
그림유치원,그림유치원,기타,2
근화초등학교,근화초등학교,초,2
금곡초등학교,금곡초등학교,초,2
금명초,금명초등학교,초,2
금양중학교,금양중학교,중,2
금정초등학교,금정초등학교,초,2
금천중학교,금천중학교,중,2
기산중학교,기산중학교,중,2
남산초등학교,남산초등학교,초,2
남외초등학교,남외초등학교,초,2
남천초등학교,남천초등학교,초,2
남평초,남평초등학교,초,2
남평초등학교,남평초등학교,초,2
내손초등학교,내손초등학교,초,2
내정초,내정초등학교,초,2
논현초등학교,논현초등학교,초,2
능동초등학교,능동초등학교,초,2
닥스유치원,닥스유치원,기타,2
단산중학교,단산중학교,중,2
당산초등학교,당산초등학교,초,2
당서초,당서초등학교,초,2
대곡초등학교,대곡초등학교,초,2
대구,대구,기타,2
대구광역시빙상경기연맹,대구광역시빙상경기연맹,실업,2
대구교대부설초등학교,대구교대부설초등학교,초,2
대구달서초등학교,대구달서초등학교,초,2
대구대곡초등학교,대구대곡초등학교,초,2
대구동변초등학교,대구동변초등학교,초,2
대구삼육초등학교,대구삼육초등학교,초,2
대구성당초등학교,대구성당초등학교,초,2
대구신천초등학교,대구신천초등학교,초,2
대구영선초등학교,대구영선초등학교,초,2
대구침산초등학교,대구침산초등학교,초,2
대모초등학교,대모초등학교,초,2
대신초등학교,대신초등학교,초,2
대연초등학교,대연초등학교,초,2
대전가양초등학교,대전가양초등학교,초,2
대전광역시체육회,대전광역시체육회,실업,2
대전문정중학교,대전문정중학교,중,2
대전새여울초등학교,대전새여울초등학교,초,2
대전샘머리초등학교,대전샘머리초등학교,초,2
대전서원초등학교,대전서원초등학교,초,2
대전석교초등학교,대전석교초등학교,초,2
대전성룡초등학교,대전성룡초등학교,초,2
대전원평초등학교,대전원평초등학교,초,2
대전정림중학교,대전정림중학교,중,2
대평중학교,대평중학교,중,2
대한항공,대한항공,기타,2
덕원중학교,덕원중학교,중,2
덕풍초등학교,덕풍초등학교,초,2
도담중학교,도담중학교,중,2
도둔초등학교,도둔초등학교,초,2
도촌초등학교,도촌초등학교,초,2
돈암초등학교,돈암초등학교,초,2
동구중학교,동구중학교,중,2
동국대사범부속중학교,동국대사범부속중학교,중,2
동궁초등학교,동궁초등학교,초,2
동대부중학교,동대부중학교,중,2
동도초등학교,동도초등학교,초,2
동암중학교,동암중학교,중,2
동암초등학교,동암초등학교,초,2
동인초등,동인초등,기타,2
동일초등학교,동일초등학교,초,2
등명중학교,등명중학교,중,2
등원중학교,등원중학교,중,2
등현초등학교,등현초등학교,초,2
마석중학교,마석중학교,중,2
망포고등학교,망포고등학교,고,2
매여울초등학교,매여울초등학교,초,2
명륜초등학교,명륜초등학교,초,2
명지초등학교,명지초등학교,초,2
모락중학교,모락중학교,중,2
모락초등학교,모락초등학교,초,2
목암중학교,목암중학교,중,2
목원초등학교,목원초등학교,초,2
무학중학교,무학중학교,중,2
문시중학교,문시중학교,중,2
문정여자고등학교,문정여자고등학교,고,2
미사초등학교,미사초등학교,초,2
민백초등학교,민백초등학교,초,2
밀알두레학교,밀알두레학교,기타,2
박달초등학교,박달초등학교,초,2
반포고등학교,반포고등학교,고,2
반포초,반포초등학교,초,2
방일초등학교,방일초등학교,초,2
백양초등학교,백양초등학교,초,2
백운초등학교,백운초등학교,초,2
버들초등학교,버들초등학교,초,2
범어초,범어초등학교,초,2
별내중학교,별내중학교,중,2
보성중학교,보성중학교,중,2
복수고등학교,복수고등학교,고,2
봄내초,봄내초등학교,초,2
봉래초등학교,봉래초등학교,초,2
봉명초등학교,봉명초등학교,초,2
봉은중학교,봉은중학교,중,2
봉은초등학교,봉은초등학교,초,2
부곡중앙초등학교,부곡중앙초등학교,초,2
부민초등학교,부민초등학교,초,2
부산강동초,부산강동초등학교,초,2
부산만덕고등학교,부산만덕고등학교,고,2
부평초등학교,부평초등학교,초,2
북이빙상클럽,북이빙상클럽,실업,2
불당초등학교,불당초등학교,초,2
비봉초등학교,비봉초등학교,초,2
사직초등학교,사직초등학교,초,2
산남중학교,산남중학교,중,2
산성초등학교,산성초등학교,초,2
삼각산중학교,삼각산중학교,중,2
삼방초등학교,삼방초등학교,초,2
삼육대학교,삼육대학교,대,2
삼일중학교,삼일중학교,중,2
삼일초등학교,삼일초등학교,초,2
상경초등학교,상경초등학교,초,2
상미초등학교,상미초등학교,초,2
상봉중학교,상봉중학교,중,2
상원초등학교,상원초등학교,초,2
상일중학교,상일중학교,중,2
상지초등,상지초등,기타,2
샘모루초등학교,샘모루초등학교,초,2
서강초등학교,서강초등학교,초,2
서경초등학교,서경초등학교,초,2
서룡초등학교,서룡초등학교,초,2
서부초등학교,서부초등학교,초,2
서신중학교,서신중학교,중,2
서울가동초등학교,서울가동초등학교,초,2
서울개운초등학교,서울개운초등학교,초,2
서울거원초등학교,서울거원초등학교,초,2
서울공항초등학교,서울공항초등학교,초,2
서울광남초등학교,서울광남초등학교,초,2
서울광장초등학교,서울광장초등학교,초,2
서울교대부설초등학교,서울교대부설초등학교,초,2
서울구룡초등학교,서울구룡초등학교,초,2
서울길음초등학교,서울길음초등학교,초,2
서울누원초등학교,서울누원초등학교,초,2
서울당중초등학교,서울당중초등학교,초,2
서울대학교사범대학부설고등학교,서울대학교사범대학부설고등학교,고,2
서울대학교사범대학부설여자중학교,서울대학교사범대학부설여자중학교,중,2
서울대현초등학교,서울대현초등학교,초,2
서울덕의초등학교,서울덕의초등학교,초,2
서울동명초등학교,서울동명초등학교,초,2
서울동원초등학교,서울동원초등학교,초,2
서울동자초등학교,서울동자초등학교,초,2
서울등촌초등학교,서울등촌초등학교,초,2
서울마장초등학교,서울마장초등학교,초,2
서울불암초,서울불암초등학교,초,2
서울사근초등학교,서울사근초등학교,초,2
서울서강초등학교,서울서강초등학교,초,2
서울서래초등학교,서울서래초등학교,초,2
서울성내초등학교,서울성내초등학교,초,2
서울송천초등학교,서울송천초등학교,초,2
서울신가초등학교,서울신가초등학교,초,2
서울신남초등학교,서울신남초등학교,초,2
서울신북초등학교,서울신북초등학교,초,2
서울신천초등학교,서울신천초등학교,초,2
서울양목초등학교,서울양목초등학교,초,2
서울양진초등학교,서울양진초등학교,초,2
서울연희초등학교,서울연희초등학교,초,2
서울우촌초등학교,서울우촌초등학교,초,2
서울원촌초등학교,서울원촌초등학교,초,2
서울위례초등학교,서울위례초등학교,초,2
서울은정초등학교,서울은정초등학교,초,2
서울이문초등학교,서울이문초등학교,초,2
서울잠일초등학교,서울잠일초등학교,초,2
서울전곡초등학교,서울전곡초등학교,초,2
서울중곡초등학교,서울중곡초등학교,초,2
서울중대초등학교,서울중대초등학교,초,2
서울중원초등학교,서울중원초등학교,초,2
서울중평초등학교,서울중평초등학교,초,2
서울천호초등학교,서울천호초등학교,초,2
서울토성초등학교,서울토성초등학교,초,2
서울특별시빙상경기연맹(초등부),서울특별시빙상경기연맹(초등부),실업,2
서울화계초등학교,서울화계초등학교,초,2
서울화일초등학교,서울화일초등학교,초,2
서울휘봉초등학교,서울휘봉초등학교,초,2
서일대학교,서일대학교,대,2
서전주중학교,서전주중학교,중,2
서정초,서정초등학교,초,2
서정초등학교,서정초등학교,초,2
서종초등학교,서종초등학교,초,2
서초중학교,서초중학교,중,2
서초초,서초초등학교,초,2
석수초등학교,석수초등학교,초,2
석촌초등학교,석촌초등학교,초,2
선단초등학교,선단초등학교,초,2
선일여자중학교,선일여자중학교,중,2
선주고등학교,선주고등학교,고,2
성남북초등학교,성남북초등학교,초,2
성남판교초등학교,성남판교초등학교,초,2
성리중학교,성리중학교,중,2
성림초교,성림초교,기타,2
성수고등학교,성수고등학교,고,2
성신초,성신초등학교,초,2
성암여자중학교,성암여자중학교,중,2
성일초,성일초등학교,초,2
성자초등학교,성자초등학교,초,2
세종수왕초등학교,세종수왕초등학교,초,2
소양고등학교,소양고등학교,고,2
소현초등학교,소현초등학교,초,2
솔뫼초등학교,솔뫼초등학교,초,2
송라초등학교,송라초등학교,초,2
송례중학교,송례중학교,중,2
송원고등학교,송원고등학교,고,2
송정초등학교,송정초등학교,초,2
수락중학교,수락중학교,중,2
수락초등학교,수락초등학교,초,2
수원고등학교,수원고등학교,고,2
수지초등학교,수지초등학교,초,2
수택초등학교,수택초등학교,초,2
순천부영초등학교,순천부영초등학교,초,2
숭인중학교,숭인중학교,중,2
신남초교,신남초교,기타,2
신도중학교,신도중학교,중,2
신동중학교,신동중학교,중,2
신목초등학교,신목초등학교,초,2
신봉초등학교,신봉초등학교,초,2
신서고등학교,신서고등학교,고,2
신안초등학교,신안초등학교,초,2
신영초등학교,신영초등학교,초,2
신장중학교,신장중학교,중,2
신탄중앙중학교,신탄중앙중학교,중,2
신탄진초등학교,신탄진초등학교,초,2
아산초등학교,아산초등학교,초,2
안동대학교,안동대학교,대,2
안민초등학교,안민초등학교,초,2
안암초등학교,안암초등학교,초,2
안양공업고등학교,안양공업고등학교,고,2
안양부흥중학교,안양부흥중학교,중,2
안양중앙초등학교,안양중앙초등학교,초,2
안용중학교,안용중학교,중,2
안화중학교,안화중학교,중,2
야탑고등학교,야탑고등학교,고,2
양구여자고등학교,양구여자고등학교,고,2
양수중학교,양수중학교,중,2
양오중학교,양오중학교,중,2
양정초등학교,양정초등학교,초,2
양평고등학교,양평고등학교,고,2
어람중학교,어람중학교,중,2
어람초등학교,어람초등학교,초,2
엄궁중학교,엄궁중학교,중,2
연성초등,연성초등,기타,2
연성초등학교,연성초등학교,초,2
연세대,연세대학교,대,2
연수중학교,연수중학교,중,2
염광고등학교,염광고등학교,고,2
염주초등학교,염주초등학교,초,2
영남대학교,영남대학교,대,2
영도중학교,영도중학교,중,2
영동초,영동초등학교,초,2
영동초등학교,영동초등학교,초,2
영신초,영신초등학교,초,2
영호초등학교,영호초등학교,초,2
오마초등학교,오마초등학교,초,2
오목초등학교,오목초등학교,초,2
오봉초등학교,오봉초등학교,초,2
옥수초등학교,옥수초등학교,초,2
온양여자고등학교,온양여자고등학교,고,2
용현초등학교,용현초등학교,초,2
용호초등학교,용호초등학교,초,2
우석대학교,우석대학교,대,2
우이초등학교,우이초등학교,초,2
운산초등학교,운산초등학교,초,2
운암초등학교,운암초등학교,초,2
운중고등학교,운중고등학교,고,2
울산과학대학,울산과학대학,기타,2
원광초등학교,원광초등학교,초,2
원묵초등하교,원묵초등하교,기타,2
원촌중학교,원촌중학교,중,2
월랑초등학교,월랑초등학교,초,2
월롱초등학교,월롱초등학교,초,2
월봉중학교,월봉중학교,중,2
월천초등학교,월천초등학교,초,2
유락여자중학교,유락여자중학교,중,2
유안초등학교,유안초등학교,초,2
육민관중학교,육민관중학교,중,2
윤슬초등학교,윤슬초등학교,초,2
윤중초등학교,윤중초등학교,초,2
윤희유치원,윤희유치원,기타,2
의정부광동고등학교,의정부광동고등학교,고,2
의정부동암중학교,의정부동암중학교,중,2
의정부신곡초등학교,의정부신곡초등학교,초,2
의정부중앙초등학교,의정부중앙초등학교,초,2
의정부초,의정부초등학교,초,2
의정부화교초등학교,의정부화교초등학교,초,2
이동초등학교,이동초등학교,초,2
이리남중학교,이리남중학교,중,2
이리원광여자고등학교,이리원광여자고등학교,고,2
이목중학교,이목중학교,중,2
이산고등학교,이산고등학교,고,2
이수중학교,이수중학교,중,2
익산영등초등학교,익산영등초등학교,초,2
인천고잔초등학교,인천고잔초등학교,초,2
인천남촌초등학교,인천남촌초등학교,초,2
인천당산초등학교,인천당산초등학교,초,2
인천동양중학교,인천동양중학교,중,2
인천빙상,인천빙상,기타,2
인천빙상경기연맹,인천빙상경기연맹,실업,2
인천사리울중학교,인천사리울중학교,중,2
인천성리중학교,인천성리중학교,중,2
인천신정중학교,인천신정중학교,중,2
인천옥련초등학교,인천옥련초등학교,초,2
인천원동초등학교,인천원동초등학교,초,2
인천진산초등학교,인천진산초등학교,초,2
인하대학교,인하대학교,대,2
일동초등학교,일동초등학교,초,2
일신초등학교,일신초등학교,초,2
장덕초등학교,장덕초등학교,초,2
장산중학교,장산중학교,중,2
장성초등학교,장성초등학교,초,2
장월초등,장월초등,기타,2
장학초등학교,장학초등학교,초,2
재일본,재일본,기타,2
재일본대한체육회,재일본대한체육회,실업,2
재호주,재호주,기타,2
적성종합고등학교,적성종합고등학교,고,2
전농초등학교,전농초등학교,초,2
전일초,전일초등학교,초,2
전주근영중학교,전주근영중학교,중,2
전주대정초등학교,전주대정초등학교,초,2
전주대학교,전주대학교,대,2
전주문학초등학교,전주문학초등학교,초,2
전주비전대학,전주비전대학,기타,2
전주아중중학교,전주아중중학교,중,2
전주여울초등학교,전주여울초등학교,초,2
전주용소초등,전주용소초등,기타,2
전주우전초등학교,전주우전초등학교,초,2
전주인후초등학교,전주인후초등학교,초,2
전주중앙중학교,전주중앙중학교,중,2
정동고등학교,정동고등학교,고,2
정수초등학교,정수초등학교,초,2
정천초등학교,정천초등학교,초,2
조안초등학교,조안초등학교,초,2
죽전중학교,죽전중학교,중,2
죽전초등학교,죽전초등학교,초,2
중동중학교,중동중학교,중,2
중앙여자중학교,중앙여자중학교,중,2
중원학교,중원학교,기타,2
중평초,중평초등학교,초,2
중화초등,중화초등,기타,2
진건초등학교,진건초등학교,초,2
창원문성고등학교,창원문성고등학교,고,2
천일초등학교,천일초등학교,초,2
천천초등학교,천천초등학교,초,2
청계초,청계초등학교,초,2
청수초등학교,청수초등학교,초,2
청아초등학교,청아초등학교,초,2
청주시청,청주시청,실업,2
추계,추계,기타,2
춘천부안초등학교,춘천부안초등학교,초,2
춘천쇼트트랙클럽,춘천쇼트트랙클럽,실업,2
충암초등학교,충암초등학교,초,2
탄천초등학교,탄천초등학교,초,2
탕정미래초등학교,탕정미래초등학교,초,2
태릉초등,태릉초등,기타,2
토당초등학교,토당초등학교,초,2
토평고등학교,토평고등학교,고,2
토현초등학교,토현초등학교,초,2
퇴계중학교,퇴계중학교,중,2
퇴계초등학교,퇴계초등학교,초,2
판곡초등학교,판곡초등학교,초,2
판교고등학교,판교고등학교,고,2
팔달초등학교,팔달초등학교,초,2
팔마초등학교,팔마초등학교,초,2
평내초등학교,평내초등학교,초,2
포천초등학교,포천초등학교,초,2
포항초등학교,포항초등학교,초,2
포항해맞이초등학교,포항해맞이초등학교,초,2
풍무초등학교,풍무초등학교,초,2
풍성중학교,풍성중학교,중,2
풍양중학교,풍양중학교,중,2
풍천풍서초등학교,풍천풍서초등학교,초,2
학동초등학교,학동초등학교,초,2
한대부중학교,한대부중학교,중,2
한천중학교,한천중학교,중,2
한홀초등학교,한홀초등학교,초,2
항구초등학교,항구초등학교,초,2
해운대초등학교,해운대초등학교,초,2
해원초등학교,해원초등학교,초,2
협성대학교,협성대학교,대,2
호매실중학교,호매실중학교,중,2
호암초등학교,호암초등학교,초,2
호평중학교,호평중학교,중,2
호평초등학교,호평초등학교,초,2
홍익대학교 사범대학 부속고등학교,홍익대학교사범대학부속고등학교,고,2
홍익대학교사범대학부속중학교,홍익대학교사범대학부속중학교,중,2
화개초등학교,화개초등학교,초,2
화도중학교,화도중학교,중,2
화명고등학교,화명고등학교,고,2
화양초등학교,화양초등학교,초,2
화잠초등학교,화잠초등학교,초,2
화정초등학교,화정초등학교,초,2
환일고등학교,환일고등학교,고,2
회덕초등학교,회덕초등학교,초,2
효성초등학교,효성초등학교,초,2
효자중학교,효자중학교,중,2
휘문중학교,휘문중학교,중,2
희망대초등학교,희망대초등학교,초,2
(주) 아이티앤,(주)아이티앤,기타,1
(주) 알펜시아,(주)알펜시아,기타,1
(주)메이플,(주)메이플,기타,1
E.C.C영어유치원,E.C.C영어유치원,기타,1
GIA영어유치원,GIA영어유치원,기타,1
IHQ,IHQ,기타,1
ILS,ILS,기타,1
ILS유치원,ILS유치원,기타,1
INS102,INS102,기타,1
SIS,SIS,기타,1
ST SEOUL,STSEOUL,기타,1
TEAM LST 춘천,TEAMLST춘천,기타,1
TNLSCHOOL,TNLSCHOOL,기타,1
USA,USA,기타,1
peanut,peanut,기타,1
s-라인,s-라인,기타,1
teamSLK,teamSLK,기타,1
가경중학교,가경중학교,중,1
가동초등학교,가동초등학교,초,1
가락중학교,가락중학교,중,1
가람중학교,가람중학교,중,1
가림중학교,가림중학교,중,1
가산중학교,가산중학교,중,1
가산초등학교,가산초등학교,초,1
가야여자중학교,가야여자중학교,중,1
가야중학교,가야중학교,중,1
가오초등학교,가오초등학교,초,1
가온초,가온초등학교,초,1
가원초등학교,가원초등학교,초,1
가인초등학교,가인초등학교,초,1
가재울중학교,가재울중학교,중,1
가정중학교,가정중학교,중,1
가좌초등학교,가좌초등학교,초,1
가주초등학교,가주초등학교,초,1
각골초등학교,각골초등학교,초,1
각화초등학교,각화초등학교,초,1
갈매초병설유치원,갈매초병설유치원,기타,1
갈뫼초등학교,갈뫼초등학교,초,1
갈산,갈산,기타,1
갈산초,갈산초등학교,초,1
갈산초등,갈산초등,기타,1
갈산초등학교,갈산초등학교,초,1
감일중학교,감일중학교,중,1
갑천고등학교,갑천고등학교,고,1
강동대학교,강동대학교,대,1
강동중학교,강동중학교,중,1
강릉경포초등학교,강릉경포초등학교,초,1
강릉문성고등학교,강릉문성고등학교,고,1
강릉시빙상경기연맹,강릉시빙상경기연맹,실업,1
강릉원주대학교,강릉원주대학교,대,1
강릉초등학교,강릉초등학교,초,1
강선초등학교,강선초등학교,초,1
강신중학교,강신중학교,중,1
강원고등학교,강원고등학교,고,1
강원관광대학,강원관광대학,기타,1
강원대학교(삼척),강원대학교(삼척),기타,1
강원생명고등학교,강원생명고등학교,고,1
강원생명과학고등학교,강원생명과학고등학교,고,1
강월초등학교,강월초등학교,초,1
개림초등학교,개림초등학교,초,1
개봉초,개봉초등학교,초,1
개신초등학교,개신초등학교,초,1
거성중학교,거성중학교,중,1
거원중학교,거원중학교,중,1
거원초등학교,거원초등학교,초,1
거제양정초등학교,거제양정초등학교,초,1
거제여자중학교,거제여자중학교,중,1
거제초등학교,거제초등학교,초,1
거학초등학교,거학초등학교,초,1
건국대부속중학교,건국대부속중학교,중,1
건국대학교사범대학부속중학교,건국대학교사범대학부속중학교,중,1
건대부속고등학교,건대부속고등학교,고,1
건대부속중학교,건대부속중학교,중,1
건원초등,건원초등,기타,1
검단초등학교,검단초등학교,초,1
격동초등학교,격동초등학교,초,1
경기도,경기도,기타,1
경기도빙상경기연맹(13세이하부),경기도빙상경기연맹(13세이하부),실업,1
경기도빙상경기연맹(19세이하부),경기도빙상경기연맹(19세이하부),실업,1
경기수원외국인학교,경기수원외국인학교,기타,1
경동대학교메디컬캠퍼스,경동대학교메디컬캠퍼스,기타,1
경복대학교,경복대학교,대,1
경북대사대부설중학교,경북대사대부설중학교,중,1
경북대학교,경북대학교,대,1
경북빙상,경북빙상,기타,1
경북여자고등학교,경북여자고등학교,고,1
경북일반,경북일반,기타,1
경수중학교,경수중학교,중,1
경신여중,경신여중학교,중,1
경안여자중학교,경안여자중학교,중,1
경운대,경운대학교,대,1
경원중학교,경원중학교,중,1
경인초,경인초등학교,초,1
경인초등학교,경인초등학교,초,1
경일여자중학교,경일여자중학교,중,1
경일초등학교,경일초등학교,초,1
경주초등학교,경주초등학교,초,1
경포여자중학교,경포여자중학교,중,1
경혜여자고등학교,경혜여자고등학교,고,1
경희사이버대학,경희사이버대학,기타,1
계남초,계남초등학교,초,1
계상초등학교,계상초등학교,초,1
계성정보고등학교,계성정보고등학교,고,1
고든웨스트,고든웨스트,기타,1
고려대,고려대학교,대,1
고리울초등학교,고리울초등학교,초,1
고산초등학교,고산초등학교,초,1
고색초등학교,고색초등학교,초,1
고실초등학교,고실초등학교,초,1
고양고등학교,고양고등학교,고,1
고양백석초등학교,고양백석초등학교,초,1
고양오금초등학교,고양오금초등학교,초,1
고양제일중학교,고양제일중학교,중,1
고양증산초등학교,고양증산초등학교,초,1
고양화정초등학교,고양화정초등학교,초,1
고촌초등학교,고촌초등학교,초,1
곡정고등학교,곡정고등학교,고,1
공세초등학교,공세초등학교,초,1
과천율목초등학교,과천율목초등학교,초,1
과천중앙고등학교,과천중앙고등학교,고,1
관곡초등학교,관곡초등학교,초,1
관교여자중학교,관교여자중학교,중,1
관동중학교,관동중학교,중,1
관양고등학교,관양고등학교,고,1
관저고등학교,관저고등학교,고,1
광교초,광교초등학교,초,1
광남초,광남초등학교,초,1
광랑초등학교,광랑초등학교,초,1
광사초등학교,광사초등학교,초,1
광안초등학교,광안초등학교,초,1
광양남초등학교,광양남초등학교,초,1
광양마동초등학교,광양마동초등학교,초,1
광양백운초등학교,광양백운초등학교,초,1
광양여자고등학교,광양여자고등학교,고,1
광운전자공고,광운전자공고등학교,고,1
광운클럽,광운클럽,실업,1
광주경신중학교,광주경신중학교,중,1
광주방림초등학교,광주방림초등학교,초,1
광주석산고등학교,광주석산고등학교,고,1
광주성덕중학교,광주성덕중학교,중,1
광주성덕초등학교,광주성덕초등학교,초,1
광주송원중학교,광주송원중학교,중,1
광주외국인학교,광주외국인학교,기타,1
광주화정중학교,광주화정중학교,중,1
광주화정초등학교,광주화정초등학교,초,1
광지원초등학교,광지원초등학교,초,1
광진유아스포츠단,광진유아스포츠단,기타,1
광진중학교,광진중학교,중,1
광탄중학교,광탄중학교,중,1
교단국대학교,교단국대학교,대,1
교대부속초등학교,교대부속초등학교,초,1
교은석초등학교,교은석초등학교,초,1
구남초등학교,구남초등학교,초,1
구로남초,구로남초등학교,초,1
구름산초등학교,구름산초등학교,초,1
구리어린이스포츠단,구리어린이스포츠단,기타,1
구리초등학교,구리초등학교,초,1
구미1대학,구미1대학,기타,1
구미대교초등학교,구미대교초등학교,초,1
구미왕산초등학교,구미왕산초등학교,초,1
구미원남초등학교,구미원남초등학교,초,1
구서초등학교,구서초등학교,초,1
구암초,구암초등학교,초,1
구암초등학교,구암초등학교,초,1
구월여자중학교,구월여자중학교,중,1
구의중학교,구의중학교,중,1
구일고등학교,구일고등학교,고,1
구일중학교,구일중학교,중,1
국민은행,국민은행,실업,1
국제사이버대,국제사이버대학교,대,1
군포초등학교,군포초등학교,초,1
궁내초등학교,궁내초등학교,초,1
권선중학교,권선중학교,중,1
권원초등학교,권원초등학교,초,1
귀인중학교,귀인중학교,중,1
귀인초,귀인초등학교,초,1
귀인초등학교,귀인초등학교,초,1
규스포츠,규스포츠,기타,1
글로벌사이버대학교,글로벌사이버대학교,대,1
금곡중학교,금곡중학교,중,1
금곡초등,금곡초등,기타,1
금명중학교,금명중학교,중,1
금상어린이집,금상어린이집,기타,1
금오중학교,금오중학교,중,1
금오초,금오초등학교,초,1
금창초등학교,금창초등학교,초,1
기장중학교,기장중학교,중,1
길원초,길원초등학교,초,1
길음초,길음초등학교,초,1
김포신곡중학교,김포신곡중학교,중,1
김포한가람중학교,김포한가람중학교,중,1
김포한가람초등학교,김포한가람초등학교,초,1
김해가야고등학교,김해가야고등학교,고,1
김해관동초등학교,김해관동초등학교,초,1
김해구지초등학교,김해구지초등학교,초,1
김해모산중학교,김해모산중학교,중,1
김해신명초등학교,김해신명초등학교,초,1
김해신안초등학교,김해신안초등학교,초,1
꿈에그린유치원,꿈에그린유치원,기타,1
꿈틀자유학교,꿈틀자유학교,기타,1
나루고등학교,나루고등학교,고,1
나성초등학교,나성초등학교,초,1
남명초등학교,남명초등학교,초,1
남부대학교,남부대학교,대,1
남부초,남부초등학교,초,1
남부초교,남부초교,기타,1
남성중학교,남성중학교,중,1
남성초,남성초등학교,초,1
남수원초등학교,남수원초등학교,초,1
남양주송촌초등학교,남양주송촌초등학교,초,1
남양주양정초등학교,남양주양정초등학교,초,1
남양주양지초등학교,남양주양지초등학교,초,1
남인천여자중학교,남인천여자중학교,중,1
남천중학교,남천중학교,중,1
남춘천초,남춘천초등학교,초,1
남한중학교,남한중학교,중,1
내곡초등학교,내곡초등학교,초,1
내동초,내동초등학교,초,1
내산초등학교,내산초등학교,초,1
내양초등,내양초등,기타,1
내양초등학교,내양초등학교,초,1
내정중학교,내정중학교,중,1
내토중학교,내토중학교,중,1
내토초등학교,내토초등학교,초,1
냉천중학교,냉천중학교,중,1
넘버원,넘버원,기타,1
노암초등학교,노암초등학교,초,1
노원구민아기스포츠단,노원구민아기스포츠단,기타,1
노원중학교,노원중학교,중,1
노원초등학교,노원초등학교,초,1
노일중학교,노일중학교,중,1
노일초등학교,노일초등학교,초,1
녹수초등학교,녹수초등학교,초,1
녹양중학,녹양중학,기타,1
녹천중학교,녹천중학교,중,1
논곡중학교,논곡중학교,중,1
논산내동초등학교,논산내동초등학교,초,1
능곡초등학교,능곡초등학교,초,1
능동고등학교,능동고등학교,고,1
능동중학교,능동중학교,중,1
능허대초,능허대초등학교,초,1
다대고등학교,다대고등학교,고,1
다문초등학교,다문초등학교,초,1
다산새봄중학교,다산새봄중학교,중,1
다산한강중학교,다산한강중학교,중,1
다산한강초등학교,다산한강초등학교,초,1
다정중학교,다정중학교,중,1
단국대학교대학원,단국대학교대학원,기타,1
단대초등학교,단대초등학교,초,1
달서초등학교,달서초등학교,초,1
달안초,달안초등학교,초,1
달안초등학교,달안초등학교,초,1
담양남초등학교,담양남초등학교,초,1
답십리초,답십리초등학교,초,1
당산서중학교,당산서중학교,중,1
당산중학교,당산중학교,중,1
당정초등학교,당정초등학교,초,1
당촌초등학교,당촌초등학교,초,1
당현초등학교,당현초등학교,초,1
대곶초등학교,대곶초등학교,초,1
대구가창초등학교,대구가창초등학교,초,1
대구강북초등학교,대구강북초등학교,초,1
대구교육대안동부설초등교,대구교육대안동부설초등교,기타,1
대구국제학교,대구국제학교,기타,1
대구노변초등학교,대구노변초등학교,초,1
대구대덕초등학교,대구대덕초등학교,초,1
대구대천초등학교,대구대천초등학교,초,1
대구덕인초등학교,대구덕인초등학교,초,1
대구동덕초등학교,대구동덕초등학교,초,1
대구매호초등학교,대구매호초등학교,초,1
대구방촌초등학교,대구방촌초등학교,초,1
대구복현초등학교,대구복현초등학교,초,1
대구빙상경기연맹,대구빙상경기연맹,실업,1
대구서도초등학교,대구서도초등학교,초,1
대구신암초등학교,대구신암초등학교,초,1
대구아양초등학교,대구아양초등학교,초,1
대구입석초등학교,대구입석초등학교,초,1
대구장기초등학교,대구장기초등학교,초,1
대구장동초등학교,대구장동초등학교,초,1
대구종로초등학교,대구종로초등학교,초,1
대구청림초등학교,대구청림초등학교,초,1
대구평리초등학교,대구평리초등학교,초,1
대구한의대학교,대구한의대학교,대,1
대구해서초등학교,대구해서초등학교,초,1
대구효명초등학교,대구효명초등학교,초,1
대구효목초등학교,대구효목초등학교,초,1
대길,대길,기타,1
대덕초,대덕초등학교,초,1
대덕초등학교,대덕초등학교,초,1
대도중학교,대도중학교,중,1
대도초등,대도초등,기타,1
대도초등학교,대도초등학교,초,1
대명초등학교,대명초등학교,초,1
대사초등학교,대사초등학교,초,1
대서중학교,대서중학교,중,1
대성여자중학교,대성여자중학교,중,1
대성초등,대성초등,기타,1
대성초등학교,대성초등학교,초,1
대신중학교,대신중학교,중,1
대안중학교,대안중학교,중,1
대자중학교,대자중학교,중,1
대자초등학교,대자초등학교,초,1
대저중학교,대저중학교,중,1
대전가오고등학교,대전가오고등학교,고,1
대전가장초등학교,대전가장초등학교,초,1
대전갑천초등학교,대전갑천초등학교,초,1
대전관저고등학,대전관저고등학,기타,1
대전관저고등학교,대전관저고등학교,고,1
대전괴정고등학교,대전괴정고등학교,고,1
대전괴정중학교,대전괴정중학교,중,1
대전글꽃중학교,대전글꽃중학교,중,1
대전글꽃초등학교,대전글꽃초등학교,초,1
대전남선,대전남선,기타,1
대전내동초,대전내동초등학교,초,1
대전내동초등학교,대전내동초등학교,초,1
대전대덕초등학교,대전대덕초등학교,초,1
대전도마초등학교,대전도마초등학교,초,1
대전동방고등학교,대전동방고등학교,고,1
대전동산고등학교,대전동산고등학교,고,1
대전동산초등학교,대전동산초등학교,초,1
대전동화중학교,대전동화중학교,중,1
대전목양초등학교,대전목양초등학교,초,1
대전반석초등학교,대전반석초등학교,초,1
대전버드내초,대전버드내초등학교,초,1
대전버드내초등학교,대전버드내초등학교,초,1
대전변동중학교,대전변동중학교,중,1
대전보덕초,대전보덕초등학교,초,1
대전복수고,대전복수고등학교,고,1
대전복수고등학교,대전복수고등학교,고,1
대전봉산중학교,대전봉산중학교,중,1
대전봉우중학교,대전봉우중학교,중,1
대전빙상연맹,대전빙상연맹,실업,1
대전삼천중학교,대전삼천중학교,중,1
대전상원초등학교,대전상원초등학교,초,1
대전서부초등학교,대전서부초등학교,초,1
대전성모여자고등학교,대전성모여자고등학교,고,1
대전성모초등학교,대전성모초등학교,초,1
대전수미초등학교,대전수미초등학교,초,1
대전수정초등학교,대전수정초등학교,초,1
대전이문고등학교,대전이문고등학교,고,1
대전태평초등학교,대전태평초등학교,초,1
대전피닉스,대전피닉스,기타,1
대진고등학교,대진고등학교,고,1
대치초등학교,대치초등학교,초,1
덕두초등학교,덕두초등학교,초,1
덕산초등학교,덕산초등학교,초,1
덕소중학교,덕소중학교,중,1
덕수초등학교,덕수초등학교,초,1
덕암초등학교,덕암초등학교,초,1
덕일전자공업고등학교,덕일전자공업고등학교,고,1
덕정고등학교,덕정고등학교,고,1
덕정초등학교,덕정초등학교,초,1
덕천초등학교,덕천초등학교,초,1
덕풍중학교,덕풍중학교,중,1
덕현고등학교,덕현고등학교,고,1
덕현초등학교,덕현초등학교,초,1
덕화중학교,덕화중학교,중,1
덜위치칼리지서울영국학교,덜위치칼리지서울영국학교,기타,1
데이리스포츠클럽,데이리스포츠클럽,실업,1
도계중학교,도계중학교,중,1
도농고등학교,도농고등학교,고,1
도농초,도농초등학교,초,1
도담고등학교,도담고등학교,고,1
도래울중학교,도래울중학교,중,1
도봉초등학교,도봉초등학교,초,1
도성초등학교,도성초등학교,초,1
도심병설유치원,도심병설유치원,기타,1
도원중학교,도원중학교,중,1
도촌중학교,도촌중학교,중,1
독정초등학교,독정초등학교,초,1
돌마고등학교,돌마고등학교,고,1
동광초등학교,동광초등학교,초,1
동교초,동교초등학교,초,1
동교초등학교,동교초등학교,초,1
동구여자중학교,동구여자중학교,중,1
동국대학교,동국대학교,대,1
동남초등학교,동남초등학교,초,1
동답초등학교,동답초등학교,초,1
동대문SLP유치원,동대문SLP유치원,기타,1
동대부속중학교,동대부속중학교,중,1
동덕여자고등학교,동덕여자고등학교,고,1
동두천여중,동두천여중학교,중,1
동마중학교,동마중학교,중,1
동방고등학교,동방고등학교,고,1
동백초등학교,동백초등학교,초,1
동부생명,동부생명,기타,1
동산유치원,동산유치원,기타,1
동산중학교,동산중학교,중,1
동산초등,동산초등,기타,1
동삼초등학교,동삼초등학교,초,1
동서대학교,동서대학교,대,1
동성고등학교,동성고등학교,고,1
동성중학교,동성중학교,중,1
동아여자고등학교,동아여자고등학교,고,1
동아중학교,동아중학교,중,1
동안초등학교,동안초등학교,초,1
동원과학기술대학교,동원과학기술대학교,대,1
동의초등하교,동의초등하교,기타,1
동인병설유치원,동인병설유치원,기타,1
동인초등하교,동인초등하교,기타,1
동일중앙초등학교,동일중앙초등학교,초,1
동자초,동자초등학교,초,1
동작중학교,동작중학교,중,1
동주초등학교,동주초등학교,초,1
동해중학교,동해중학교,중,1
동호초등학교,동호초등학교,초,1
동화나라유치원,동화나라유치원,기타,1
두암초,두암초등학교,초,1
둔촌초,둔촌초등학교,초,1
등촌중학교,등촌중학교,중,1
롯데월드,롯데월드,기타,1
리라아트고등학교,리라아트고등학교,고,1
리라초,리라초등학교,초,1
마로초등학교,마로초등학교,초,1
마장중학교,마장중학교,중,1
마장초등학교,마장초등학교,초,1
만덕고,만덕고등학교,고,1
만덕중학교,만덕중학교,중,1
만송유치원,만송유치원,기타,1
만수고등학교,만수고등학교,고,1
만천초,만천초등학교,초,1
망미중학교,망미중학교,중,1
망우초등,망우초등,기타,1
매동초,매동초등학교,초,1
매동초등학교,매동초등학교,초,1
매봉초등학교,매봉초등학교,초,1
매산초등학교,매산초등학교,초,1
매원고등학교,매원고등학교,고,1
매탄고등학교,매탄고등학교,고,1
매향여자정보고등학교,매향여자정보고등학교,고,1
매현초등학교,매현초등학교,초,1
매호초등학교,매호초등학교,초,1
매홀고등학교,매홀고등학교,고,1
먼우금초등학교,먼우금초등학교,초,1
메가패스,메가패스,기타,1
면남초등학교,면남초등학교,초,1
면목중학교,면목중학교,중,1
명도초등학교,명도초등학교,초,1
명신초등학교,명신초등학교,초,1
명인중학교,명인중학교,중,1
명일중학교,명일중학교,중,1
명지대학교 사회교육원,명지대학교사회교육원,기타,1
명지중학교,명지중학교,중,1
명지초등,명지초등,기타,1
명호초등학교,명호초등학교,초,1
모락고등학교,모락고등학교,고,1
모현초등학교,모현초등학교,초,1
목동고등학교,목동고등학교,고,1
목운,목운,기타,1
무등초등학교,무등초등학교,초,1
무학여자고등학교,무학여자고등학교,고,1
묵동초등학교,묵동초등학교,초,1
묵현초등,묵현초등,기타,1
문래,문래,기타,1
문래초,문래초등학교,초,1
문성고등학교,문성고등학교,고,1
문우초등학교,문우초등학교,초,1
문원중학교,문원중학교,중,1
문원초,문원초등학교,초,1
문정초등학교,문정초등학교,초,1
문학초,문학초등학교,초,1
물금중학교,물금중학교,중,1
물금초등학교,물금초등학교,초,1
미금중학교,미금중학교,중,1
미사강변고등학교,미사강변고등학교,고,1
미사강변중학교,미사강변중학교,중,1
미사중앙초등학교,미사중앙초등학교,초,1
미양중학교,미양중학교,중,1
미예뜰유치원,미예뜰유치원,기타,1
미원공업고등학교,미원공업고등학교,고,1
민락초,민락초등학교,초,1
박달중학교,박달중학교,중,1
박문중학교,박문중학교,중,1
반림중학교,반림중학교,중,1
반원초등학교,반원초등학교,초,1
반포자이유치원,반포자이유치원,기타,1
발곡중학교,발곡중학교,중,1
발곡초등학교,발곡초등학교,초,1
밤비니어학원,밤비니어학원,기타,1
방산고등학교,방산고등학교,고,1
방산초등학교,방산초등학교,초,1
방송통신대학교,방송통신대학교,대,1
방원중학교,방원중학교,중,1
방이중학교,방이중학교,중,1
방현초등학교,방현초등학교,초,1
배명중학교,배명중학교,중,1
배방고등학교,배방고등학교,고,1
배산초등학교,배산초등학교,초,1
배재중학교,배재중학교,중,1
배화여자고등학교,배화여자고등학교,고,1
배화여자중학교,배화여자중학교,중,1
백마중학교,백마중학교,중,1
백문초,백문초등학교,초,1
백산초등학교,백산초등학교,초,1
백석문화대학,백석문화대학,기타,1
백석문화대학교,백석문화대학교,대,1
백신초등학교,백신초등학교,초,1
백운중학교,백운중학교,중,1
백운호수초등학교,백운호수초등학교,초,1
백제고등학교,백제고등학교,고,1
백제초등학교,백제초등학교,초,1
번동초등학교,번동초등학교,초,1
번천초등학교,번천초등학교,초,1
범어초등학교,범어초등학교,초,1
변우신(탄천),변우신(탄천),기타,1
별래초등학교,별래초등학교,초,1
병점고등학교,병점고등학교,고,1
보광초등학교,보광초등학교,초,1
보라매초등학교,보라매초등학교,초,1
보성고등학교,보성고등학교,고,1
보평고등학교,보평고등학교,고,1
보평초,보평초등학교,초,1
봄내중학교,봄내중학교,중,1
봉덕초등학교,봉덕초등학교,초,1
봉선초등학교,봉선초등학교,초,1
봉일천중학교,봉일천중학교,중,1
봉하초등,봉하초등,기타,1
봉화초등,봉화초등,기타,1
부곡고등학교,부곡고등학교,고,1
부곡여자중학교,부곡여자중학교,중,1
부곡초등학교,부곡초등학교,초,1
부림초등학교,부림초등학교,초,1
부산강서고등학교,부산강서고등학교,고,1
부산광역시체육회,부산광역시체육회,실업,1
부산구포초등학교,부산구포초등학교,초,1
부산금빛초등학교,부산금빛초등학교,초,1
부산대신초등학교,부산대신초등학교,초,1
부산대천리초등학교,부산대천리초등학교,초,1
부산명덕초등학교,부산명덕초등학교,초,1
부산명호중학교,부산명호중학교,중,1
부산민락초등학교,부산민락초등학교,초,1
부산용수중학교,부산용수중학교,중,1
부산진여자상업고등학교,부산진여자상업고등학교,고,1
부산해운대중학교,부산해운대중학교,중,1
부산호암초등학교,부산호암초등학교,초,1
부산화교초등학교,부산화교초등학교,초,1
부안초학교,부안초학교,기타,1
부암초,부암초등학교,초,1
부양초등학교,부양초등학교,초,1
부일외국어고등학교,부일외국어고등학교,고,1
부천대명초등학교,부천대명초등학교,초,1
부천덕산초등학교,부천덕산초등학교,초,1
부천동여자중학교,부천동여자중학교,중,1
부천양지초등학교,부천양지초등학교,초,1
부천일신중학교,부천일신중학교,중,1
부천일신초등학교,부천일신초등학교,초,1
부흥중학교,부흥중학교,중,1
북삼초등학교,북삼초등학교,초,1
북수초,북수초등학교,초,1
분당고등학교,분당고등학교,고,1
분당박성희,분당박성희,기타,1
분당영덕여자고등학교,분당영덕여자고등학교,고,1
분당중학교,분당중학교,중,1
분포중학교,분포중학교,중,1
불당키즈칼리지유치원,불당키즈칼리지유치원,기타,1
불정초,불정초등학교,초,1
비봉고등학교,비봉고등학교,고,1
비산중학교,비산중학교,중,1
비아초등학교,비아초등학교,초,1
빛고을초등학교,빛고을초등학교,초,1
사내고등학교,사내고등학교,고,1
사능푸른유치원,사능푸른유치원,기타,1
사리울중학교,사리울중학교,중,1
사범대부설초등학교,사범대부설초등학교,초,1
사직고등학교,사직고등학교,고,1
사직초,사직초등학교,초,1
사천초등학교,사천초등학교,초,1
사파중학교,사파중학교,중,1
산남초등학교,산남초등학교,초,1
산본초등학교,산본초등학교,초,1
산울중학교,산울중학교,중,1
산의초등학교,산의초등학교,초,1
삼문고등학교,삼문고등학교,고,1
삼성유치원,삼성유치원,기타,1
삼송초등학교,삼송초등학교,초,1
삼육SDA어린이집,삼육SDA어린이집,기타,1
삼일공업고등학교,삼일공업고등학교,고,1
삼정자중학교,삼정자중학교,중,1
삼정초,삼정초등학교,초,1
삼천중학교,삼천중학교,중,1
삼천초,삼천초등학교,초,1
삼평중학교,삼평중학교,중,1
상계중학교,상계중학교,중,1
상계초등학교,상계초등학교,초,1
상곡초,상곡초등학교,초,1
상당초등학교,상당초등학교,초,1
상대원초등학교,상대원초등학교,초,1
상도초등학교,상도초등학교,초,1
상동중학교,상동중학교,중,1
상록중학교,상록중학교,중,1
상록초등학교,상록초등학교,초,1
상면병설유치원,상면병설유치원,기타,1
상명대부속초,상명대부속초등학교,초,1
상명대학교,상명대학교,대,1
상명대학교 사범대학 부속여자중학교,상명대학교사범대학부속여자중학교,중,1
상명대학교사범대학부속초등학교,상명대학교사범대학부속초등학교,초,1
상명사대부속여자중학교,상명사대부속여자중학교,중,1
상명사대부속여중,상명사대부속여중학교,중,1
상명초등,상명초등,기타,1
상봉초등학교,상봉초등학교,초,1
상사초등학교,상사초등학교,초,1
상색초등학교,상색초등학교,초,1
상아초등학교,상아초등학교,초,1
상암고등학교,상암고등학교,고,1
상암중학교,상암중학교,중,1
상원여자중학교,상원여자중학교,중,1
상월초등학교,상월초등학교,초,1
상인천여자중학교,상인천여자중학교,중,1
상인초등학교,상인초등학교,초,1
상일여자고등학교,상일여자고등학교,고,1
상지대학교,상지대학교,대,1
상지초,상지초등학교,초,1
상촌중학교,상촌중학교,중,1
새론초등학교,새론초등학교,초,1
새시대어린이집,새시대어린이집,기타,1
서감초등학교,서감초등학교,초,1
서강SLP,서강SLP,기타,1
서강중학교,서강중학교,중,1
서광중학교,서광중학교,중,1
서남대학교,서남대학교,대,1
서당초등학교,서당초등학교,초,1
서라벌고등학교,서라벌고등학교,고,1
서래초등학교,서래초등학교,초,1
서면중학교,서면중학교,중,1
서문여자고등학교,서문여자고등학교,고,1
서사부초등학교,서사부초등학교,초,1
서산여자중학교,서산여자중학교,중,1
서신초등학교,서신초등학교,초,1
서울MD,서울MD,기타,1
서울가락초등학교,서울가락초등학교,초,1
서울가인초등학교,서울가인초등학교,초,1
서울가재울중학교,서울가재울중학교,중,1
서울가재울초등학교,서울가재울초등학교,초,1
서울갈현초등학교,서울갈현초등학교,초,1
서울강동초등학교,서울강동초등학교,초,1
서울강명중학교,서울강명중학교,중,1
서울강서초등학교,서울강서초등학교,초,1
서울강월초등학교,서울강월초등학교,초,1
서울강일초등학교,서울강일초등학교,초,1
서울개웅초등학교,서울개웅초등학교,초,1
서울개화초등학교,서울개화초등학교,초,1
서울경복초등학교,서울경복초등학교,초,1
서울계상초등학교,서울계상초등학교,초,1
서울고등학교,서울고등학교,고,1
서울고원초등학교,서울고원초등학교,초,1
서울고현초등학교,서울고현초등학교,초,1
서울공릉초등학교,서울공릉초등학교,초,1
서울공진초등학교,서울공진초등학교,초,1
서울광운초등학교,서울광운초등학교,초,1
서울광희초등학교,서울광희초등학교,초,1
서울교대부속초,서울교대부속초등학교,초,1
서울교동초등학교,서울교동초등학교,초,1
서울구남초등학교,서울구남초등학교,초,1
서울구산중학교,서울구산중학교,중,1
서울구일초등학교,서울구일초등학교,초,1
서울국제크리스천아카데미,서울국제크리스천아카데미,기타,1
서울국제학교,서울국제학교,기타,1
서울길원초등학교,서울길원초등학교,초,1
서울난향초등학교,서울난향초등학교,초,1
서울남정초등학교,서울남정초등학교,초,1
서울남천초등학교,서울남천초등학교,초,1
서울노원초등학교,서울노원초등학교,초,1
서울노일초,서울노일초등학교,초,1
서울논현초등학교,서울논현초등학교,초,1
서울답십리초등학교,서울답십리초등학교,초,1
서울당현초등학교,서울당현초등학교,초,1
서울대림초등학교,서울대림초등학교,초,1
서울대명초등학교,서울대명초등학교,초,1
서울대사범대학부설초등학교,서울대사범대학부설초등학교,초,1
서울대사범부설초등학교,서울대사범부설초등학교,초,1
서울대학교,서울대학교,대,1
서울대학교사범부설초등학교,서울대학교사범부설초등학교,초,1
서울덕명초등학교,서울덕명초등학교,초,1
서울도성초등학교,서울도성초등학교,초,1
서울동광초등학교,서울동광초등학교,초,1
서울동답초등학교,서울동답초등학교,초,1
서울동북초,서울동북초등학교,초,1
서울동원중학교,서울동원중학교,중,1
서울등마초등학교,서울등마초등학교,초,1
서울등현초등학교,서울등현초등학교,초,1
서울디지털대학교,서울디지털대학교,대,1
서울망우초등학교,서울망우초등학교,초,1
서울매봉초등학교,서울매봉초등학교,초,1
서울명신초등학교,서울명신초등학교,초,1
서울명일초등학교,서울명일초등학교,초,1
서울문덕초등학교,서울문덕초등학교,초,1
서울문정초등학교,서울문정초등학교,초,1
서울문화예술대학교,서울문화예술대학교,대,1
서울미동초등학교,서울미동초등학교,초,1
서울방이초등학교,서울방이초등학교,초,1
서울배명중학교,서울배명중학교,중,1
서울번동초등학교,서울번동초등학교,초,1
서울봉은초등학교,서울봉은초등학교,초,1
서울봉천초등학교,서울봉천초등학교,초,1
서울불암초등학교,서울불암초등학교,초,1
서울빙상경기연맹,서울빙상경기연맹,실업,1
서울사대부고,서울사대부고등학교,고,1
서울사대부속초등학교,서울사대부속초등학교,초,1
서울사대부초,서울사대부초등학교,초,1
서울사범대부설중학교,서울사범대부설중학교,중,1
서울삼선초등,서울삼선초등,기타,1
서울삼선초등학교,서울삼선초등학교,초,1
서울삼양초등학교,서울삼양초등학교,초,1
서울삼전초등학교,서울삼전초등학교,초,1
서울상경초등학교,서울상경초등학교,초,1
서울상곡초등학교,서울상곡초등학교,초,1
서울상명초등학교,서울상명초등학교,초,1
서울상봉초등학교,서울상봉초등학교,초,1
서울상월초등학교,서울상월초등학교,초,1
서울서교초등학교,서울서교초등학교,초,1
서울선유중학교,서울선유중학교,중,1
서울선유초등학교,서울선유초등학교,초,1
서울성덕여자중학교,서울성덕여자중학교,중,1
서울성북초등학교,서울성북초등학교,초,1
서울성수고등학교,서울성수고등학교,고,1
서울성자초등학교,서울성자초등학교,초,1
서울세명초등학교,서울세명초등학교,초,1
서울세종초등학교,서울세종초등학교,초,1
서울소의초등학교,서울소의초등학교,초,1
서울송례초등학교,서울송례초등학교,초,1
서울송전초등학교,서울송전초등학교,초,1
서울송중초등학교,서울송중초등학교,초,1
서울송파초등학교,서울송파초등학교,초,1
서울수락중학교,서울수락중학교,중,1
서울수리초등학교,서울수리초등학교,초,1
서울수암초등학교,서울수암초등학교,초,1
서울신강초등학교,서울신강초등학교,초,1
서울신구초등학교,서울신구초등학교,초,1
서울신도초등학교,서울신도초등학교,초,1
서울신동초등학교,서울신동초등학교,초,1
서울신미림초등학교,서울신미림초등학교,초,1
서울신사초등학교,서울신사초등학교,초,1
서울신상도초등학교,서울신상도초등학교,초,1
서울신월초등학교,서울신월초등학교,초,1
서울신학초등학교,서울신학초등학교,초,1
서울신흥초등학교,서울신흥초등학교,초,1
서울아카데미 압구정,서울아카데미압구정,기타,1
서울안평초등학교,서울안평초등학교,초,1
서울애화학교,서울애화학교,기타,1
서울양동초등학교,서울양동초등학교,초,1
서울양천초등학교,서울양천초등학교,초,1
서울언남초등학교,서울언남초등학교,초,1
서울언북초등학교,서울언북초등학교,초,1
서울여대,서울여대학교,대,1
서울여자고등학교,서울여자고등학교,고,1
서울여자대학교부속유치원,서울여자대학교부속유치원,기타,1
서울역삼초,서울역삼초등학교,초,1
서울역촌초등학교,서울역촌초등학교,초,1
서울연가초등학교,서울연가초등학교,초,1
서울염창초등학교,서울염창초등학교,초,1
서울영본초등학교,서울영본초등학교,초,1
서울영원초등학교,서울영원초등학교,초,1
서울영풍초등학교,서울영풍초등학교,초,1
서울오현초등학교,서울오현초등학교,초,1
서울온수초등학교,서울온수초등학교,초,1
서울외국인학교,서울외국인학교,기타,1
서울외국인학교(SIS),서울외국인학교(SIS),기타,1
서울용동초,서울용동초등학교,초,1
서울용두초등학교,서울용두초등학교,초,1
서울용마초등학교,서울용마초등학교,초,1
서울용산초등학교,서울용산초등학교,초,1
서울용암초등학교,서울용암초등학교,초,1
서울우신초등학교,서울우신초등학교,초,1
서울우이초등학교,서울우이초등학교,초,1
서울우장초등학교,서울우장초등학교,초,1
서울원광초등학교,서울원광초등학교,초,1
서울원명초등학교,서울원명초등학교,초,1
서울월계초등학교,서울월계초등학교,초,1
서울월정초등학교,서울월정초등학교,초,1
서울은빛초등학교,서울은빛초등학교,초,1
서울을지초,서울을지초등학교,초,1
서울응봉초등학교,서울응봉초등학교,초,1
서울자양초등학교,서울자양초등학교,초,1
서울장안초등학교,서울장안초등학교,초,1
서울전동초등학교,서울전동초등학교,초,1
서울정덕초등학교,서울정덕초등학교,초,1
서울중목초등학교,서울중목초등학교,초,1
서울중현초등학교,서울중현초등학교,초,1
서울창도초,서울창도초등학교,초,1
서울청담초등학교,서울청담초등학교,초,1
서울청량초등학교,서울청량초등학교,초,1
서울청운초등학교,서울청운초등학교,초,1
서울청원초,서울청원초등학교,초,1
서울체육중학교,서울체육중학교,중,1
서울초당초등학교,서울초당초등학교,초,1
서울충무초등학교,서울충무초등학교,초,1
서울치현초등학교,서울치현초등학교,초,1
서울탑산초등학교,서울탑산초등학교,초,1
서울태랑중학교,서울태랑중학교,중,1
서울태릉빙상클럽,서울태릉빙상클럽,실업,1
서울특별시빙상경기연맹,서울특별시빙상경기연맹,실업,1
서울특별시빙상경기연맹(중등부),서울특별시빙상경기연맹(중등부),실업,1
서울포이초등학교,서울포이초등학교,초,1
서울풍성초등학교,서울풍성초등학교,초,1
서울하늘초등학교,서울하늘초등학교,초,1
서울한양중학교,서울한양중학교,중,1
서울행림초등학교,서울행림초등학교,초,1
서울행현초등학교,서울행현초등학교,초,1
서울홍파초등학교,서울홍파초등학교,초,1
서울휘경초등학교,서울휘경초등학교,초,1
서원대학교,서원대학교,대,1
서원주초등학교,서원주초등학교,초,1
서원초등학교,서원초등학교,초,1
서정중학교,서정중학교,중,1
서진여자고등학교,서진여자고등학교,고,1
서창복팀,서창복팀,기타,1
서천중학교,서천중학교,중,1
서천초,서천초등학교,초,1
서천초등학교,서천초등학교,초,1
서초고등학교,서초고등학교,고,1
서해초등학교,서해초등학교,초,1
서현고,서현고등학교,고,1
석계ECC유치원,석계ECC유치원,기타,1
석관고등학교,석관고등학교,고,1
석관중학교,석관중학교,중,1
석동초등학교,석동초등학교,초,1
석성초등학교,석성초등학교,초,1
석촌중학교,석촌중학교,중,1
선린초등학교,선린초등학교,초,1
선문대학교,선문대학교,대,1
선사고등학교,선사고등학교,고,1
선일여자고등학교,선일여자고등학교,고,1
선주중학교,선주중학교,중,1
선주초,선주초등학교,초,1
선주초등학교,선주초등학교,초,1
선학중학교,선학중학교,중,1
선행초,선행초등학교,초,1
선행초등학교,선행초등학교,초,1
성곡초등학교,성곡초등학교,초,1
성남여자고등학교,성남여자고등학교,고,1
성남정자초등학교,성남정자초등학교,초,1
성남초등학교,성남초등학교,초,1
성덕중학교,성덕중학교,중,1
성동중학교,성동중학교,중,1
성동초,성동초등학교,초,1
성동초등,성동초등,기타,1
성모여자고등학교,성모여자고등학교,고,1
성복초등학교,성복초등학교,초,1
성북초등학교,성북초등학교,초,1
성산초등학교,성산초등학교,초,1
성서중학교,성서중학교,중,1
성수초등학교,성수초등학교,초,1
성신여자중학교,성신여자중학교,중,1
성심보건고등학교,성심보건고등학교,고,1
성심유치원,성심유치원,기타,1
성애어린이집,성애어린이집,기타,1
성정초등학교,성정초등학교,초,1
성창여자고등학교,성창여자고등학교,고,1
성포고등학교,성포고등학교,고,1
성화중학교,성화중학교,중,1
세곡중학교,세곡중학교,중,1
세곡초등학교,세곡초등학교,초,1
세광고등학교,세광고등학교,고,1
세륜초등학교,세륜초등학교,초,1
세말초등학교,세말초등학교,초,1
세명고등학교,세명고등학교,고,1
세명대학교,세명대학교,대,1
세명초등학교,세명초등학교,초,1
세종보람초등학교,세종보람초등학교,초,1
세종사이버대학교,세종사이버대학교,대,1
세종시체육회,세종시체육회,실업,1
세종초등,세종초등,기타,1
세종특별자치시체육회,세종특별자치시체육회,실업,1
세화여고등학교,세화여고등학교,고,1
센텀중학교,센텀중학교,중,1
센텀초등학교,센텀초등학교,초,1
소양초등하교,소양초등하교,기타,1
소화초등학교,소화초등학교,초,1
솔뫼중학교,솔뫼중학교,중,1
솔밭초등학교,솔밭초등학교,초,1
솔빛초등학교,솔빛초등학교,초,1
솔샘고등학교 (구 미양고등학교),솔샘고등학교(구미양고등학교),기타,1
송곡여자중학교,송곡여자중학교,중,1
송남초,송남초등학교,초,1
송남초등학교,송남초등학교,초,1
송내중앙중학교,송내중앙중학교,중,1
송량유치원,송량유치원,기타,1
송북초등학교,송북초등학교,초,1
송빛초등학교,송빛초등학교,초,1
송파초등학교,송파초등학교,초,1
송호중학교,송호중학교,중,1
송호초등학교,송호초등학교,초,1
송화초,송화초등학교,초,1
수내초등학교,수내초등학교,초,1
수서중학교,수서중학교,중,1
수성초,수성초등학교,초,1
수영중학교,수영중학교,중,1
수영초등학교,수영초등학교,초,1
수완초등학교,수완초등학교,초,1
수원송림초등학교,수원송림초등학교,초,1
수원오현초등학교,수원오현초등학교,초,1
수원율현중학교,수원율현중학교,중,1
수원전산여자고등학교,수원전산여자고등학교,고,1
수월중학교,수월중학교,중,1
수유중학교,수유중학교,중,1
수일고등학교,수일고등학교,고,1
수일중학교,수일중학교,중,1
수입초등학교,수입초등학교,초,1
수정초등학교,수정초등학교,초,1
수주중학교,수주중학교,중,1
수진중학교,수진중학교,중,1
숙명여자중학교,숙명여자중학교,중,1
순천고등학교,순천고등학교,고,1
순천대석초등학교,순천대석초등학교,초,1
순천매산중학교,순천매산중학교,중,1
순천연향중학교,순천연향중학교,중,1
순천연향초등학교,순천연향초등학교,초,1
순천왕운중학교,순천왕운중학교,중,1
순천왕의중학교,순천왕의중학교,중,1
순천왕지초등학교,순천왕지초등학교,초,1
순천팔마중학교,순천팔마중학교,중,1
순천효천고등학교,순천효천고등학교,고,1
숭덕초등학교,숭덕초등학교,초,1
숭신초등학교,숭신초등학교,초,1
숭실대학교,숭실대학교,대,1
숭의중학교,숭의중학교,중,1
숲속체험생태학교,숲속체험생태학교,기타,1
스템랩,스템랩,기타,1
스포츠토토,스포츠토토,기타,1
승학초등학교,승학초등학교,초,1
시온고등학교,시온고등학교,고,1
시현초등학교,시현초등학교,초,1
신가초등학교,신가초등학교,초,1
신곡중학교,신곡중학교,중,1
신광유치원,신광유치원,기타,1
신구중학교,신구중학교,중,1
신금초,신금초등학교,초,1
신금초등학교,신금초등학교,초,1
신기중학교,신기중학교,중,1
신남중학교,신남중학교,중,1
신남초등,신남초등,기타,1
신동초,신동초등학교,초,1
신라대학교,신라대학교,대,1
신리초등학교,신리초등학교,초,1
신림중학교,신림중학교,중,1
신매초등학교,신매초등학교,초,1
신방학중학교,신방학중학교,중,1
신사중학교,신사중학교,중,1
신상도초,신상도초등학교,초,1
신상중학교,신상중학교,중,1
신서중학교,신서중학교,중,1
신석초등학교,신석초등학교,초,1
신성초등학교,신성초등학교,초,1
신송초등학교,신송초등학교,초,1
신용산초,신용산초등학교,초,1
신월중학교,신월중학교,중,1
신일중학교,신일중학교,중,1
신장고등학교,신장고등학교,고,1
신정고등학교,신정고등학교,고,1
신정중학교,신정중학교,중,1
신창중학교,신창중학교,중,1
신천중학교,신천중학교,중,1
신청초등학교,신청초등학교,초,1
신한대학교,신한대학교,대,1
신현초,신현초등학교,초,1
신현초등,신현초등,기타,1
신흥초,신흥초등학교,초,1
쌍문초등학교,쌍문초등학교,초,1
썬오일코퍼레이션,썬오일코퍼레이션,기타,1
아랑유치원,아랑유치원,기타,1
아산배방중학교,아산배방중학교,중,1
아주초,아주초등학교,초,1
안남중학교,안남중학교,중,1
안녕초,안녕초등학교,초,1
안녕초등학교,안녕초등학교,초,1
안동서부초등하교,안동서부초등하교,기타,1
안동세잔느어린이집,안동세잔느어린이집,기타,1
안동여자중학교,안동여자중학교,중,1
안동영남초등학교,안동영남초등학교,초,1
안동호명초등학교,안동호명초등학교,초,1
안양관악초등학교,안양관악초등학교,초,1
안양남초등학교,안양남초등학교,초,1
안양덕현초등학교,안양덕현초등학교,초,1
안양동안초등학교,안양동안초등학교,초,1
안양동초등학교,안양동초등학교,초,1
안양샘모루초등학교,안양샘모루초등학교,초,1
안양서초등학교,안양서초등학교,초,1
안양시청,안양시청,실업,1
안양양지초등학교,안양양지초등학교,초,1
안양중학교,안양중학교,중,1
안진초등학교,안진초등학교,초,1
안편초등학교,안편초등학교,초,1
야탑중학교,야탑중학교,중,1
야탑초등학교,야탑초등학교,초,1
양구고등학교,양구고등학교,고,1
양구여자중학교,양구여자중학교,중,1
양덕여자중학교,양덕여자중학교,중,1
양도중학교,양도중학교,중,1
양동초등학교,양동초등학교,초,1
양산여자중학교,양산여자중학교,중,1
양산초등학교(경기),양산초등학교(경기),기타,1
양산하북초등학교,양산하북초등학교,초,1
양산황산초등학교,양산황산초등학교,초,1
양서초등학교,양서초등학교,초,1
양오초드학교,양오초드학교,기타,1
양운중학교,양운중학교,중,1
양일중학교,양일중학교,중,1
양일초등학교,양일초등학교,초,1
양정중학교,양정중학교,중,1
양주남면초등학교,양주남면초등학교,초,1
양주덕산초등학교,양주덕산초등학교,초,1
양주덕현중학교,양주덕현중학교,중,1
양주백석고,양주백석고등학교,고,1
양주백석중,양주백석중학교,중,1
양주산북초등학교,양주산북초등학교,초,1
양주회정초등학교,양주회정초등학교,초,1
양진중학교,양진중학교,중,1
양진초등학교,양진초등학교,초,1
양천중학교,양천중학교,중,1
어룡초등학교,어룡초등학교,초,1
어방초등학교,어방초등학교,초,1
어상천초등학교,어상천초등학교,초,1
어양중학교,어양중학교,중,1
언북초등학교,언북초등학교,초,1
언주중학교,언주중학교,중,1
에덴유치원,에덴유치원,기타,1
여울초,여울초등학교,초,1
여의도여자고등학교,여의도여자고등학교,고,1
여의도초,여의도초등학교,초,1
여주대학교,여주대학교,대,1
역삼중학교,역삼중학교,중,1
연곡초등학교,연곡초등학교,초,1
연무중학교,연무중학교,중,1
연산중학교,연산중학교,중,1
연성초,연성초등학교,초,1
연수고등학교,연수고등학교,고,1
연제중학교,연제중학교,중,1
연제초등학교,연제초등학교,초,1
연지초등학교,연지초등학교,초,1
연천초등학교,연천초등학교,초,1
연촌초등학교,연촌초등학교,초,1
연포초등학교,연포초등학교,초,1
연화초,연화초등학교,초,1
연희중학교,연희중학교,중,1
염경초,염경초등학교,초,1
염경초등학교,염경초등학교,초,1
염티초등학교,염티초등학교,초,1
영가초등학교,영가초등학교,초,1
영남중학교,영남중학교,중,1
영남초등학교,영남초등학교,초,1
영덕여자고등학교,영덕여자고등학교,고,1
영도초,영도초등학교,초,1
영도초등학교,영도초등학교,초,1
영등포공업고등학교,영등포공업고등학교,고,1
영문초등학교,영문초등학교,초,1
영생고등학교,영생고등학교,고,1
영생유치원,영생유치원,기타,1
영선고등학교,영선고등학교,고,1
영운중학교,영운중학교,중,1
영원초등학교,영원초등학교,초,1
영은유치원,영은유치원,기타,1
영중초,영중초등학교,초,1
영천초등학교,영천초등학교,초,1
영파여고,영파여고등학교,고,1
예담어린이집,예담어린이집,기타,1
예문여자고등학교,예문여자고등학교,고,1
예지유치원,예지유치원,기타,1
오금초등학교,오금초등학교,초,1
오동초등학요,오동초등학요,기타,1
오류초등학교,오류초등학교,초,1
오륙도초등학교,오륙도초등학교,초,1
오산시체육회,오산시체육회,실업,1
오산원일중학교,오산원일중학교,중,1
오산중학교,오산중학교,중,1
오성고등학교,오성고등학교,고,1
오정중학교,오정중학교,중,1
오정초등학교,오정초등학교,초,1
오주건설,오주건설,기타,1
오주건설주식회사,오주건설주식회사,기타,1
오창중학교,오창중학교,중,1
옥계동부초등학교,옥계동부초등학교,초,1
옥빛초등학교,옥빛초등학교,초,1
옥정중학교,옥정중학교,중,1
옥정호수초등학교,옥정호수초등학교,초,1
온고을중학교,온고을중학교,중,1
온남초등학교,온남초등학교,초,1
온양권곡초등학교,온양권곡초등학교,초,1
온양신정초등학교,온양신정초등학교,초,1
온양여자중학교,온양여자중학교,중,1
온타리오 국제학교,온타리오국제학교,기타,1
와우중학교,와우중학교,중,1
완산중학교,완산중학교,중,1
왜관중학교,왜관중학교,중,1
용강중학교,용강중학교,중,1
용강초등학교,용강초등학교,초,1
용산국제학교,용산국제학교,기타,1
용산초등학교,용산초등학교,초,1
용소초,용소초등학교,초,1
용수중학교,용수중학교,중,1
용신초등학교,용신초등학교,초,1
용암초등학교,용암초등학교,초,1
용인대,용인대학교,대,1
용인둔전초등학교,용인둔전초등학교,초,1
용인신봉초등학교,용인신봉초등학교,초,1
용인신촌초등학교,용인신촌초등학교,초,1
용인한빛중학교,용인한빛중학교,중,1
용인한얼초등학교,용인한얼초등학교,초,1
용인효자초등학교,용인효자초등학교,초,1
용지초,용지초등학교,초,1
용호중학교,용호중학교,중,1
우리유치원,우리유치원,기타,1
우림초등학교,우림초등학교,초,1
우산중학교,우산중학교,중,1
우석초교,우석초교,기타,1
욱수초등학교,욱수초등학교,초,1
운동초등학교,운동초등학교,초,1
운림중학교,운림중학교,중,1
운천초등학교,운천초등학교,초,1
운현초등학교,운현초등학교,초,1
운흥초등학교,운흥초등학교,초,1
울산대학교,울산대학교,대,1
울산에이스빙상클럽,울산에이스빙상클럽,실업,1
원광대학교,원광대학교,대,1
원동초등학교,원동초등학교,초,1
원명초,원명초등학교,초,1
원봉중학교,원봉중학교,중,1
원촌초등학교,원촌초등학교,초,1
원호초,원호초등학교,초,1
원흥초등학교,원흥초등학교,초,1
월계고등학교,월계고등학교,고,1
월곡중학교,월곡중학교,중,1
월문초등학교,월문초등학교,초,1
월서초등학교,월서초등학교,초,1
월촌,월촌,기타,1
월촌초등학교,월촌초등학교,초,1
위례숲초등학교,위례숲초등학교,초,1
위례중학교,위례중학교,중,1
위례초등학교,위례초등학교,초,1
위례한빛고등학교,위례한빛고등학교,고,1
위즈아일랜드,위즈아일랜드,기타,1
유강중학교,유강중학교,중,1
유목초등학교,유목초등학교,초,1
유봉여고,유봉여고등학교,고,1
유석초등,유석초등,기타,1
유석초등학교,유석초등학교,초,1
유정글로벌학교,유정글로벌학교,기타,1
유정초등학교,유정초등학교,초,1
육민관고등학교,육민관고등학교,고,1
윤경유치원,윤경유치원,기타,1
윤중초,윤중초등학교,초,1
윤희생태유치원,윤희생태유치원,기타,1
율곡중학교,율곡중학교,중,1
율곡초등학교,율곡초등학교,초,1
율현중학교,율현중학교,중,1
은빛초등학교,은빛초등학교,초,1
은석초등학교7,은석초등학교7,기타,1
은성유치원,은성유치원,기타,1
은월초등학교,은월초등학교,초,1
음봉중학교,음봉중학교,중,1
의림여자중학교,의림여자중학교,중,1
의림여중,의림여중학교,중,1
의왕 부곡초등학교,의왕부곡초등학교,초,1
의왕초,의왕초등학교,초,1
의정부광동고,의정부광동고등학교,고,1
의정부배영초등학교,의정부배영초등학교,초,1
의정부부용초등학교,의정부부용초등학교,초,1
의정부서중학교,의정부서중학교,중,1
의정부시신곡초등학교,의정부시신곡초등학교,초,1
의정부여자고학교,의정부여자고학교,기타,1
의정부호동초등학교,의정부호동초등학교,초,1
의정부호원초등학교,의정부호원초등학교,초,1
읜석초등학교,읜석초등학교,초,1
이대부속이화금란고등학교,이대부속이화금란고등학교,고,1
이대부속중학교,이대부속중학교,중,1
이대사대부속초등학교,이대사대부속초등학교,초,1
이리남성여중,이리남성여중학교,중,1
이리남성중,이리남성중학교,중,1
이리남창초등학교,이리남창초등학교,초,1
이리북중,이리북중학교,중,1
이리북중학교,이리북중학교,중,1
이리팔봉초등학교,이리팔봉초등학교,초,1
이서초등학교,이서초등학교,초,1
이성초등학교,이성초등학교,초,1
이소키즈클럽,이소키즈클럽,실업,1
이솔초등학교,이솔초등학교,초,1
이수초,이수초등학교,초,1
이수초등학교,이수초등학교,초,1
이일여자중학교,이일여자중학교,중,1
이화여대,이화여대학교,대,1
이화여자고등학교,이화여자고등학교,고,1
이화여자대학교사범대학 부속초등학교,이화여자대학교사범대학부속초등학교,초,1
이화여자대학교사범대학부속중학교,이화여자대학교사범대학부속중학교,중,1
익산초등학교,익산초등학교,초,1
인덕원고등학교,인덕원고등학교,고,1
인송중학교,인송중학교,중,1
인지초등학교,인지초등학교,초,1
인천가원초등학교,인천가원초등학교,초,1
인천경명초등학교,인천경명초등학교,초,1
인천고잔중학교,인천고잔중학교,중,1
인천논곡초등학교,인천논곡초등학교,초,1
인천논현중학교,인천논현중학교,중,1
인천능허대초등학교,인천능허대초등학교,초,1
인천대건고등학교,인천대건고등학교,고,1
인천도담초등학교,인천도담초등학교,초,1
인천동막초등학교,인천동막초등학교,초,1
인천마전초등학교,인천마전초등학교,초,1
인천만수고등학교,인천만수고등학교,고,1
인천명선초등학교,인천명선초등학교,초,1
인천목향초등학교,인천목향초등학교,초,1
인천문남초등학교,인천문남초등학교,초,1
인천병방초등학교,인천병방초등학교,초,1
인천봉수초등학교,인천봉수초등학교,초,1
인천부일초등학교,인천부일초등학교,초,1
인천불로중학교,인천불로중학교,중,1
인천서면초등학교,인천서면초등학교,초,1
인천서창중학교,인천서창중학교,중,1
인천서창초등학교,인천서창초등학교,초,1
인천소래초등학교,인천소래초등학교,초,1
인천송빛초등학교,인천송빛초등학교,초,1
인천송원초등학교,인천송원초등학교,초,1
인천송천초등학교,인천송천초등학교,초,1
인천송현초등학교,인천송현초등학교,초,1
인천시체육회,인천시체육회,실업,1
인천여자고등학교,인천여자고등학교,고,1
인천연성중학교,인천연성중학교,중,1
인천연화초등학교,인천연화초등학교,초,1
인천영선초등학교,인천영선초등학교,초,1
인천예일고등학교,인천예일고등학교,고,1
인천용현남초등학교,인천용현남초등학교,초,1
인천인제고등학교,인천인제고등학교,고,1
인천장수초등학교,인천장수초등학교,초,1
인천장아초등학교,인천장아초등학교,초,1
인천정각중학교,인천정각중학교,중,1
인천주원초등학교,인천주원초등학교,초,1
인천중앙초등학교,인천중앙초등학교,초,1
인천청라초등학교,인천청라초등학교,초,1
인천청량초등학교,인천청량초등학교,초,1
인천청학초등학교,인천청학초등학교,초,1
인천함박중학교,인천함박중학교,중,1
인천함박초등학교,인천함박초등학교,초,1
인천해송중학교,인천해송중학교,중,1
인천해송초등학교,인천해송초등학교,초,1
인천해원초등학교,인천해원초등학교,초,1
인헌중학교,인헌중학교,중,1
인화여자고등학교,인화여자고등학교,고,1
인화여자중학교,인화여자중학교,중,1
일광중학교,일광중학교,중,1
일광초등학교,일광초등학교,초,1
일산양일중학교,일산양일중학교,중,1
일신여자상업고등학교,일신여자상업고등학교,고,1
일신초등,일신초등,기타,1
일월초등학교,일월초등학교,초,1
임호중학교,임호중학교,중,1
입석초등학교,입석초등학교,초,1
자양중학교,자양중학교,중,1
자연유치원,자연유치원,기타,1
자운초,자운초등학교,초,1
잠신고등학교,잠신고등학교,고,1
잠실고등학교,잠실고등학교,고,1
잠실초,잠실초등학교,초,1
잠원중학교,잠원중학교,중,1
잠일고등학교,잠일고등학교,고,1
잠일초,잠일초등학교,초,1
잠현초등학교,잠현초등학교,초,1
장내중학교,장내중학교,중,1
장덕중학교,장덕중학교,중,1
장림초등학교,장림초등학교,초,1
장산초등학교,장산초등학교,초,1
장성남중학교,장성남중학교,중,1
장성하이텍고등학교,장성하이텍고등학교,고,1
장승초등학교,장승초등학교,초,1
장안중학교,장안중학교,중,1
장안초등학교,장안초등학교,초,1
장암초등학교,장암초등학교,초,1
장위중학교,장위중학교,중,1
장자중학교,장자중학교,중,1
장전중학교,장전중학교,중,1
장천초,장천초등학교,초,1
장천초등학교,장천초등학교,초,1
장평중학교,장평중학교,중,1
장학초교,장학초교,기타,1
장현초등,장현초등,기타,1
장현초등학교,장현초등학교,초,1
장훈고등학교,장훈고등학교,고,1
재독일대한체육회,재독일대한체육회,실업,1
재송초등학교,재송초등학교,초,1
재현중학교,재현중학교,중,1
저동고등학교,저동고등학교,고,1
전동중학교,전동중학교,중,1
전동초등학교,전동초등학교,초,1
전라고등학교,전라고등학교,고,1
전라중학교,전라중학교,중,1
전북사대부고,전북사대부고등학교,고,1
전북여자고등학교,전북여자고등학교,고,1
전일중학교,전일중학교,중,1
전주근영여자고등학교,전주근영여자고등학교,고,1
전주생명과학고등학교,전주생명과학고등학교,고,1
전주서곡초등학교,전주서곡초등학교,초,1
전주서원초등학교,전주서원초등학교,초,1
전주서천초등학교,전주서천초등학교,초,1
전주솔내고등학교,전주솔내고등학교,고,1
전주송북초등학교,전주송북초등학교,초,1
전주시시설관리공단,전주시시설관리공단,기타,1
전주양지초등학교,전주양지초등학교,초,1
전주오송중학교,전주오송중학교,중,1
전주우전중학교,전주우전중학교,중,1
전주유일여고,전주유일여고등학교,고,1
전주전라초등학교,전주전라초등학교,초,1
전주제일고,전주제일고등학교,고,1
전주중산초등,전주중산초등,기타,1
전주중산초등학교,전주중산초등학교,초,1
전주중인초등학교,전주중인초등학교,초,1
전주중학교,전주중학교,중,1
전주한들초등학교,전주한들초등학교,초,1
절영초등학교,절영초등학교,초,1
정각중학교,정각중학교,중,1
정광중학교,정광중학교,중,1
정목초,정목초등학교,초,1
정자초등학교,정자초등학교,초,1
정현초등학교,정현초등학교,초,1
정화여고,정화여고등학교,고,1
제암초등학교,제암초등학교,초,1
제일고등학교,제일고등학교,고,1
제천남천초등학교,제천남천초등학교,초,1
제천상업고등학교,제천상업고등학교,고,1
조대여자고등학교,조대여자고등학교,고,1
조대여자중학교,조대여자중학교,중,1
조암초등학교,조암초등학교,초,1
조양중학교,조양중학교,중,1
조종초등학교,조종초등학교,초,1
종암중학교,종암중학교,중,1
좌야초등학교,좌야초등학교,초,1
주감초등학교,주감초등학교,초,1
주곡초등학교,주곡초등학교,초,1
주엽초등학교,주엽초등학교,초,1
주월초등학교,주월초등학교,초,1
죽전고등학교,죽전고등학교,고,1
중경고등학교,중경고등학교,고,1
중계poly,중계poly,기타,1
중국,중국,기타,1
중대부중학교,중대부중학교,중,1
중랑구아기스포츠단,중랑구아기스포츠단,기타,1
중리초등학교,중리초등학교,초,1
중산고등학교,중산고등학교,고,1
중산초등학교,중산초등학교,초,1
중앙기독중학교,중앙기독중학교,중,1
중앙기독초등학교,중앙기독초등학교,초,1
중앙대학교부속중학교,중앙대학교부속중학교,중,1
중탑초등학교,중탑초등학교,초,1
중평중학교,중평중학교,중,1
중현초등학교,중현초등학교,초,1
증평중학교,증평중학교,중,1
지도중학교,지도중학교,중,1
지평중학교,지평중학교,중,1
진건중학교,진건중학교,중,1
진관고등학교,진관고등학교,고,1
진관중학교,진관중학교,중,1
진남초등학교,진남초등학교,초,1
진명여자고등학교,진명여자고등학교,고,1
진산중학교,진산중학교,중,1
진영대창초등학교,진영대창초등학교,초,1
진해냉천중학교,진해냉천중학교,중,1
진흥초등학교,진흥초등학교,초,1
차산초등학교,차산초등학교,초,1
참사랑요양원,참사랑요양원,기타,1
창경초등학교,창경초등학교,초,1
창동중학교,창동중학교,중,1
창릉초등학교,창릉초등학교,초,1
창리초등학교,창리초등학교,초,1
창문여자고등학교,창문여자고등학교,고,1
창문여자중학교,창문여자중학교,중,1
창문유치원,창문유치원,기타,1
창신초등학교,창신초등학교,초,1
창원남산고등학교,창원남산고등학교,고,1
창원상남초등학교,창원상남초등학교,초,1
창원초등학교,창원초등학교,초,1
창현고등학교,창현고등학교,고,1
채드윅송도국제학교,채드윅송도국제학교,기타,1
천동초등학교,천동초등학교,초,1
천보중학교,천보중학교,중,1
천보초등학교,천보초등학교,초,1
천안가온중학교,천안가온중학교,중,1
천안공업고등학교,천안공업고등학교,고,1
천안동중학교,천안동중학교,중,1
천안불당중학교,천안불당중학교,중,1
천안불당초등학교,천안불당초등학교,초,1
천안쌍용초등학교,천안쌍용초등학교,초,1
천안용소초등학교,천안용소초등학교,초,1
천안중앙고등학교,천안중앙고등학교,고,1
천왕중학교,천왕중학교,중,1
천일초,천일초등학교,초,1
철마초등학교,철마초등학교,초,1
청곡초등학교,청곡초등학교,초,1
청담고등학교,청담고등학교,고,1
청담초등학교,청담초등학교,초,1
청도촌초등학교,청도촌초등학교,초,1
청동초등학교,청동초등학교,초,1
청량고등학교,청량고등학교,고,1
청량중학교,청량중학교,중,1
청량초,청량초등학교,초,1
청룡초,청룡초등학교,초,1
청림중학교,청림중학교,중,1
청림초등학교,청림초등학교,초,1
청명중학교,청명중학교,중,1
청명초등학교,청명초등학교,초,1
청심국제중학교,청심국제중학교,중,1
청옥초등학교,청옥초등학교,초,1
청운중학교,청운중학교,중,1
청운초,청운초등학교,초,1
청운초등학교,청운초등학교,초,1
청주고등학교,청주고등학교,고,1
청주여자고등학교,청주여자고등학교,고,1
청주여자상업고등학교,청주여자상업고등학교,고,1
청주여자중학교,청주여자중학교,중,1
청하유치원,청하유치원,기타,1
청학초등학교,청학초등학교,초,1
추산초등학교,추산초등학교,초,1
춘천고등학교,춘천고등학교,고,1
춘천교육대학부설초등학교,춘천교육대학부설초등학교,초,1
춘천기계공업고등학교,춘천기계공업고등학교,고,1
춘천중학교,춘천중학교,중,1
춘천지방법원,춘천지방법원,기타,1
춘촌교대부설초등학교,춘촌교대부설초등학교,초,1
충남일반,충남일반,기타,1
충남중학교,충남중학교,중,1
충무초등학교,충무초등학교,초,1
충북인터넷고등학교,충북인터넷고등학교,고,1
충북전산기계고등학교,충북전산기계고등학교,고,1
충암고등학교,충암고등학교,고,1
충주중앙중학교,충주중앙중학교,중,1
충청북도 빙상경기연맹,충청북도빙상경기연맹,실업,1
충훈고등학교,충훈고등학교,고,1
치동초등학교,치동초등학교,초,1
칠금초등학교,칠금초등학교,초,1
칠보중학교,칠보중학교,중,1
카라크리스천스쿨,카라크리스천스쿨,기타,1
탕정중학교,탕정중학교,중,1
탕정초,탕정초등학교,초,1
태강삼육초등,태강삼육초등,기타,1
태장초등학교,태장초등학교,초,1
토평마을어린이집,토평마을어린이집,기타,1
토현중학교,토현중학교,중,1
통진중학교,통진중학교,중,1
퇴계원고등학교,퇴계원고등학교,고,1
퇴계원중학교,퇴계원중학교,중,1
판곡초병설유치원,판곡초병설유치원,기타,1
판교초등학교,판교초등학교,초,1
평내고등학교,평내고등학교,고,1
평내중학교,평내중학교,중,1
평리초등학교,평리초등학교,초,1
평촌고,평촌고등학교,고,1
평촌초,평촌초등학교,초,1
평택고덕초등학교,평택고덕초등학교,초,1
포항대흥초등학교,포항대흥초등학교,초,1
포항송곡초등학교,포항송곡초등학교,초,1
포항원동초등학교,포항원동초등학교,초,1
포항장성고등학교,포항장성고등학교,고,1
폴리영어유치원,폴리영어유치원,기타,1
푸른초등학교,푸른초등학교,초,1
풍광초등학교,풍광초등학교,초,1
풍기초,풍기초등학교,초,1
풍기초등학교,풍기초등학교,초,1
풍동중학교,풍동중학교,중,1
풍무중학교,풍무중학교,중,1
풍산초등학교,풍산초등학교,초,1
풍암초등학교,풍암초등학교,초,1
풍양초등학교,풍양초등학교,초,1
풍천중학교,풍천중학교,중,1
풍천초등학교,풍천초등학교,초,1
피노키오어린이집,피노키오어린이집,기타,1
하남중학교,하남중학교,중,1
하늘빛초등학교,하늘빛초등학교,초,1
하늘초,하늘초등학교,초,1
하늘초등학교,하늘초등학교,초,1
하단중학교,하단중학교,중,1
하단초등학교,하단초등학교,초,1
하랑초등학교,하랑초등학교,초,1
하백초등학교,하백초등학교,초,1
하안북초등학교,하안북초등학교,초,1
하안중학교,하안중학교,중,1
하일초등학교,하일초등학교,초,1
학산여자고등학교,학산여자고등학교,고,1
학산초등학교,학산초등학교,초,1
학진초등학교,학진초등학교,초,1
학천초등학교,학천초등학교,초,1
한가람고등학교,한가람고등학교,고,1
한국방송통신대학교,한국방송통신대학교,대,1
한국영등포화교소학교,한국영등포화교소학교,기타,1
한국외국어대학교,한국외국어대학교,대,1
한국외국어대학부속용인외국어고등학교,한국외국어대학부속용인외국어고등학교,고,1
한국외국인학교 서울캠퍼스,한국외국인학교서울캠퍼스,기타,1
한국조형예술고등학교,한국조형예술고등학교,고,1
한국체육대학교 빙상장,한국체육대학교빙상장,기타,1
한대부중,한대부중학교,중,1
한들초등학교,한들초등학교,초,1
한림대학교,한림대학교,대,1
한림유치원,한림유치원,기타,1
한마음초등학교,한마음초등학교,초,1
한빛고등학교,한빛고등학교,고,1
한산중학교,한산중학교,중,1
한샘고등학교,한샘고등학교,고,1
한서고등학교,한서고등학교,고,1
한서초등학교,한서초등학교,초,1
한성유치원,한성유치원,기타,1
한양대학교미래인재교욱원,한양대학교미래인재교욱원,기타,1
한영중학교,한영중학교,중,1
한울안중학교,한울안중학교,중,1
해강고등학교,해강고등학교,고,1
해동중학교,해동중학교,중,1
해운대관광고등학교,해운대관광고등학교,고,1
해운대여자중학교,해운대여자중학교,중,1
해운초등학교,해운초등학교,초,1
행복한우리어린이집,행복한우리어린이집,기타,1
행신고,행신고등학교,고,1
행신초등학교,행신초등학교,초,1
행현초,행현초등학교,초,1
현천고등학교,현천고등학교,고,1
현철클럽,현철클럽,실업,1
형남중학교,형남중학교,중,1
혜원여자고등학교,혜원여자고등학교,고,1
호명초등학교,호명초등학교,초,1
호반초교,호반초교,기타,1
호성초등학교,호성초등학교,초,1
호원중학교,호원중학교,중,1
홍릉초등학교,홍릉초등학교,초,1
홍익대학교사범대학부속고등학교,홍익대학교사범대학부속고등학교,고,1
홍익디자인고,홍익디자인고등학교,고,1
홍익디자인고등,홍익디자인고등,기타,1
홍익빙상클럽,홍익빙상클럽,실업,1
홍익사대부속중학교,홍익사대부속중학교,중,1
홍익초,홍익초등학교,초,1
홍익초등,홍익초등,기타,1
홍익초등학교,홍익초등학교,초,1
홍인디자인고등학교,홍인디자인고등학교,고,1
홍제초등학교,홍제초등학교,초,1
화계초등학교,화계초등학교,초,1
화교소학교,화교소학교,기타,1
화담중학교,화담중학교,중,1
화당초등학교,화당초등학교,초,1
화명초등학교,화명초등학교,초,1
화성반월고등학교,화성반월고등학교,고,1
화성상봉초등학교,화성상봉초등학교,초,1
화암초등학교,화암초등학교,초,1
화접초,화접초등학교,초,1
화접초등,화접초등,기타,1
화정초,화정초등학교,초,1
화천정보산업고등학교,화천정보산업고등학교,고,1
화천중학교,화천중학교,중,1
환호여자중학교,환호여자중학교,중,1
회룡중학교,회룡중학교,중,1
회원초등학교,회원초등학교,초,1
효자초,효자초등학교,초,1
효제초등학교,효제초등학교,초,1
효천초등학교,효천초등학교,초,1
효탑초등학교,효탑초등학교,초,1
후평초등학교,후평초등학교,초,1
휘경여자고등학교,휘경여자고등학교,고,1
휘봉고등학교,휘봉고등학교,고,1
흥덕고등학교,흥덕고등학교,고,1
흥도초등학교,흥도초등학교,초,1
흥진중학교,흥진중학교,중,1
흥해남산초등학교,흥해남산초등학교,초,1
흥해중학교,흥해중학교,중,1
희망대초,희망대초등학교,초,1
희성초등학교,희성초등학교,초,1
힐사이드컬리지잇(송도),힐사이드컬리지잇(송도),기타,1
