출생연도,성별,학령구간,거리,인원수,기록_p10,기록_p25,기록_p50,기록_p75,기록_p90,순위_p25,순위_p50,순위_p75
1950,남,일반,1500,데이터 부족,데이터 부족,데이터 부족,데이터 부족,데이터 부족,데이터 부족,데이터 부족,데이터 부족,데이터 부족
1950,남,일반,3000,데이터 부족,데이터 부족,데이터 부족,데이터 부족,데이터 부족,데이터 부족,데이터 부족,데이터 부족,데이터 부족
1953,남,일반,1000,데이터 부족,데이터 부족,데이터 부족,데이터 부족,데이터 부족,데이터 부족,데이터 부족,데이터 부족,데이터 부족
1956,남,일반,500,데이터 부족,데이터 부족,데이터 부족,데이터 부족,데이터 부족,데이터 부족,데이터 부족,데이터 부족,데이터 부족
1956,남,일반,1000,데이터 부족,데이터 부족,데이터 부족,데이터 부족,데이터 부족,데이터 부족,데이터 부족,데이터 부족,데이터 부족
1956,남,일반,1500,데이터 부족,데이터 부족,데이터 부족,데이터 부족,데이터 부족,데이터 부족,데이터 부족,데이터 부족,데이터 부족
1957,여,일반,500,데이터 부족,데이터 부족,데이터 부족,데이터 부족,데이터 부족,데이터 부족,데이터 부족,데이터 부족,데이터 부족
1957,여,일반,1000,데이터 부족,데이터 부족,데이터 부족,데이터 부족,데이터 부족,데이터 부족,데이터 부족,데이터 부족,데이터 부족
1957,여,일반,1500,데이터 부족,데이터 부족,데이터 부족,데이터 부족,데이터 부족,데이터 부족,데이터 부족,데이터 부족,데이터 부족
1957,여,일반,3000,데이터 부족,데이터 부족,데이터 부족,데이터 부족,데이터 부족,데이터 부족,데이터 부족,데이터 부족,데이터 부족
1958,남,일반,1000,데이터 부족,데이터 부족,데이터 부족,데이터 부족,데이터 부족,데이터 부족,데이터 부족,데이터 부족,데이터 부족
1958,남,일반,1500,데이터 부족,데이터 부족,데이터 부족,데이터 부족,데이터 부족,데이터 부족,데이터 부족,데이터 부족,데이터 부족
1958,남,일반,3000,데이터 부족,데이터 부족,데이터 부족,데이터 부족,데이터 부족,데이터 부족,데이터 부족,데이터 부족,데이터 부족
1959,여,일반,3000,데이터 부족,데이터 부족,데이터 부족,데이터 부족,데이터 부족,데이터 부족,데이터 부족,데이터 부족,데이터 부족
1960,여,일반,500,데이터 부족,데이터 부족,데이터 부족,데이터 부족,데이터 부족,데이터 부족,데이터 부족,데이터 부족,데이터 부족
1960,여,일반,1000,데이터 부족,데이터 부족,데이터 부족,데이터 부족,데이터 부족,데이터 부족,데이터 부족,데이터 부족,데이터 부족
1960,여,일반,1500,데이터 부족,데이터 부족,데이터 부족,데이터 부족,데이터 부족,데이터 부족,데이터 부족,데이터 부족,데이터 부족
1960,여,일반,3000,데이터 부족,데이터 부족,데이터 부족,데이터 부족,데이터 부족,데이터 부족,데이터 부족,데이터 부족,데이터 부족
1961,남,일반,500,데이터 부족,데이터 부족,데이터 부족,데이터 부족,데이터 부족,데이터 부족,데이터 부족,데이터 부족,데이터 부족
1961,남,일반,1000,데이터 부족,데이터 부족,데이터 부족,데이터 부족,데이터 부족,데이터 부족,데이터 부족,데이터 부족,데이터 부족
1961,남,일반,3000,데이터 부족,데이터 부족,데이터 부족,데이터 부족,데이터 부족,데이터 부족,데이터 부족,데이터 부족,데이터 부족
1961,여,일반,500,데이터 부족,데이터 부족,데이터 부족,데이터 부족,데이터 부족,데이터 부족,데이터 부족,데이터 부족,데이터 부족
1961,여,일반,1000,데이터 부족,데이터 부족,데이터 부족,데이터 부족,데이터 부족,데이터 부족,데이터 부족,데이터 부족,데이터 부족
1961,여,일반,1500,데이터 부족,데이터 부족,데이터 부족,데이터 부족,데이터 부족,데이터 부족,데이터 부족,데이터 부족,데이터 부족
1961,여,일반,3000,데이터 부족,데이터 부족,데이터 부족,데이터 부족,데이터 부족,데이터 부족,데이터 부족,데이터 부족,데이터 부족
1962,남,일반,500,데이터 부족,데이터 부족,데이터 부족,데이터 부족,데이터 부족,데이터 부족,데이터 부족,데이터 부족,데이터 부족
1962,남,일반,1000,데이터 부족,데이터 부족,데이터 부족,데이터 부족,데이터 부족,데이터 부족,데이터 부족,데이터 부족,데이터 부족
1962,남,일반,1500,데이터 부족,데이터 부족,데이터 부족,데이터 부족,데이터 부족,데이터 부족,데이터 부족,데이터 부족,데이터 부족
1962,여,일반,500,데이터 부족,데이터 부족,데이터 부족,데이터 부족,데이터 부족,데이터 부족,데이터 부족,데이터 부족,데이터 부족
1962,여,일반,1000,데이터 부족,데이터 부족,데이터 부족,데이터 부족,데이터 부족,데이터 부족,데이터 부족,데이터 부족,데이터 부족
1963,남,일반,500,데이터 부족,데이터 부족,데이터 부족,데이터 부족,데이터 부족,데이터 부족,데이터 부족,데이터 부족,데이터 부족
1963,남,일반,1000,데이터 부족,데이터 부족,데이터 부족,데이터 부족,데이터 부족,데이터 부족,데이터 부족,데이터 부족,데이터 부족
1963,남,일반,1500,데이터 부족,데이터 부족,데이터 부족,데이터 부족,데이터 부족,데이터 부족,데이터 부족,데이터 부족,데이터 부족
1963,남,일반,3000,데이터 부족,데이터 부족,데이터 부족,데이터 부족,데이터 부족,데이터 부족,데이터 부족,데이터 부족,데이터 부족
1964,남,일반,500,데이터 부족,데이터 부족,데이터 부족,데이터 부족,데이터 부족,데이터 부족,데이터 부족,데이터 부족,데이터 부족
1964,남,일반,1000,데이터 부족,데이터 부족,데이터 부족,데이터 부족,데이터 부족,데이터 부족,데이터 부족,데이터 부족,데이터 부족
1964,남,일반,1500,데이터 부족,데이터 부족,데이터 부족,데이터 부족,데이터 부족,데이터 부족,데이터 부족,데이터 부족,데이터 부족
1964,남,일반,3000,데이터 부족,데이터 부족,데이터 부족,데이터 부족,데이터 부족,데이터 부족,데이터 부족,데이터 부족,데이터 부족
1964,여,일반,500,데이터 부족,데이터 부족,데이터 부족,데이터 부족,데이터 부족,데이터 부족,데이터 부족,데이터 부족,데이터 부족
1964,여,일반,1000,데이터 부족,데이터 부족,데이터 부족,데이터 부족,데이터 부족,데이터 부족,데이터 부족,데이터 부족,데이터 부족
1964,여,일반,1500,데이터 부족,데이터 부족,데이터 부족,데이터 부족,데이터 부족,데이터 부족,데이터 부족,데이터 부족,데이터 부족
1964,여,일반,3000,데이터 부족,데이터 부족,데이터 부족,데이터 부족,데이터 부족,데이터 부족,데이터 부족,데이터 부족,데이터 부족
1965,남,일반,500,데이터 부족,데이터 부족,데이터 부족,데이터 부족,데이터 부족,데이터 부족,데이터 부족,데이터 부족,데이터 부족
1965,남,일반,1000,데이터 부족,데이터 부족,데이터 부족,데이터 부족,데이터 부족,데이터 부족,데이터 부족,데이터 부족,데이터 부족
1965,남,일반,1500,데이터 부족,데이터 부족,데이터 부족,데이터 부족,데이터 부족,데이터 부족,데이터 부족,데이터 부족,데이터 부족
1965,여,일반,1000,데이터 부족,데이터 부족,데이터 부족,데이터 부족,데이터 부족,데이터 부족,데이터 부족,데이터 부족,데이터 부족
1965,여,일반,1500,데이터 부족,데이터 부족,데이터 부족,데이터 부족,데이터 부족,데이터 부족,데이터 부족,데이터 부족,데이터 부족
1965,여,일반,3000,데이터 부족,데이터 부족,데이터 부족,데이터 부족,데이터 부족,데이터 부족,데이터 부족,데이터 부족,데이터 부족
1966,남,일반,500,데이터 부족,데이터 부족,데이터 부족,데이터 부족,데이터 부족,데이터 부족,데이터 부족,데이터 부족,데이터 부족
1966,남,일반,1000,데이터 부족,데이터 부족,데이터 부족,데이터 부족,데이터 부족,데이터 부족,데이터 부족,데이터 부족,데이터 부족
1966,여,일반,500,데이터 부족,데이터 부족,데이터 부족,데이터 부족,데이터 부족,데이터 부족,데이터 부족,데이터 부족,데이터 부족
1966,여,일반,1000,데이터 부족,데이터 부족,데이터 부족,데이터 부족,데이터 부족,데이터 부족,데이터 부족,데이터 부족,데이터 부족
1966,여,일반,1500,데이터 부족,데이터 부족,데이터 부족,데이터 부족,데이터 부족,데이터 부족,데이터 부족,데이터 부족,데이터 부족
1967,남,일반,1000,데이터 부족,데이터 부족,데이터 부족,데이터 부족,데이터 부족,데이터 부족,데이터 부족,데이터 부족,데이터 부족
1967,남,일반,1500,데이터 부족,데이터 부족,데이터 부족,데이터 부족,데이터 부족,데이터 부족,데이터 부족,데이터 부족,데이터 부족
1967,남,일반,3000,데이터 부족,데이터 부족,데이터 부족,데이터 부족,데이터 부족,데이터 부족,데이터 부족,데이터 부족,데이터 부족
1967,여,일반,500,데이터 부족,데이터 부족,데이터 부족,데이터 부족,데이터 부족,데이터 부족,데이터 부족,데이터 부족,데이터 부족
1967,여,일반,1000,데이터 부족,데이터 부족,데이터 부족,데이터 부족,데이터 부족,데이터 부족,데이터 부족,데이터 부족,데이터 부족
1967,여,일반,1500,데이터 부족,데이터 부족,데이터 부족,데이터 부족,데이터 부족,데이터 부족,데이터 부족,데이터 부족,데이터 부족
1967,여,일반,3000,데이터 부족,데이터 부족,데이터 부족,데이터 부족,데이터 부족,데이터 부족,데이터 부족,데이터 부족,데이터 부족
1968,남,일반,500,데이터 부족,데이터 부족,데이터 부족,데이터 부족,데이터 부족,데이터 부족,데이터 부족,데이터 부족,데이터 부족
1968,남,일반,1000,데이터 부족,데이터 부족,데이터 부족,데이터 부족,데이터 부족,데이터 부족,데이터 부족,데이터 부족,데이터 부족
1968,남,일반,1500,데이터 부족,데이터 부족,데이터 부족,데이터 부족,데이터 부족,데이터 부족,데이터 부족,데이터 부족,데이터 부족
1968,남,일반,3000,데이터 부족,데이터 부족,데이터 부족,데이터 부족,데이터 부족,데이터 부족,데이터 부족,데이터 부족,데이터 부족
1968,여,일반,500,데이터 부족,데이터 부족,데이터 부족,데이터 부족,데이터 부족,데이터 부족,데이터 부족,데이터 부족,데이터 부족
1968,여,일반,1000,데이터 부족,데이터 부족,데이터 부족,데이터 부족,데이터 부족,데이터 부족,데이터 부족,데이터 부족,데이터 부족
1968,여,일반,1500,데이터 부족,데이터 부족,데이터 부족,데이터 부족,데이터 부족,데이터 부족,데이터 부족,데이터 부족,데이터 부족
1968,여,일반,3000,데이터 부족,데이터 부족,데이터 부족,데이터 부족,데이터 부족,데이터 부족,데이터 부족,데이터 부족,데이터 부족
1969,남,일반,500,데이터 부족,데이터 부족,데이터 부족,데이터 부족,데이터 부족,데이터 부족,데이터 부족,데이터 부족,데이터 부족
1969,남,일반,1000,데이터 부족,데이터 부족,데이터 부족,데이터 부족,데이터 부족,데이터 부족,데이터 부족,데이터 부족,데이터 부족
1969,남,일반,1500,데이터 부족,데이터 부족,데이터 부족,데이터 부족,데이터 부족,데이터 부족,데이터 부족,데이터 부족,데이터 부족
1969,남,일반,3000,데이터 부족,데이터 부족,데이터 부족,데이터 부족,데이터 부족,데이터 부족,데이터 부족,데이터 부족,데이터 부족
1970,남,일반,500,데이터 부족,데이터 부족,데이터 부족,데이터 부족,데이터 부족,데이터 부족,데이터 부족,데이터 부족,데이터 부족
1970,남,일반,1000,데이터 부족,데이터 부족,데이터 부족,데이터 부족,데이터 부족,데이터 부족,데이터 부족,데이터 부족,데이터 부족
1970,남,일반,1500,데이터 부족,데이터 부족,데이터 부족,데이터 부족,데이터 부족,데이터 부족,데이터 부족,데이터 부족,데이터 부족
1970,여,일반,1500,데이터 부족,데이터 부족,데이터 부족,데이터 부족,데이터 부족,데이터 부족,데이터 부족,데이터 부족,데이터 부족
1970,여,일반,3000,데이터 부족,데이터 부족,데이터 부족,데이터 부족,데이터 부족,데이터 부족,데이터 부족,데이터 부족,데이터 부족
1971,남,일반,500,데이터 부족,데이터 부족,데이터 부족,데이터 부족,데이터 부족,데이터 부족,데이터 부족,데이터 부족,데이터 부족
1971,남,일반,1000,데이터 부족,데이터 부족,데이터 부족,데이터 부족,데이터 부족,데이터 부족,데이터 부족,데이터 부족,데이터 부족
1971,남,일반,1500,데이터 부족,데이터 부족,데이터 부족,데이터 부족,데이터 부족,데이터 부족,데이터 부족,데이터 부족,데이터 부족
1971,남,일반,3000,데이터 부족,데이터 부족,데이터 부족,데이터 부족,데이터 부족,데이터 부족,데이터 부족,데이터 부족,데이터 부족
1972,남,일반,500,데이터 부족,데이터 부족,데이터 부족,데이터 부족,데이터 부족,데이터 부족,데이터 부족,데이터 부족,데이터 부족
1972,남,일반,1000,데이터 부족,데이터 부족,데이터 부족,데이터 부족,데이터 부족,데이터 부족,데이터 부족,데이터 부족,데이터 부족
1972,남,일반,1500,데이터 부족,데이터 부족,데이터 부족,데이터 부족,데이터 부족,데이터 부족,데이터 부족,데이터 부족,데이터 부족
1973,여,일반,500,데이터 부족,데이터 부족,데이터 부족,데이터 부족,데이터 부족,데이터 부족,데이터 부족,데이터 부족,데이터 부족
1973,여,일반,1000,데이터 부족,데이터 부족,데이터 부족,데이터 부족,데이터 부족,데이터 부족,데이터 부족,데이터 부족,데이터 부족
1973,여,일반,1500,데이터 부족,데이터 부족,데이터 부족,데이터 부족,데이터 부족,데이터 부족,데이터 부족,데이터 부족,데이터 부족
1974,남,일반,500,데이터 부족,데이터 부족,데이터 부족,데이터 부족,데이터 부족,데이터 부족,데이터 부족,데이터 부족,데이터 부족
1974,여,일반,1500,데이터 부족,데이터 부족,데이터 부족,데이터 부족,데이터 부족,데이터 부족,데이터 부족,데이터 부족,데이터 부족
1974,여,일반,3000,데이터 부족,데이터 부족,데이터 부족,데이터 부족,데이터 부족,데이터 부족,데이터 부족,데이터 부족,데이터 부족
1975,남,일반,500,데이터 부족,데이터 부족,데이터 부족,데이터 부족,데이터 부족,데이터 부족,데이터 부족,데이터 부족,데이터 부족
1975,남,일반,1000,데이터 부족,데이터 부족,데이터 부족,데이터 부족,데이터 부족,데이터 부족,데이터 부족,데이터 부족,데이터 부족
1975,남,일반,1500,데이터 부족,데이터 부족,데이터 부족,데이터 부족,데이터 부족,데이터 부족,데이터 부족,데이터 부족,데이터 부족
1976,남,일반,500,데이터 부족,데이터 부족,데이터 부족,데이터 부족,데이터 부족,데이터 부족,데이터 부족,데이터 부족,데이터 부족
1976,남,일반,1000,데이터 부족,데이터 부족,데이터 부족,데이터 부족,데이터 부족,데이터 부족,데이터 부족,데이터 부족,데이터 부족
1977,남,일반,500,데이터 부족,데이터 부족,데이터 부족,데이터 부족,데이터 부족,데이터 부족,데이터 부족,데이터 부족,데이터 부족
1977,남,일반,1000,데이터 부족,데이터 부족,데이터 부족,데이터 부족,데이터 부족,데이터 부족,데이터 부족,데이터 부족,데이터 부족
1977,여,일반,1500,데이터 부족,데이터 부족,데이터 부족,데이터 부족,데이터 부족,데이터 부족,데이터 부족,데이터 부족,데이터 부족
1978,여,일반,1000,데이터 부족,데이터 부족,데이터 부족,데이터 부족,데이터 부족,데이터 부족,데이터 부족,데이터 부족,데이터 부족
1978,여,일반,1500,데이터 부족,데이터 부족,데이터 부족,데이터 부족,데이터 부족,데이터 부족,데이터 부족,데이터 부족,데이터 부족
1979,여,일반,1000,데이터 부족,데이터 부족,데이터 부족,데이터 부족,데이터 부족,데이터 부족,데이터 부족,데이터 부족,데이터 부족
1979,여,일반,1500,데이터 부족,데이터 부족,데이터 부족,데이터 부족,데이터 부족,데이터 부족,데이터 부족,데이터 부족,데이터 부족
1979,여,일반,3000,데이터 부족,데이터 부족,데이터 부족,데이터 부족,데이터 부족,데이터 부족,데이터 부족,데이터 부족,데이터 부족
1980,남,일반,500,데이터 부족,데이터 부족,데이터 부족,데이터 부족,데이터 부족,데이터 부족,데이터 부족,데이터 부족,데이터 부족
1980,남,일반,1000,데이터 부족,데이터 부족,데이터 부족,데이터 부족,데이터 부족,데이터 부족,데이터 부족,데이터 부족,데이터 부족
1980,남,일반,1500,데이터 부족,데이터 부족,데이터 부족,데이터 부족,데이터 부족,데이터 부족,데이터 부족,데이터 부족,데이터 부족
1980,남,일반,3000,데이터 부족,데이터 부족,데이터 부족,데이터 부족,데이터 부족,데이터 부족,데이터 부족,데이터 부족,데이터 부족
1980,여,일반,500,데이터 부족,데이터 부족,데이터 부족,데이터 부족,데이터 부족,데이터 부족,데이터 부족,데이터 부족,데이터 부족
1980,여,일반,1000,데이터 부족,데이터 부족,데이터 부족,데이터 부족,데이터 부족,데이터 부족,데이터 부족,데이터 부족,데이터 부족
1980,여,일반,3000,데이터 부족,데이터 부족,데이터 부족,데이터 부족,데이터 부족,데이터 부족,데이터 부족,데이터 부족,데이터 부족
1981,남,일반,1500,데이터 부족,데이터 부족,데이터 부족,데이터 부족,데이터 부족,데이터 부족,데이터 부족,데이터 부족,데이터 부족
1981,남,일반,3000,데이터 부족,데이터 부족,데이터 부족,데이터 부족,데이터 부족,데이터 부족,데이터 부족,데이터 부족,데이터 부족
1981,여,일반,500,데이터 부족,데이터 부족,데이터 부족,데이터 부족,데이터 부족,데이터 부족,데이터 부족,데이터 부족,데이터 부족
1981,여,일반,1000,데이터 부족,데이터 부족,데이터 부족,데이터 부족,데이터 부족,데이터 부족,데이터 부족,데이터 부족,데이터 부족
1981,여,일반,1500,데이터 부족,데이터 부족,데이터 부족,데이터 부족,데이터 부족,데이터 부족,데이터 부족,데이터 부족,데이터 부족
1981,여,일반,3000,데이터 부족,데이터 부족,데이터 부족,데이터 부족,데이터 부족,데이터 부족,데이터 부족,데이터 부족,데이터 부족
1982,남,일반,500,데이터 부족,데이터 부족,데이터 부족,데이터 부족,데이터 부족,데이터 부족,데이터 부족,데이터 부족,데이터 부족
1982,남,일반,1000,데이터 부족,데이터 부족,데이터 부족,데이터 부족,데이터 부족,데이터 부족,데이터 부족,데이터 부족,데이터 부족
1982,남,일반,1500,데이터 부족,데이터 부족,데이터 부족,데이터 부족,데이터 부족,데이터 부족,데이터 부족,데이터 부족,데이터 부족
1982,남,일반,3000,데이터 부족,데이터 부족,데이터 부족,데이터 부족,데이터 부족,데이터 부족,데이터 부족,데이터 부족,데이터 부족
1982,여,일반,500,데이터 부족,데이터 부족,데이터 부족,데이터 부족,데이터 부족,데이터 부족,데이터 부족,데이터 부족,데이터 부족
1982,여,일반,1000,데이터 부족,데이터 부족,데이터 부족,데이터 부족,데이터 부족,데이터 부족,데이터 부족,데이터 부족,데이터 부족
1982,여,일반,1500,데이터 부족,데이터 부족,데이터 부족,데이터 부족,데이터 부족,데이터 부족,데이터 부족,데이터 부족,데이터 부족
1982,여,일반,3000,데이터 부족,데이터 부족,데이터 부족,데이터 부족,데이터 부족,데이터 부족,데이터 부족,데이터 부족,데이터 부족
1983,남,일반,500,데이터 부족,데이터 부족,데이터 부족,데이터 부족,데이터 부족,데이터 부족,데이터 부족,데이터 부족,데이터 부족
1983,남,일반,1000,데이터 부족,데이터 부족,데이터 부족,데이터 부족,데이터 부족,데이터 부족,데이터 부족,데이터 부족,데이터 부족
1983,남,일반,1500,데이터 부족,데이터 부족,데이터 부족,데이터 부족,데이터 부족,데이터 부족,데이터 부족,데이터 부족,데이터 부족
1983,남,일반,3000,데이터 부족,데이터 부족,데이터 부족,데이터 부족,데이터 부족,데이터 부족,데이터 부족,데이터 부족,데이터 부족
1983,여,오픈,500,데이터 부족,데이터 부족,데이터 부족,데이터 부족,데이터 부족,데이터 부족,데이터 부족,데이터 부족,데이터 부족
1983,여,오픈,1000,데이터 부족,데이터 부족,데이터 부족,데이터 부족,데이터 부족,데이터 부족,데이터 부족,데이터 부족,데이터 부족
1983,여,오픈,1500,데이터 부족,데이터 부족,데이터 부족,데이터 부족,데이터 부족,데이터 부족,데이터 부족,데이터 부족,데이터 부족
1983,여,일반,500,데이터 부족,데이터 부족,데이터 부족,데이터 부족,데이터 부족,데이터 부족,데이터 부족,데이터 부족,데이터 부족
1983,여,일반,1000,데이터 부족,데이터 부족,데이터 부족,데이터 부족,데이터 부족,데이터 부족,데이터 부족,데이터 부족,데이터 부족
1983,여,일반,1500,데이터 부족,데이터 부족,데이터 부족,데이터 부족,데이터 부족,데이터 부족,데이터 부족,데이터 부족,데이터 부족
1983,여,일반,3000,데이터 부족,데이터 부족,데이터 부족,데이터 부족,데이터 부족,데이터 부족,데이터 부족,데이터 부족,데이터 부족
1984,남,대학,500,데이터 부족,데이터 부족,데이터 부족,데이터 부족,데이터 부족,데이터 부족,데이터 부족,데이터 부족,데이터 부족
1984,남,대학,1000,데이터 부족,데이터 부족,데이터 부족,데이터 부족,데이터 부족,데이터 부족,데이터 부족,데이터 부족,데이터 부족
1984,남,대학,1500,데이터 부족,데이터 부족,데이터 부족,데이터 부족,데이터 부족,데이터 부족,데이터 부족,데이터 부족,데이터 부족
1984,남,대학,3000,데이터 부족,데이터 부족,데이터 부족,데이터 부족,데이터 부족,데이터 부족,데이터 부족,데이터 부족,데이터 부족
1984,남,일반,500,데이터 부족,데이터 부족,데이터 부족,데이터 부족,데이터 부족,데이터 부족,데이터 부족,데이터 부족,데이터 부족
1984,남,일반,1000,데이터 부족,데이터 부족,데이터 부족,데이터 부족,데이터 부족,데이터 부족,데이터 부족,데이터 부족,데이터 부족
1984,남,일반,1500,데이터 부족,데이터 부족,데이터 부족,데이터 부족,데이터 부족,데이터 부족,데이터 부족,데이터 부족,데이터 부족
1984,남,일반,3000,데이터 부족,데이터 부족,데이터 부족,데이터 부족,데이터 부족,데이터 부족,데이터 부족,데이터 부족,데이터 부족
1984,여,대학,1000,데이터 부족,데이터 부족,데이터 부족,데이터 부족,데이터 부족,데이터 부족,데이터 부족,데이터 부족,데이터 부족
1984,여,대학,1500,데이터 부족,데이터 부족,데이터 부족,데이터 부족,데이터 부족,데이터 부족,데이터 부족,데이터 부족,데이터 부족
1984,여,일반,500,데이터 부족,데이터 부족,데이터 부족,데이터 부족,데이터 부족,데이터 부족,데이터 부족,데이터 부족,데이터 부족
1984,여,일반,1000,데이터 부족,데이터 부족,데이터 부족,데이터 부족,데이터 부족,데이터 부족,데이터 부족,데이터 부족,데이터 부족
1984,여,일반,1500,데이터 부족,데이터 부족,데이터 부족,데이터 부족,데이터 부족,데이터 부족,데이터 부족,데이터 부족,데이터 부족
1984,여,일반,3000,데이터 부족,데이터 부족,데이터 부족,데이터 부족,데이터 부족,데이터 부족,데이터 부족,데이터 부족,데이터 부족
1985,남,대학,500,데이터 부족,데이터 부족,데이터 부족,데이터 부족,데이터 부족,데이터 부족,데이터 부족,데이터 부족,데이터 부족
1985,남,대학,1000,데이터 부족,데이터 부족,데이터 부족,데이터 부족,데이터 부족,데이터 부족,데이터 부족,데이터 부족,데이터 부족
1985,남,대학,1500,데이터 부족,데이터 부족,데이터 부족,데이터 부족,데이터 부족,데이터 부족,데이터 부족,데이터 부족,데이터 부족
1985,남,대학,3000,데이터 부족,데이터 부족,데이터 부족,데이터 부족,데이터 부족,데이터 부족,데이터 부족,데이터 부족,데이터 부족
1985,남,일반,500,데이터 부족,데이터 부족,데이터 부족,데이터 부족,데이터 부족,데이터 부족,데이터 부족,데이터 부족,데이터 부족
1985,남,일반,1000,데이터 부족,데이터 부족,데이터 부족,데이터 부족,데이터 부족,데이터 부족,데이터 부족,데이터 부족,데이터 부족
1985,남,일반,1500,데이터 부족,데이터 부족,데이터 부족,데이터 부족,데이터 부족,데이터 부족,데이터 부족,데이터 부족,데이터 부족
1985,남,일반,3000,데이터 부족,데이터 부족,데이터 부족,데이터 부족,데이터 부족,데이터 부족,데이터 부족,데이터 부족,데이터 부족
1985,여,대학,500,데이터 부족,데이터 부족,데이터 부족,데이터 부족,데이터 부족,데이터 부족,데이터 부족,데이터 부족,데이터 부족
1985,여,대학,1000,데이터 부족,데이터 부족,데이터 부족,데이터 부족,데이터 부족,데이터 부족,데이터 부족,데이터 부족,데이터 부족
1985,여,대학,1500,데이터 부족,데이터 부족,데이터 부족,데이터 부족,데이터 부족,데이터 부족,데이터 부족,데이터 부족,데이터 부족
1985,여,대학,3000,데이터 부족,데이터 부족,데이터 부족,데이터 부족,데이터 부족,데이터 부족,데이터 부족,데이터 부족,데이터 부족
1985,여,오픈,500,데이터 부족,데이터 부족,데이터 부족,데이터 부족,데이터 부족,데이터 부족,데이터 부족,데이터 부족,데이터 부족
1985,여,오픈,1000,데이터 부족,데이터 부족,데이터 부족,데이터 부족,데이터 부족,데이터 부족,데이터 부족,데이터 부족,데이터 부족
1985,여,오픈,1500,데이터 부족,데이터 부족,데이터 부족,데이터 부족,데이터 부족,데이터 부족,데이터 부족,데이터 부족,데이터 부족
1985,여,오픈,3000,데이터 부족,데이터 부족,데이터 부족,데이터 부족,데이터 부족,데이터 부족,데이터 부족,데이터 부족,데이터 부족
1985,여,일반,500,데이터 부족,데이터 부족,데이터 부족,데이터 부족,데이터 부족,데이터 부족,데이터 부족,데이터 부족,데이터 부족
1985,여,일반,1000,데이터 부족,데이터 부족,데이터 부족,데이터 부족,데이터 부족,데이터 부족,데이터 부족,데이터 부족,데이터 부족
1985,여,일반,1500,데이터 부족,데이터 부족,데이터 부족,데이터 부족,데이터 부족,데이터 부족,데이터 부족,데이터 부족,데이터 부족
1985,여,일반,3000,데이터 부족,데이터 부족,데이터 부족,데이터 부족,데이터 부족,데이터 부족,데이터 부족,데이터 부족,데이터 부족
1986,남,대학,500,데이터 부족,데이터 부족,데이터 부족,데이터 부족,데이터 부족,데이터 부족,데이터 부족,데이터 부족,데이터 부족
1986,남,대학,1000,데이터 부족,데이터 부족,데이터 부족,데이터 부족,데이터 부족,데이터 부족,데이터 부족,데이터 부족,데이터 부족
1986,남,대학,1500,데이터 부족,데이터 부족,데이터 부족,데이터 부족,데이터 부족,데이터 부족,데이터 부족,데이터 부족,데이터 부족
1986,남,대학,3000,데이터 부족,데이터 부족,데이터 부족,데이터 부족,데이터 부족,데이터 부족,데이터 부족,데이터 부족,데이터 부족
1986,남,오픈,500,데이터 부족,데이터 부족,데이터 부족,데이터 부족,데이터 부족,데이터 부족,데이터 부족,데이터 부족,데이터 부족
1986,남,오픈,1000,데이터 부족,데이터 부족,데이터 부족,데이터 부족,데이터 부족,데이터 부족,데이터 부족,데이터 부족,데이터 부족
1986,남,일반,500,데이터 부족,데이터 부족,데이터 부족,데이터 부족,데이터 부족,데이터 부족,데이터 부족,데이터 부족,데이터 부족
1986,남,일반,1000,데이터 부족,데이터 부족,데이터 부족,데이터 부족,데이터 부족,데이터 부족,데이터 부족,데이터 부족,데이터 부족
1986,남,일반,1500,데이터 부족,데이터 부족,데이터 부족,데이터 부족,데이터 부족,데이터 부족,데이터 부족,데이터 부족,데이터 부족
1986,남,일반,3000,데이터 부족,데이터 부족,데이터 부족,데이터 부족,데이터 부족,데이터 부족,데이터 부족,데이터 부족,데이터 부족
1986,여,대학,500,데이터 부족,데이터 부족,데이터 부족,데이터 부족,데이터 부족,데이터 부족,데이터 부족,데이터 부족,데이터 부족
1986,여,대학,1000,데이터 부족,데이터 부족,데이터 부족,데이터 부족,데이터 부족,데이터 부족,데이터 부족,데이터 부족,데이터 부족
1986,여,대학,1500,데이터 부족,데이터 부족,데이터 부족,데이터 부족,데이터 부족,데이터 부족,데이터 부족,데이터 부족,데이터 부족
1986,여,대학,3000,데이터 부족,데이터 부족,데이터 부족,데이터 부족,데이터 부족,데이터 부족,데이터 부족,데이터 부족,데이터 부족
1986,여,일반,500,데이터 부족,데이터 부족,데이터 부족,데이터 부족,데이터 부족,데이터 부족,데이터 부족,데이터 부족,데이터 부족
1986,여,일반,1000,데이터 부족,데이터 부족,데이터 부족,데이터 부족,데이터 부족,데이터 부족,데이터 부족,데이터 부족,데이터 부족
1986,여,일반,1500,데이터 부족,데이터 부족,데이터 부족,데이터 부족,데이터 부족,데이터 부족,데이터 부족,데이터 부족,데이터 부족
1986,여,일반,3000,데이터 부족,데이터 부족,데이터 부족,데이터 부족,데이터 부족,데이터 부족,데이터 부족,데이터 부족,데이터 부족
1987,남,대학,500,데이터 부족,데이터 부족,데이터 부족,데이터 부족,데이터 부족,데이터 부족,데이터 부족,데이터 부족,데이터 부족
1987,남,대학,1000,데이터 부족,데이터 부족,데이터 부족,데이터 부족,데이터 부족,데이터 부족,데이터 부족,데이터 부족,데이터 부족
1987,남,대학,1500,데이터 부족,데이터 부족,데이터 부족,데이터 부족,데이터 부족,데이터 부족,데이터 부족,데이터 부족,데이터 부족
1987,남,대학,3000,데이터 부족,데이터 부족,데이터 부족,데이터 부족,데이터 부족,데이터 부족,데이터 부족,데이터 부족,데이터 부족
1987,남,오픈,500,데이터 부족,데이터 부족,데이터 부족,데이터 부족,데이터 부족,데이터 부족,데이터 부족,데이터 부족,데이터 부족
1987,남,오픈,1000,데이터 부족,데이터 부족,데이터 부족,데이터 부족,데이터 부족,데이터 부족,데이터 부족,데이터 부족,데이터 부족
1987,남,오픈,1500,데이터 부족,데이터 부족,데이터 부족,데이터 부족,데이터 부족,데이터 부족,데이터 부족,데이터 부족,데이터 부족
1987,남,일반,500,데이터 부족,데이터 부족,데이터 부족,데이터 부족,데이터 부족,데이터 부족,데이터 부족,데이터 부족,데이터 부족
1987,남,일반,1000,데이터 부족,데이터 부족,데이터 부족,데이터 부족,데이터 부족,데이터 부족,데이터 부족,데이터 부족,데이터 부족
1987,남,일반,1500,데이터 부족,데이터 부족,데이터 부족,데이터 부족,데이터 부족,데이터 부족,데이터 부족,데이터 부족,데이터 부족
1987,남,일반,3000,데이터 부족,데이터 부족,데이터 부족,데이터 부족,데이터 부족,데이터 부족,데이터 부족,데이터 부족,데이터 부족
1987,여,대학,500,데이터 부족,데이터 부족,데이터 부족,데이터 부족,데이터 부족,데이터 부족,데이터 부족,데이터 부족,데이터 부족
1987,여,대학,1000,데이터 부족,데이터 부족,데이터 부족,데이터 부족,데이터 부족,데이터 부족,데이터 부족,데이터 부족,데이터 부족
1987,여,대학,1500,데이터 부족,데이터 부족,데이터 부족,데이터 부족,데이터 부족,데이터 부족,데이터 부족,데이터 부족,데이터 부족
1987,여,대학,3000,데이터 부족,데이터 부족,데이터 부족,데이터 부족,데이터 부족,데이터 부족,데이터 부족,데이터 부족,데이터 부족
1987,여,일반,1000,데이터 부족,데이터 부족,데이터 부족,데이터 부족,데이터 부족,데이터 부족,데이터 부족,데이터 부족,데이터 부족
1987,여,일반,1500,데이터 부족,데이터 부족,데이터 부족,데이터 부족,데이터 부족,데이터 부족,데이터 부족,데이터 부족,데이터 부족
1987,여,일반,3000,데이터 부족,데이터 부족,데이터 부족,데이터 부족,데이터 부족,데이터 부족,데이터 부족,데이터 부족,데이터 부족
1988,남,고등,500,데이터 부족,데이터 부족,데이터 부족,데이터 부족,데이터 부족,데이터 부족,데이터 부족,데이터 부족,데이터 부족
1988,남,고등,1000,데이터 부족,데이터 부족,데이터 부족,데이터 부족,데이터 부족,데이터 부족,데이터 부족,데이터 부족,데이터 부족
1988,남,고등,1500,데이터 부족,데이터 부족,데이터 부족,데이터 부족,데이터 부족,데이터 부족,데이터 부족,데이터 부족,데이터 부족
1988,남,고등,3000,데이터 부족,데이터 부족,데이터 부족,데이터 부족,데이터 부족,데이터 부족,데이터 부족,데이터 부족,데이터 부족
1988,남,대학,500,데이터 부족,데이터 부족,데이터 부족,데이터 부족,데이터 부족,데이터 부족,데이터 부족,데이터 부족,데이터 부족
1988,남,대학,1000,데이터 부족,데이터 부족,데이터 부족,데이터 부족,데이터 부족,데이터 부족,데이터 부족,데이터 부족,데이터 부족
1988,남,대학,1500,데이터 부족,데이터 부족,데이터 부족,데이터 부족,데이터 부족,데이터 부족,데이터 부족,데이터 부족,데이터 부족
1988,남,대학,3000,데이터 부족,데이터 부족,데이터 부족,데이터 부족,데이터 부족,데이터 부족,데이터 부족,데이터 부족,데이터 부족
1988,남,오픈,500,데이터 부족,데이터 부족,데이터 부족,데이터 부족,데이터 부족,데이터 부족,데이터 부족,데이터 부족,데이터 부족
1988,남,오픈,1000,데이터 부족,데이터 부족,데이터 부족,데이터 부족,데이터 부족,데이터 부족,데이터 부족,데이터 부족,데이터 부족
1988,남,오픈,1500,데이터 부족,데이터 부족,데이터 부족,데이터 부족,데이터 부족,데이터 부족,데이터 부족,데이터 부족,데이터 부족
1988,남,오픈,3000,데이터 부족,데이터 부족,데이터 부족,데이터 부족,데이터 부족,데이터 부족,데이터 부족,데이터 부족,데이터 부족
1988,남,일반,500,데이터 부족,데이터 부족,데이터 부족,데이터 부족,데이터 부족,데이터 부족,데이터 부족,데이터 부족,데이터 부족
1988,남,일반,1000,데이터 부족,데이터 부족,데이터 부족,데이터 부족,데이터 부족,데이터 부족,데이터 부족,데이터 부족,데이터 부족
1988,남,일반,1500,데이터 부족,데이터 부족,데이터 부족,데이터 부족,데이터 부족,데이터 부족,데이터 부족,데이터 부족,데이터 부족
1988,남,일반,3000,데이터 부족,데이터 부족,데이터 부족,데이터 부족,데이터 부족,데이터 부족,데이터 부족,데이터 부족,데이터 부족
1988,여,고등,500,데이터 부족,데이터 부족,데이터 부족,데이터 부족,데이터 부족,데이터 부족,데이터 부족,데이터 부족,데이터 부족
1988,여,고등,1000,데이터 부족,데이터 부족,데이터 부족,데이터 부족,데이터 부족,데이터 부족,데이터 부족,데이터 부족,데이터 부족
1988,여,고등,1500,데이터 부족,데이터 부족,데이터 부족,데이터 부족,데이터 부족,데이터 부족,데이터 부족,데이터 부족,데이터 부족
1988,여,고등,3000,데이터 부족,데이터 부족,데이터 부족,데이터 부족,데이터 부족,데이터 부족,데이터 부족,데이터 부족,데이터 부족
1988,여,대학,500,데이터 부족,데이터 부족,데이터 부족,데이터 부족,데이터 부족,데이터 부족,데이터 부족,데이터 부족,데이터 부족
1988,여,대학,1000,데이터 부족,데이터 부족,데이터 부족,데이터 부족,데이터 부족,데이터 부족,데이터 부족,데이터 부족,데이터 부족
1988,여,대학,1500,데이터 부족,데이터 부족,데이터 부족,데이터 부족,데이터 부족,데이터 부족,데이터 부족,데이터 부족,데이터 부족
1988,여,대학,3000,데이터 부족,데이터 부족,데이터 부족,데이터 부족,데이터 부족,데이터 부족,데이터 부족,데이터 부족,데이터 부족
1988,여,오픈,500,데이터 부족,데이터 부족,데이터 부족,데이터 부족,데이터 부족,데이터 부족,데이터 부족,데이터 부족,데이터 부족
1988,여,오픈,1500,데이터 부족,데이터 부족,데이터 부족,데이터 부족,데이터 부족,데이터 부족,데이터 부족,데이터 부족,데이터 부족
1988,여,일반,500,데이터 부족,데이터 부족,데이터 부족,데이터 부족,데이터 부족,데이터 부족,데이터 부족,데이터 부족,데이터 부족
1988,여,일반,1000,데이터 부족,데이터 부족,데이터 부족,데이터 부족,데이터 부족,데이터 부족,데이터 부족,데이터 부족,데이터 부족
1988,여,일반,1500,데이터 부족,데이터 부족,데이터 부족,데이터 부족,데이터 부족,데이터 부족,데이터 부족,데이터 부족,데이터 부족
1988,여,일반,3000,데이터 부족,데이터 부족,데이터 부족,데이터 부족,데이터 부족,데이터 부족,데이터 부족,데이터 부족,데이터 부족
1989,남,고등,500,데이터 부족,데이터 부족,데이터 부족,데이터 부족,데이터 부족,데이터 부족,데이터 부족,데이터 부족,데이터 부족
1989,남,고등,1000,데이터 부족,데이터 부족,데이터 부족,데이터 부족,데이터 부족,데이터 부족,데이터 부족,데이터 부족,데이터 부족
1989,남,고등,1500,데이터 부족,데이터 부족,데이터 부족,데이터 부족,데이터 부족,데이터 부족,데이터 부족,데이터 부족,데이터 부족
1989,남,고등,3000,데이터 부족,데이터 부족,데이터 부족,데이터 부족,데이터 부족,데이터 부족,데이터 부족,데이터 부족,데이터 부족
1989,남,대학,500,데이터 부족,데이터 부족,데이터 부족,데이터 부족,데이터 부족,데이터 부족,데이터 부족,데이터 부족,데이터 부족
1989,남,대학,1000,데이터 부족,데이터 부족,데이터 부족,데이터 부족,데이터 부족,데이터 부족,데이터 부족,데이터 부족,데이터 부족
1989,남,대학,1500,데이터 부족,데이터 부족,데이터 부족,데이터 부족,데이터 부족,데이터 부족,데이터 부족,데이터 부족,데이터 부족
1989,남,대학,3000,데이터 부족,데이터 부족,데이터 부족,데이터 부족,데이터 부족,데이터 부족,데이터 부족,데이터 부족,데이터 부족
1989,남,오픈,500,데이터 부족,데이터 부족,데이터 부족,데이터 부족,데이터 부족,데이터 부족,데이터 부족,데이터 부족,데이터 부족
1989,남,오픈,1000,데이터 부족,데이터 부족,데이터 부족,데이터 부족,데이터 부족,데이터 부족,데이터 부족,데이터 부족,데이터 부족
1989,남,오픈,1500,데이터 부족,데이터 부족,데이터 부족,데이터 부족,데이터 부족,데이터 부족,데이터 부족,데이터 부족,데이터 부족
1989,남,오픈,3000,데이터 부족,데이터 부족,데이터 부족,데이터 부족,데이터 부족,데이터 부족,데이터 부족,데이터 부족,데이터 부족
1989,남,일반,500,데이터 부족,데이터 부족,데이터 부족,데이터 부족,데이터 부족,데이터 부족,데이터 부족,데이터 부족,데이터 부족
1989,남,일반,1000,데이터 부족,데이터 부족,데이터 부족,데이터 부족,데이터 부족,데이터 부족,데이터 부족,데이터 부족,데이터 부족
1989,남,일반,1500,데이터 부족,데이터 부족,데이터 부족,데이터 부족,데이터 부족,데이터 부족,데이터 부족,데이터 부족,데이터 부족
1989,남,일반,3000,데이터 부족,데이터 부족,데이터 부족,데이터 부족,데이터 부족,데이터 부족,데이터 부족,데이터 부족,데이터 부족
1989,여,고등,500,데이터 부족,데이터 부족,데이터 부족,데이터 부족,데이터 부족,데이터 부족,데이터 부족,데이터 부족,데이터 부족
1989,여,고등,1000,데이터 부족,데이터 부족,데이터 부족,데이터 부족,데이터 부족,데이터 부족,데이터 부족,데이터 부족,데이터 부족
1989,여,고등,1500,데이터 부족,데이터 부족,데이터 부족,데이터 부족,데이터 부족,데이터 부족,데이터 부족,데이터 부족,데이터 부족
1989,여,고등,3000,데이터 부족,데이터 부족,데이터 부족,데이터 부족,데이터 부족,데이터 부족,데이터 부족,데이터 부족,데이터 부족
1989,여,대학,500,데이터 부족,데이터 부족,데이터 부족,데이터 부족,데이터 부족,데이터 부족,데이터 부족,데이터 부족,데이터 부족
1989,여,대학,1000,데이터 부족,데이터 부족,데이터 부족,데이터 부족,데이터 부족,데이터 부족,데이터 부족,데이터 부족,데이터 부족
1989,여,대학,1500,데이터 부족,데이터 부족,데이터 부족,데이터 부족,데이터 부족,데이터 부족,데이터 부족,데이터 부족,데이터 부족
1989,여,대학,3000,데이터 부족,데이터 부족,데이터 부족,데이터 부족,데이터 부족,데이터 부족,데이터 부족,데이터 부족,데이터 부족
1989,여,오픈,500,데이터 부족,데이터 부족,데이터 부족,데이터 부족,데이터 부족,데이터 부족,데이터 부족,데이터 부족,데이터 부족
1989,여,오픈,1000,데이터 부족,데이터 부족,데이터 부족,데이터 부족,데이터 부족,데이터 부족,데이터 부족,데이터 부족,데이터 부족
1989,여,오픈,1500,데이터 부족,데이터 부족,데이터 부족,데이터 부족,데이터 부족,데이터 부족,데이터 부족,데이터 부족,데이터 부족
1989,여,일반,500,데이터 부족,데이터 부족,데이터 부족,데이터 부족,데이터 부족,데이터 부족,데이터 부족,데이터 부족,데이터 부족
1989,여,일반,1000,데이터 부족,데이터 부족,데이터 부족,데이터 부족,데이터 부족,데이터 부족,데이터 부족,데이터 부족,데이터 부족
1989,여,일반,1500,데이터 부족,데이터 부족,데이터 부족,데이터 부족,데이터 부족,데이터 부족,데이터 부족,데이터 부족,데이터 부족
1989,여,일반,3000,데이터 부족,데이터 부족,데이터 부족,데이터 부족,데이터 부족,데이터 부족,데이터 부족,데이터 부족,데이터 부족
1990,남,고등,500,데이터 부족,데이터 부족,데이터 부족,데이터 부족,데이터 부족,데이터 부족,데이터 부족,데이터 부족,데이터 부족
1990,남,고등,1000,데이터 부족,데이터 부족,데이터 부족,데이터 부족,데이터 부족,데이터 부족,데이터 부족,데이터 부족,데이터 부족
1990,남,고등,1500,데이터 부족,데이터 부족,데이터 부족,데이터 부족,데이터 부족,데이터 부족,데이터 부족,데이터 부족,데이터 부족
1990,남,고등,3000,데이터 부족,데이터 부족,데이터 부족,데이터 부족,데이터 부족,데이터 부족,데이터 부족,데이터 부족,데이터 부족
1990,남,대학,500,데이터 부족,데이터 부족,데이터 부족,데이터 부족,데이터 부족,데이터 부족,데이터 부족,데이터 부족,데이터 부족
1990,남,대학,1000,14,88.909,89.828,91.725,95.3,101.043,5.0,9.5,13.0
1990,남,대학,1500,11,136.836,140.219,147.98,159.788,168.471,3.25,6.5,10.0
1990,남,대학,3000,10,300.25,312.567,344.22,414.26,415.43,3.0,6.0,8.5
1990,남,오픈,500,데이터 부족,데이터 부족,데이터 부족,데이터 부족,데이터 부족,데이터 부족,데이터 부족,데이터 부족,데이터 부족
1990,남,오픈,1000,데이터 부족,데이터 부족,데이터 부족,데이터 부족,데이터 부족,데이터 부족,데이터 부족,데이터 부족,데이터 부족
1990,남,오픈,1500,데이터 부족,데이터 부족,데이터 부족,데이터 부족,데이터 부족,데이터 부족,데이터 부족,데이터 부족,데이터 부족
1990,남,오픈,3000,데이터 부족,데이터 부족,데이터 부족,데이터 부족,데이터 부족,데이터 부족,데이터 부족,데이터 부족,데이터 부족
1990,남,일반,500,데이터 부족,데이터 부족,데이터 부족,데이터 부족,데이터 부족,데이터 부족,데이터 부족,데이터 부족,데이터 부족
1990,남,일반,1000,데이터 부족,데이터 부족,데이터 부족,데이터 부족,데이터 부족,데이터 부족,데이터 부족,데이터 부족,데이터 부족
1990,남,일반,1500,데이터 부족,데이터 부족,데이터 부족,데이터 부족,데이터 부족,데이터 부족,데이터 부족,데이터 부족,데이터 부족
1990,남,일반,3000,데이터 부족,데이터 부족,데이터 부족,데이터 부족,데이터 부족,데이터 부족,데이터 부족,데이터 부족,데이터 부족
1990,남,중등,1500,데이터 부족,데이터 부족,데이터 부족,데이터 부족,데이터 부족,데이터 부족,데이터 부족,데이터 부족,데이터 부족
1990,남,중등,3000,데이터 부족,데이터 부족,데이터 부족,데이터 부족,데이터 부족,데이터 부족,데이터 부족,데이터 부족,데이터 부족
1990,여,고등,500,데이터 부족,데이터 부족,데이터 부족,데이터 부족,데이터 부족,데이터 부족,데이터 부족,데이터 부족,데이터 부족
1990,여,고등,1000,데이터 부족,데이터 부족,데이터 부족,데이터 부족,데이터 부족,데이터 부족,데이터 부족,데이터 부족,데이터 부족
1990,여,고등,1500,데이터 부족,데이터 부족,데이터 부족,데이터 부족,데이터 부족,데이터 부족,데이터 부족,데이터 부족,데이터 부족
1990,여,고등,3000,데이터 부족,데이터 부족,데이터 부족,데이터 부족,데이터 부족,데이터 부족,데이터 부족,데이터 부족,데이터 부족
1990,여,대학,500,데이터 부족,데이터 부족,데이터 부족,데이터 부족,데이터 부족,데이터 부족,데이터 부족,데이터 부족,데이터 부족
1990,여,대학,1000,데이터 부족,데이터 부족,데이터 부족,데이터 부족,데이터 부족,데이터 부족,데이터 부족,데이터 부족,데이터 부족
1990,여,대학,1500,데이터 부족,데이터 부족,데이터 부족,데이터 부족,데이터 부족,데이터 부족,데이터 부족,데이터 부족,데이터 부족
1990,여,대학,3000,데이터 부족,데이터 부족,데이터 부족,데이터 부족,데이터 부족,데이터 부족,데이터 부족,데이터 부족,데이터 부족
1990,여,오픈,500,데이터 부족,데이터 부족,데이터 부족,데이터 부족,데이터 부족,데이터 부족,데이터 부족,데이터 부족,데이터 부족
1990,여,오픈,1000,데이터 부족,데이터 부족,데이터 부족,데이터 부족,데이터 부족,데이터 부족,데이터 부족,데이터 부족,데이터 부족
1990,여,오픈,1500,데이터 부족,데이터 부족,데이터 부족,데이터 부족,데이터 부족,데이터 부족,데이터 부족,데이터 부족,데이터 부족
1990,여,오픈,3000,데이터 부족,데이터 부족,데이터 부족,데이터 부족,데이터 부족,데이터 부족,데이터 부족,데이터 부족,데이터 부족
1990,여,일반,500,데이터 부족,데이터 부족,데이터 부족,데이터 부족,데이터 부족,데이터 부족,데이터 부족,데이터 부족,데이터 부족
1990,여,일반,1000,데이터 부족,데이터 부족,데이터 부족,데이터 부족,데이터 부족,데이터 부족,데이터 부족,데이터 부족,데이터 부족
1990,여,일반,1500,데이터 부족,데이터 부족,데이터 부족,데이터 부족,데이터 부족,데이터 부족,데이터 부족,데이터 부족,데이터 부족
1990,여,일반,3000,데이터 부족,데이터 부족,데이터 부족,데이터 부족,데이터 부족,데이터 부족,데이터 부족,데이터 부족,데이터 부족
1991,남,고등,500,데이터 부족,데이터 부족,데이터 부족,데이터 부족,데이터 부족,데이터 부족,데이터 부족,데이터 부족,데이터 부족
1991,남,고등,1000,데이터 부족,데이터 부족,데이터 부족,데이터 부족,데이터 부족,데이터 부족,데이터 부족,데이터 부족,데이터 부족
1991,남,고등,1500,데이터 부족,데이터 부족,데이터 부족,데이터 부족,데이터 부족,데이터 부족,데이터 부족,데이터 부족,데이터 부족
1991,남,고등,3000,데이터 부족,데이터 부족,데이터 부족,데이터 부족,데이터 부족,데이터 부족,데이터 부족,데이터 부족,데이터 부족
1991,남,대학,500,데이터 부족,데이터 부족,데이터 부족,데이터 부족,데이터 부족,데이터 부족,데이터 부족,데이터 부족,데이터 부족
1991,남,대학,1000,데이터 부족,데이터 부족,데이터 부족,데이터 부족,데이터 부족,데이터 부족,데이터 부족,데이터 부족,데이터 부족
1991,남,대학,1500,데이터 부족,데이터 부족,데이터 부족,데이터 부족,데이터 부족,데이터 부족,데이터 부족,데이터 부족,데이터 부족
1991,남,대학,3000,데이터 부족,데이터 부족,데이터 부족,데이터 부족,데이터 부족,데이터 부족,데이터 부족,데이터 부족,데이터 부족
1991,남,오픈,500,데이터 부족,데이터 부족,데이터 부족,데이터 부족,데이터 부족,데이터 부족,데이터 부족,데이터 부족,데이터 부족
1991,남,오픈,1000,데이터 부족,데이터 부족,데이터 부족,데이터 부족,데이터 부족,데이터 부족,데이터 부족,데이터 부족,데이터 부족
1991,남,오픈,1500,데이터 부족,데이터 부족,데이터 부족,데이터 부족,데이터 부족,데이터 부족,데이터 부족,데이터 부족,데이터 부족
1991,남,오픈,3000,데이터 부족,데이터 부족,데이터 부족,데이터 부족,데이터 부족,데이터 부족,데이터 부족,데이터 부족,데이터 부족
1991,남,일반,500,데이터 부족,데이터 부족,데이터 부족,데이터 부족,데이터 부족,데이터 부족,데이터 부족,데이터 부족,데이터 부족
1991,남,일반,1000,데이터 부족,데이터 부족,데이터 부족,데이터 부족,데이터 부족,데이터 부족,데이터 부족,데이터 부족,데이터 부족
1991,남,일반,1500,데이터 부족,데이터 부족,데이터 부족,데이터 부족,데이터 부족,데이터 부족,데이터 부족,데이터 부족,데이터 부족
1991,남,일반,3000,데이터 부족,데이터 부족,데이터 부족,데이터 부족,데이터 부족,데이터 부족,데이터 부족,데이터 부족,데이터 부족
1991,남,중등,500,10,45.661,45.933,46.405,49.77,79.645,3.25,8.5,14.75
1991,남,중등,1000,데이터 부족,데이터 부족,데이터 부족,데이터 부족,데이터 부족,데이터 부족,데이터 부족,데이터 부족,데이터 부족
1991,남,중등,1500,데이터 부족,데이터 부족,데이터 부족,데이터 부족,데이터 부족,데이터 부족,데이터 부족,데이터 부족,데이터 부족
1991,여,고등,500,데이터 부족,데이터 부족,데이터 부족,데이터 부족,데이터 부족,데이터 부족,데이터 부족,데이터 부족,데이터 부족
1991,여,고등,1000,데이터 부족,데이터 부족,데이터 부족,데이터 부족,데이터 부족,데이터 부족,데이터 부족,데이터 부족,데이터 부족
1991,여,고등,1500,데이터 부족,데이터 부족,데이터 부족,데이터 부족,데이터 부족,데이터 부족,데이터 부족,데이터 부족,데이터 부족
1991,여,고등,3000,데이터 부족,데이터 부족,데이터 부족,데이터 부족,데이터 부족,데이터 부족,데이터 부족,데이터 부족,데이터 부족
1991,여,대학,500,데이터 부족,데이터 부족,데이터 부족,데이터 부족,데이터 부족,데이터 부족,데이터 부족,데이터 부족,데이터 부족
1991,여,대학,1000,데이터 부족,데이터 부족,데이터 부족,데이터 부족,데이터 부족,데이터 부족,데이터 부족,데이터 부족,데이터 부족
1991,여,대학,1500,데이터 부족,데이터 부족,데이터 부족,데이터 부족,데이터 부족,데이터 부족,데이터 부족,데이터 부족,데이터 부족
1991,여,대학,3000,데이터 부족,데이터 부족,데이터 부족,데이터 부족,데이터 부족,데이터 부족,데이터 부족,데이터 부족,데이터 부족
1991,여,오픈,500,데이터 부족,데이터 부족,데이터 부족,데이터 부족,데이터 부족,데이터 부족,데이터 부족,데이터 부족,데이터 부족
1991,여,오픈,1000,데이터 부족,데이터 부족,데이터 부족,데이터 부족,데이터 부족,데이터 부족,데이터 부족,데이터 부족,데이터 부족
1991,여,오픈,1500,데이터 부족,데이터 부족,데이터 부족,데이터 부족,데이터 부족,데이터 부족,데이터 부족,데이터 부족,데이터 부족
1991,여,오픈,3000,데이터 부족,데이터 부족,데이터 부족,데이터 부족,데이터 부족,데이터 부족,데이터 부족,데이터 부족,데이터 부족
1991,여,일반,500,데이터 부족,데이터 부족,데이터 부족,데이터 부족,데이터 부족,데이터 부족,데이터 부족,데이터 부족,데이터 부족
1991,여,일반,1000,데이터 부족,데이터 부족,데이터 부족,데이터 부족,데이터 부족,데이터 부족,데이터 부족,데이터 부족,데이터 부족
1991,여,일반,1500,데이터 부족,데이터 부족,데이터 부족,데이터 부족,데이터 부족,데이터 부족,데이터 부족,데이터 부족,데이터 부족
1991,여,일반,3000,데이터 부족,데이터 부족,데이터 부족,데이터 부족,데이터 부족,데이터 부족,데이터 부족,데이터 부족,데이터 부족
1991,여,중등,500,데이터 부족,데이터 부족,데이터 부족,데이터 부족,데이터 부족,데이터 부족,데이터 부족,데이터 부족,데이터 부족
1991,여,중등,1000,데이터 부족,데이터 부족,데이터 부족,데이터 부족,데이터 부족,데이터 부족,데이터 부족,데이터 부족,데이터 부족
1991,여,중등,1500,데이터 부족,데이터 부족,데이터 부족,데이터 부족,데이터 부족,데이터 부족,데이터 부족,데이터 부족,데이터 부족
1991,여,중등,3000,데이터 부족,데이터 부족,데이터 부족,데이터 부족,데이터 부족,데이터 부족,데이터 부족,데이터 부족,데이터 부족
1992,남,고등,500,데이터 부족,데이터 부족,데이터 부족,데이터 부족,데이터 부족,데이터 부족,데이터 부족,데이터 부족,데이터 부족
1992,남,고등,1000,12,88.518,89.565,90.83,93.66,99.074,5.25,10.0,16.0
1992,남,고등,1500,데이터 부족,데이터 부족,데이터 부족,데이터 부족,데이터 부족,데이터 부족,데이터 부족,데이터 부족,데이터 부족
1992,남,고등,3000,데이터 부족,데이터 부족,데이터 부족,데이터 부족,데이터 부족,데이터 부족,데이터 부족,데이터 부족,데이터 부족
1992,남,대학,500,데이터 부족,데이터 부족,데이터 부족,데이터 부족,데이터 부족,데이터 부족,데이터 부족,데이터 부족,데이터 부족
1992,남,대학,1000,데이터 부족,데이터 부족,데이터 부족,데이터 부족,데이터 부족,데이터 부족,데이터 부족,데이터 부족,데이터 부족
1992,남,대학,1500,데이터 부족,데이터 부족,데이터 부족,데이터 부족,데이터 부족,데이터 부족,데이터 부족,데이터 부족,데이터 부족
1992,남,대학,3000,데이터 부족,데이터 부족,데이터 부족,데이터 부족,데이터 부족,데이터 부족,데이터 부족,데이터 부족,데이터 부족
1992,남,오픈,500,데이터 부족,데이터 부족,데이터 부족,데이터 부족,데이터 부족,데이터 부족,데이터 부족,데이터 부족,데이터 부족
1992,남,오픈,1000,데이터 부족,데이터 부족,데이터 부족,데이터 부족,데이터 부족,데이터 부족,데이터 부족,데이터 부족,데이터 부족
1992,남,오픈,1500,데이터 부족,데이터 부족,데이터 부족,데이터 부족,데이터 부족,데이터 부족,데이터 부족,데이터 부족,데이터 부족
1992,남,오픈,3000,데이터 부족,데이터 부족,데이터 부족,데이터 부족,데이터 부족,데이터 부족,데이터 부족,데이터 부족,데이터 부족
1992,남,일반,500,데이터 부족,데이터 부족,데이터 부족,데이터 부족,데이터 부족,데이터 부족,데이터 부족,데이터 부족,데이터 부족
1992,남,일반,1000,데이터 부족,데이터 부족,데이터 부족,데이터 부족,데이터 부족,데이터 부족,데이터 부족,데이터 부족,데이터 부족
1992,남,일반,1500,데이터 부족,데이터 부족,데이터 부족,데이터 부족,데이터 부족,데이터 부족,데이터 부족,데이터 부족,데이터 부족
1992,남,일반,3000,데이터 부족,데이터 부족,데이터 부족,데이터 부족,데이터 부족,데이터 부족,데이터 부족,데이터 부족,데이터 부족
1992,남,중등,500,데이터 부족,데이터 부족,데이터 부족,데이터 부족,데이터 부족,데이터 부족,데이터 부족,데이터 부족,데이터 부족
1992,남,중등,1000,12,92.125,94.205,100.415,103.208,107.62,5.0,10.0,19.0
1992,남,중등,1500,데이터 부족,데이터 부족,데이터 부족,데이터 부족,데이터 부족,데이터 부족,데이터 부족,데이터 부족,데이터 부족
1992,남,중등,3000,데이터 부족,데이터 부족,데이터 부족,데이터 부족,데이터 부족,데이터 부족,데이터 부족,데이터 부족,데이터 부족
1992,여,고등,500,데이터 부족,데이터 부족,데이터 부족,데이터 부족,데이터 부족,데이터 부족,데이터 부족,데이터 부족,데이터 부족
1992,여,고등,1000,데이터 부족,데이터 부족,데이터 부족,데이터 부족,데이터 부족,데이터 부족,데이터 부족,데이터 부족,데이터 부족
1992,여,고등,1500,데이터 부족,데이터 부족,데이터 부족,데이터 부족,데이터 부족,데이터 부족,데이터 부족,데이터 부족,데이터 부족
1992,여,고등,3000,데이터 부족,데이터 부족,데이터 부족,데이터 부족,데이터 부족,데이터 부족,데이터 부족,데이터 부족,데이터 부족
1992,여,대학,500,데이터 부족,데이터 부족,데이터 부족,데이터 부족,데이터 부족,데이터 부족,데이터 부족,데이터 부족,데이터 부족
1992,여,대학,1000,데이터 부족,데이터 부족,데이터 부족,데이터 부족,데이터 부족,데이터 부족,데이터 부족,데이터 부족,데이터 부족
1992,여,대학,1500,데이터 부족,데이터 부족,데이터 부족,데이터 부족,데이터 부족,데이터 부족,데이터 부족,데이터 부족,데이터 부족
1992,여,대학,3000,데이터 부족,데이터 부족,데이터 부족,데이터 부족,데이터 부족,데이터 부족,데이터 부족,데이터 부족,데이터 부족
1992,여,오픈,500,데이터 부족,데이터 부족,데이터 부족,데이터 부족,데이터 부족,데이터 부족,데이터 부족,데이터 부족,데이터 부족
1992,여,오픈,1000,데이터 부족,데이터 부족,데이터 부족,데이터 부족,데이터 부족,데이터 부족,데이터 부족,데이터 부족,데이터 부족
1992,여,오픈,1500,데이터 부족,데이터 부족,데이터 부족,데이터 부족,데이터 부족,데이터 부족,데이터 부족,데이터 부족,데이터 부족
1992,여,오픈,3000,데이터 부족,데이터 부족,데이터 부족,데이터 부족,데이터 부족,데이터 부족,데이터 부족,데이터 부족,데이터 부족
1992,여,일반,500,데이터 부족,데이터 부족,데이터 부족,데이터 부족,데이터 부족,데이터 부족,데이터 부족,데이터 부족,데이터 부족
1992,여,일반,1000,데이터 부족,데이터 부족,데이터 부족,데이터 부족,데이터 부족,데이터 부족,데이터 부족,데이터 부족,데이터 부족
1992,여,일반,1500,데이터 부족,데이터 부족,데이터 부족,데이터 부족,데이터 부족,데이터 부족,데이터 부족,데이터 부족,데이터 부족
1992,여,일반,3000,데이터 부족,데이터 부족,데이터 부족,데이터 부족,데이터 부족,데이터 부족,데이터 부족,데이터 부족,데이터 부족
1992,여,중등,500,데이터 부족,데이터 부족,데이터 부족,데이터 부족,데이터 부족,데이터 부족,데이터 부족,데이터 부족,데이터 부족
1992,여,중등,1000,데이터 부족,데이터 부족,데이터 부족,데이터 부족,데이터 부족,데이터 부족,데이터 부족,데이터 부족,데이터 부족
1992,여,중등,1500,데이터 부족,데이터 부족,데이터 부족,데이터 부족,데이터 부족,데이터 부족,데이터 부족,데이터 부족,데이터 부족
1992,여,중등,3000,데이터 부족,데이터 부족,데이터 부족,데이터 부족,데이터 부족,데이터 부족,데이터 부족,데이터 부족,데이터 부족
1993,남,고등,500,데이터 부족,데이터 부족,데이터 부족,데이터 부족,데이터 부족,데이터 부족,데이터 부족,데이터 부족,데이터 부족
1993,남,고등,1000,18,88.457,88.728,90.385,91.61,107.253,4.25,9.0,14.75
1993,남,고등,1500,데이터 부족,데이터 부족,데이터 부족,데이터 부족,데이터 부족,데이터 부족,데이터 부족,데이터 부족,데이터 부족
1993,남,고등,3000,데이터 부족,데이터 부족,데이터 부족,데이터 부족,데이터 부족,데이터 부족,데이터 부족,데이터 부족,데이터 부족
1993,남,대학,500,13,42.322,42.636,43.081,43.684,50.619,2.5,4.0,7.0
1993,남,대학,1000,14,87.278,88.414,90.408,95.571,99.767,2.0,5.0,8.75
1993,남,대학,1500,13,144.46,152.779,158.286,164.465,184.613,2.0,5.0,8.0
1993,남,대학,3000,데이터 부족,데이터 부족,데이터 부족,데이터 부족,데이터 부족,데이터 부족,데이터 부족,데이터 부족,데이터 부족
1993,남,오픈,500,데이터 부족,데이터 부족,데이터 부족,데이터 부족,데이터 부족,데이터 부족,데이터 부족,데이터 부족,데이터 부족
1993,남,오픈,1000,데이터 부족,데이터 부족,데이터 부족,데이터 부족,데이터 부족,데이터 부족,데이터 부족,데이터 부족,데이터 부족
1993,남,오픈,1500,데이터 부족,데이터 부족,데이터 부족,데이터 부족,데이터 부족,데이터 부족,데이터 부족,데이터 부족,데이터 부족
1993,남,오픈,3000,데이터 부족,데이터 부족,데이터 부족,데이터 부족,데이터 부족,데이터 부족,데이터 부족,데이터 부족,데이터 부족
1993,남,일반,500,데이터 부족,데이터 부족,데이터 부족,데이터 부족,데이터 부족,데이터 부족,데이터 부족,데이터 부족,데이터 부족
1993,남,일반,1000,데이터 부족,데이터 부족,데이터 부족,데이터 부족,데이터 부족,데이터 부족,데이터 부족,데이터 부족,데이터 부족
1993,남,일반,1500,데이터 부족,데이터 부족,데이터 부족,데이터 부족,데이터 부족,데이터 부족,데이터 부족,데이터 부족,데이터 부족
1993,남,일반,3000,데이터 부족,데이터 부족,데이터 부족,데이터 부족,데이터 부족,데이터 부족,데이터 부족,데이터 부족,데이터 부족
1993,남,중등,500,데이터 부족,데이터 부족,데이터 부족,데이터 부족,데이터 부족,데이터 부족,데이터 부족,데이터 부족,데이터 부족
1993,남,중등,1000,15,93.788,96.605,99.82,104.525,109.674,7.75,12.0,16.25
1993,남,중등,1500,데이터 부족,데이터 부족,데이터 부족,데이터 부족,데이터 부족,데이터 부족,데이터 부족,데이터 부족,데이터 부족
1993,남,중등,3000,데이터 부족,데이터 부족,데이터 부족,데이터 부족,데이터 부족,데이터 부족,데이터 부족,데이터 부족,데이터 부족
1993,여,고등,500,데이터 부족,데이터 부족,데이터 부족,데이터 부족,데이터 부족,데이터 부족,데이터 부족,데이터 부족,데이터 부족
1993,여,고등,1000,데이터 부족,데이터 부족,데이터 부족,데이터 부족,데이터 부족,데이터 부족,데이터 부족,데이터 부족,데이터 부족
1993,여,고등,1500,데이터 부족,데이터 부족,데이터 부족,데이터 부족,데이터 부족,데이터 부족,데이터 부족,데이터 부족,데이터 부족
1993,여,고등,3000,데이터 부족,데이터 부족,데이터 부족,데이터 부족,데이터 부족,데이터 부족,데이터 부족,데이터 부족,데이터 부족
1993,여,대학,500,데이터 부족,데이터 부족,데이터 부족,데이터 부족,데이터 부족,데이터 부족,데이터 부족,데이터 부족,데이터 부족
1993,여,대학,1000,데이터 부족,데이터 부족,데이터 부족,데이터 부족,데이터 부족,데이터 부족,데이터 부족,데이터 부족,데이터 부족
1993,여,대학,1500,데이터 부족,데이터 부족,데이터 부족,데이터 부족,데이터 부족,데이터 부족,데이터 부족,데이터 부족,데이터 부족
1993,여,대학,3000,데이터 부족,데이터 부족,데이터 부족,데이터 부족,데이터 부족,데이터 부족,데이터 부족,데이터 부족,데이터 부족
1993,여,오픈,500,데이터 부족,데이터 부족,데이터 부족,데이터 부족,데이터 부족,데이터 부족,데이터 부족,데이터 부족,데이터 부족
1993,여,오픈,1000,데이터 부족,데이터 부족,데이터 부족,데이터 부족,데이터 부족,데이터 부족,데이터 부족,데이터 부족,데이터 부족
1993,여,오픈,1500,데이터 부족,데이터 부족,데이터 부족,데이터 부족,데이터 부족,데이터 부족,데이터 부족,데이터 부족,데이터 부족
1993,여,오픈,3000,데이터 부족,데이터 부족,데이터 부족,데이터 부족,데이터 부족,데이터 부족,데이터 부족,데이터 부족,데이터 부족
1993,여,일반,500,데이터 부족,데이터 부족,데이터 부족,데이터 부족,데이터 부족,데이터 부족,데이터 부족,데이터 부족,데이터 부족
1993,여,일반,1000,데이터 부족,데이터 부족,데이터 부족,데이터 부족,데이터 부족,데이터 부족,데이터 부족,데이터 부족,데이터 부족
1993,여,일반,1500,데이터 부족,데이터 부족,데이터 부족,데이터 부족,데이터 부족,데이터 부족,데이터 부족,데이터 부족,데이터 부족
1993,여,일반,3000,데이터 부족,데이터 부족,데이터 부족,데이터 부족,데이터 부족,데이터 부족,데이터 부족,데이터 부족,데이터 부족
1993,여,중등,500,데이터 부족,데이터 부족,데이터 부족,데이터 부족,데이터 부족,데이터 부족,데이터 부족,데이터 부족,데이터 부족
1993,여,중등,1000,데이터 부족,데이터 부족,데이터 부족,데이터 부족,데이터 부족,데이터 부족,데이터 부족,데이터 부족,데이터 부족
1993,여,중등,1500,데이터 부족,데이터 부족,데이터 부족,데이터 부족,데이터 부족,데이터 부족,데이터 부족,데이터 부족,데이터 부족
1993,여,중등,3000,데이터 부족,데이터 부족,데이터 부족,데이터 부족,데이터 부족,데이터 부족,데이터 부족,데이터 부족,데이터 부족
1994,남,고등,500,15,42.938,43.246,44.234,46.679,55.405,2.0,5.0,10.0
1994,남,고등,1000,15,89.427,90.223,92.548,101.517,115.386,4.25,7.0,12.5
1994,남,고등,1500,데이터 부족,데이터 부족,데이터 부족,데이터 부족,데이터 부족,데이터 부족,데이터 부족,데이터 부족,데이터 부족
1994,남,고등,3000,데이터 부족,데이터 부족,데이터 부족,데이터 부족,데이터 부족,데이터 부족,데이터 부족,데이터 부족,데이터 부족
1994,남,대학,500,데이터 부족,데이터 부족,데이터 부족,데이터 부족,데이터 부족,데이터 부족,데이터 부족,데이터 부족,데이터 부족
1994,남,대학,1000,데이터 부족,데이터 부족,데이터 부족,데이터 부족,데이터 부족,데이터 부족,데이터 부족,데이터 부족,데이터 부족
1994,남,대학,1500,데이터 부족,데이터 부족,데이터 부족,데이터 부족,데이터 부족,데이터 부족,데이터 부족,데이터 부족,데이터 부족
1994,남,대학,3000,데이터 부족,데이터 부족,데이터 부족,데이터 부족,데이터 부족,데이터 부족,데이터 부족,데이터 부족,데이터 부족
1994,남,오픈,500,데이터 부족,데이터 부족,데이터 부족,데이터 부족,데이터 부족,데이터 부족,데이터 부족,데이터 부족,데이터 부족
1994,남,오픈,1000,데이터 부족,데이터 부족,데이터 부족,데이터 부족,데이터 부족,데이터 부족,데이터 부족,데이터 부족,데이터 부족
1994,남,오픈,1500,데이터 부족,데이터 부족,데이터 부족,데이터 부족,데이터 부족,데이터 부족,데이터 부족,데이터 부족,데이터 부족
1994,남,오픈,3000,데이터 부족,데이터 부족,데이터 부족,데이터 부족,데이터 부족,데이터 부족,데이터 부족,데이터 부족,데이터 부족
1994,남,일반,500,데이터 부족,데이터 부족,데이터 부족,데이터 부족,데이터 부족,데이터 부족,데이터 부족,데이터 부족,데이터 부족
1994,남,일반,1000,데이터 부족,데이터 부족,데이터 부족,데이터 부족,데이터 부족,데이터 부족,데이터 부족,데이터 부족,데이터 부족
1994,남,일반,1500,데이터 부족,데이터 부족,데이터 부족,데이터 부족,데이터 부족,데이터 부족,데이터 부족,데이터 부족,데이터 부족
1994,남,일반,3000,데이터 부족,데이터 부족,데이터 부족,데이터 부족,데이터 부족,데이터 부족,데이터 부족,데이터 부족,데이터 부족
1994,남,중등,500,데이터 부족,데이터 부족,데이터 부족,데이터 부족,데이터 부족,데이터 부족,데이터 부족,데이터 부족,데이터 부족
1994,남,중등,1000,12,92.534,93.21,95.07,98.4,107.296,6.0,13.0,16.75
1994,남,중등,1500,데이터 부족,데이터 부족,데이터 부족,데이터 부족,데이터 부족,데이터 부족,데이터 부족,데이터 부족,데이터 부족
1994,남,중등,3000,데이터 부족,데이터 부족,데이터 부족,데이터 부족,데이터 부족,데이터 부족,데이터 부족,데이터 부족,데이터 부족
1994,남,초등,500,데이터 부족,데이터 부족,데이터 부족,데이터 부족,데이터 부족,데이터 부족,데이터 부족,데이터 부족,데이터 부족
1994,남,초등,1000,데이터 부족,데이터 부족,데이터 부족,데이터 부족,데이터 부족,데이터 부족,데이터 부족,데이터 부족,데이터 부족
1994,남,초등,1500,데이터 부족,데이터 부족,데이터 부족,데이터 부족,데이터 부족,데이터 부족,데이터 부족,데이터 부족,데이터 부족
1994,남,초등,2000,데이터 부족,데이터 부족,데이터 부족,데이터 부족,데이터 부족,데이터 부족,데이터 부족,데이터 부족,데이터 부족
1994,남,초등,3000,데이터 부족,데이터 부족,데이터 부족,데이터 부족,데이터 부족,데이터 부족,데이터 부족,데이터 부족,데이터 부족
1994,여,고등,500,데이터 부족,데이터 부족,데이터 부족,데이터 부족,데이터 부족,데이터 부족,데이터 부족,데이터 부족,데이터 부족
1994,여,고등,1000,데이터 부족,데이터 부족,데이터 부족,데이터 부족,데이터 부족,데이터 부족,데이터 부족,데이터 부족,데이터 부족
1994,여,고등,1500,데이터 부족,데이터 부족,데이터 부족,데이터 부족,데이터 부족,데이터 부족,데이터 부족,데이터 부족,데이터 부족
1994,여,고등,3000,데이터 부족,데이터 부족,데이터 부족,데이터 부족,데이터 부족,데이터 부족,데이터 부족,데이터 부족,데이터 부족
1994,여,대학,500,데이터 부족,데이터 부족,데이터 부족,데이터 부족,데이터 부족,데이터 부족,데이터 부족,데이터 부족,데이터 부족
1994,여,대학,1000,데이터 부족,데이터 부족,데이터 부족,데이터 부족,데이터 부족,데이터 부족,데이터 부족,데이터 부족,데이터 부족
1994,여,대학,1500,데이터 부족,데이터 부족,데이터 부족,데이터 부족,데이터 부족,데이터 부족,데이터 부족,데이터 부족,데이터 부족
1994,여,대학,3000,데이터 부족,데이터 부족,데이터 부족,데이터 부족,데이터 부족,데이터 부족,데이터 부족,데이터 부족,데이터 부족
1994,여,오픈,500,데이터 부족,데이터 부족,데이터 부족,데이터 부족,데이터 부족,데이터 부족,데이터 부족,데이터 부족,데이터 부족
1994,여,오픈,1000,데이터 부족,데이터 부족,데이터 부족,데이터 부족,데이터 부족,데이터 부족,데이터 부족,데이터 부족,데이터 부족
1994,여,오픈,1500,데이터 부족,데이터 부족,데이터 부족,데이터 부족,데이터 부족,데이터 부족,데이터 부족,데이터 부족,데이터 부족
1994,여,오픈,3000,데이터 부족,데이터 부족,데이터 부족,데이터 부족,데이터 부족,데이터 부족,데이터 부족,데이터 부족,데이터 부족
1994,여,일반,500,데이터 부족,데이터 부족,데이터 부족,데이터 부족,데이터 부족,데이터 부족,데이터 부족,데이터 부족,데이터 부족
1994,여,일반,1000,데이터 부족,데이터 부족,데이터 부족,데이터 부족,데이터 부족,데이터 부족,데이터 부족,데이터 부족,데이터 부족
1994,여,일반,1500,데이터 부족,데이터 부족,데이터 부족,데이터 부족,데이터 부족,데이터 부족,데이터 부족,데이터 부족,데이터 부족
1994,여,일반,3000,데이터 부족,데이터 부족,데이터 부족,데이터 부족,데이터 부족,데이터 부족,데이터 부족,데이터 부족,데이터 부족
1994,여,중등,500,데이터 부족,데이터 부족,데이터 부족,데이터 부족,데이터 부족,데이터 부족,데이터 부족,데이터 부족,데이터 부족
1994,여,중등,1000,데이터 부족,데이터 부족,데이터 부족,데이터 부족,데이터 부족,데이터 부족,데이터 부족,데이터 부족,데이터 부족
1994,여,중등,1500,데이터 부족,데이터 부족,데이터 부족,데이터 부족,데이터 부족,데이터 부족,데이터 부족,데이터 부족,데이터 부족
1994,여,중등,3000,데이터 부족,데이터 부족,데이터 부족,데이터 부족,데이터 부족,데이터 부족,데이터 부족,데이터 부족,데이터 부족
1994,여,초등,500,데이터 부족,데이터 부족,데이터 부족,데이터 부족,데이터 부족,데이터 부족,데이터 부족,데이터 부족,데이터 부족
1994,여,초등,1000,데이터 부족,데이터 부족,데이터 부족,데이터 부족,데이터 부족,데이터 부족,데이터 부족,데이터 부족,데이터 부족
1994,여,초등,1500,데이터 부족,데이터 부족,데이터 부족,데이터 부족,데이터 부족,데이터 부족,데이터 부족,데이터 부족,데이터 부족
1994,여,초등,2000,데이터 부족,데이터 부족,데이터 부족,데이터 부족,데이터 부족,데이터 부족,데이터 부족,데이터 부족,데이터 부족
1994,여,초등,3000,데이터 부족,데이터 부족,데이터 부족,데이터 부족,데이터 부족,데이터 부족,데이터 부족,데이터 부족,데이터 부족
1995,남,고등,500,데이터 부족,데이터 부족,데이터 부족,데이터 부족,데이터 부족,데이터 부족,데이터 부족,데이터 부족,데이터 부족
1995,남,고등,1000,데이터 부족,데이터 부족,데이터 부족,데이터 부족,데이터 부족,데이터 부족,데이터 부족,데이터 부족,데이터 부족
1995,남,고등,1500,12,141.366,147.47,158.095,169.038,178.236,5.25,10.0,13.75
1995,남,고등,3000,데이터 부족,데이터 부족,데이터 부족,데이터 부족,데이터 부족,데이터 부족,데이터 부족,데이터 부족,데이터 부족
1995,남,대학,500,데이터 부족,데이터 부족,데이터 부족,데이터 부족,데이터 부족,데이터 부족,데이터 부족,데이터 부족,데이터 부족
1995,남,대학,1000,데이터 부족,데이터 부족,데이터 부족,데이터 부족,데이터 부족,데이터 부족,데이터 부족,데이터 부족,데이터 부족
1995,남,대학,1500,데이터 부족,데이터 부족,데이터 부족,데이터 부족,데이터 부족,데이터 부족,데이터 부족,데이터 부족,데이터 부족
1995,남,대학,3000,데이터 부족,데이터 부족,데이터 부족,데이터 부족,데이터 부족,데이터 부족,데이터 부족,데이터 부족,데이터 부족
1995,남,오픈,500,데이터 부족,데이터 부족,데이터 부족,데이터 부족,데이터 부족,데이터 부족,데이터 부족,데이터 부족,데이터 부족
1995,남,오픈,1000,데이터 부족,데이터 부족,데이터 부족,데이터 부족,데이터 부족,데이터 부족,데이터 부족,데이터 부족,데이터 부족
1995,남,오픈,1500,데이터 부족,데이터 부족,데이터 부족,데이터 부족,데이터 부족,데이터 부족,데이터 부족,데이터 부족,데이터 부족
1995,남,일반,500,데이터 부족,데이터 부족,데이터 부족,데이터 부족,데이터 부족,데이터 부족,데이터 부족,데이터 부족,데이터 부족
1995,남,일반,1000,데이터 부족,데이터 부족,데이터 부족,데이터 부족,데이터 부족,데이터 부족,데이터 부족,데이터 부족,데이터 부족
1995,남,일반,1500,데이터 부족,데이터 부족,데이터 부족,데이터 부족,데이터 부족,데이터 부족,데이터 부족,데이터 부족,데이터 부족
1995,남,일반,3000,데이터 부족,데이터 부족,데이터 부족,데이터 부족,데이터 부족,데이터 부족,데이터 부족,데이터 부족,데이터 부족
1995,남,중등,500,14,44.87,45.66,46.41,48.01,51.344,9.0,11.0,16.25
1995,남,중등,1000,15,92.58,93.588,96.175,104.835,110.714,9.0,14.0,19.0
1995,남,중등,1500,12,142.175,146.812,157.13,165.55,169.89,8.5,15.5,20.25
1995,남,중등,3000,데이터 부족,데이터 부족,데이터 부족,데이터 부족,데이터 부족,데이터 부족,데이터 부족,데이터 부족,데이터 부족
1995,남,초등,500,21,47.124,48.015,49.285,50.568,52.75,7.25,12.5,21.5
1995,남,초등,1000,23,96.511,100.983,104.22,110.47,114.385,7.0,12.5,21.75
1995,남,초등,1500,데이터 부족,데이터 부족,데이터 부족,데이터 부족,데이터 부족,데이터 부족,데이터 부족,데이터 부족,데이터 부족
1995,남,초등,2000,데이터 부족,데이터 부족,데이터 부족,데이터 부족,데이터 부족,데이터 부족,데이터 부족,데이터 부족,데이터 부족
1995,남,초등,3000,데이터 부족,데이터 부족,데이터 부족,데이터 부족,데이터 부족,데이터 부족,데이터 부족,데이터 부족,데이터 부족
1995,여,고등,500,15,45.73,46.069,46.681,49.802,54.149,3.0,5.0,9.0
1995,여,고등,1000,데이터 부족,데이터 부족,데이터 부족,데이터 부족,데이터 부족,데이터 부족,데이터 부족,데이터 부족,데이터 부족
1995,여,고등,1500,데이터 부족,데이터 부족,데이터 부족,데이터 부족,데이터 부족,데이터 부족,데이터 부족,데이터 부족,데이터 부족
1995,여,고등,3000,데이터 부족,데이터 부족,데이터 부족,데이터 부족,데이터 부족,데이터 부족,데이터 부족,데이터 부족,데이터 부족
1995,여,대학,500,데이터 부족,데이터 부족,데이터 부족,데이터 부족,데이터 부족,데이터 부족,데이터 부족,데이터 부족,데이터 부족
1995,여,대학,1000,데이터 부족,데이터 부족,데이터 부족,데이터 부족,데이터 부족,데이터 부족,데이터 부족,데이터 부족,데이터 부족
1995,여,대학,1500,데이터 부족,데이터 부족,데이터 부족,데이터 부족,데이터 부족,데이터 부족,데이터 부족,데이터 부족,데이터 부족
1995,여,대학,3000,데이터 부족,데이터 부족,데이터 부족,데이터 부족,데이터 부족,데이터 부족,데이터 부족,데이터 부족,데이터 부족
1995,여,오픈,500,데이터 부족,데이터 부족,데이터 부족,데이터 부족,데이터 부족,데이터 부족,데이터 부족,데이터 부족,데이터 부족
1995,여,오픈,1000,데이터 부족,데이터 부족,데이터 부족,데이터 부족,데이터 부족,데이터 부족,데이터 부족,데이터 부족,데이터 부족
1995,여,오픈,1500,데이터 부족,데이터 부족,데이터 부족,데이터 부족,데이터 부족,데이터 부족,데이터 부족,데이터 부족,데이터 부족
1995,여,오픈,3000,데이터 부족,데이터 부족,데이터 부족,데이터 부족,데이터 부족,데이터 부족,데이터 부족,데이터 부족,데이터 부족
1995,여,일반,500,데이터 부족,데이터 부족,데이터 부족,데이터 부족,데이터 부족,데이터 부족,데이터 부족,데이터 부족,데이터 부족
1995,여,일반,1000,데이터 부족,데이터 부족,데이터 부족,데이터 부족,데이터 부족,데이터 부족,데이터 부족,데이터 부족,데이터 부족
1995,여,일반,1500,데이터 부족,데이터 부족,데이터 부족,데이터 부족,데이터 부족,데이터 부족,데이터 부족,데이터 부족,데이터 부족
1995,여,일반,3000,데이터 부족,데이터 부족,데이터 부족,데이터 부족,데이터 부족,데이터 부족,데이터 부족,데이터 부족,데이터 부족
1995,여,중등,500,데이터 부족,데이터 부족,데이터 부족,데이터 부족,데이터 부족,데이터 부족,데이터 부족,데이터 부족,데이터 부족
1995,여,중등,1000,데이터 부족,데이터 부족,데이터 부족,데이터 부족,데이터 부족,데이터 부족,데이터 부족,데이터 부족,데이터 부족
1995,여,중등,1500,데이터 부족,데이터 부족,데이터 부족,데이터 부족,데이터 부족,데이터 부족,데이터 부족,데이터 부족,데이터 부족
1995,여,중등,3000,데이터 부족,데이터 부족,데이터 부족,데이터 부족,데이터 부족,데이터 부족,데이터 부족,데이터 부족,데이터 부족
1995,여,초등,500,21,48.28,48.405,49.23,50.505,53.99,3.0,6.5,13.0
1995,여,초등,1000,26,103.634,106.125,106.6,111.46,115.936,4.0,7.5,13.75
1995,여,초등,1500,데이터 부족,데이터 부족,데이터 부족,데이터 부족,데이터 부족,데이터 부족,데이터 부족,데이터 부족,데이터 부족
1995,여,초등,2000,데이터 부족,데이터 부족,데이터 부족,데이터 부족,데이터 부족,데이터 부족,데이터 부족,데이터 부족,데이터 부족
1995,여,초등,3000,데이터 부족,데이터 부족,데이터 부족,데이터 부족,데이터 부족,데이터 부족,데이터 부족,데이터 부족,데이터 부족
1996,남,고등,500,14,42.883,43.132,43.716,44.349,53.91,3.0,4.0,6.5
1996,남,고등,1000,12,88.574,89.302,90.427,92.262,93.99,2.5,4.0,6.5
1996,남,고등,1500,12,142.103,146.569,151.947,158.414,178.25,3.0,5.0,6.0
1996,남,고등,3000,12,305.447,330.812,341.776,369.776,395.072,3.0,5.0,7.0
1996,남,대학,500,14,42.008,42.543,42.929,43.645,44.526,1.25,3.0,4.75
1996,남,대학,1000,14,87.637,88.628,89.486,91.198,94.795,2.0,3.0,4.5
1996,남,대학,1500,14,148.175,154.728,163.005,169.006,181.547,2.0,4.0,7.0
1996,남,대학,3000,데이터 부족,데이터 부족,데이터 부족,데이터 부족,데이터 부족,데이터 부족,데이터 부족,데이터 부족,데이터 부족
1996,남,오픈,500,데이터 부족,데이터 부족,데이터 부족,데이터 부족,데이터 부족,데이터 부족,데이터 부족,데이터 부족,데이터 부족
1996,남,오픈,1000,데이터 부족,데이터 부족,데이터 부족,데이터 부족,데이터 부족,데이터 부족,데이터 부족,데이터 부족,데이터 부족
1996,남,오픈,1500,15,136.889,142.51,150.534,158.911,169.529,2.0,3.0,5.0
1996,남,오픈,3000,데이터 부족,데이터 부족,데이터 부족,데이터 부족,데이터 부족,데이터 부족,데이터 부족,데이터 부족,데이터 부족
1996,남,일반,500,데이터 부족,데이터 부족,데이터 부족,데이터 부족,데이터 부족,데이터 부족,데이터 부족,데이터 부족,데이터 부족
1996,남,일반,1000,데이터 부족,데이터 부족,데이터 부족,데이터 부족,데이터 부족,데이터 부족,데이터 부족,데이터 부족,데이터 부족
1996,남,일반,1500,데이터 부족,데이터 부족,데이터 부족,데이터 부족,데이터 부족,데이터 부족,데이터 부족,데이터 부족,데이터 부족
1996,남,일반,3000,데이터 부족,데이터 부족,데이터 부족,데이터 부족,데이터 부족,데이터 부족,데이터 부족,데이터 부족,데이터 부족
1996,남,중등,500,데이터 부족,데이터 부족,데이터 부족,데이터 부족,데이터 부족,데이터 부족,데이터 부족,데이터 부족,데이터 부족
1996,남,중등,1000,데이터 부족,데이터 부족,데이터 부족,데이터 부족,데이터 부족,데이터 부족,데이터 부족,데이터 부족,데이터 부족
1996,남,중등,1500,12,154.224,160.389,164.64,178.38,203.175,5.0,11.0,15.0
1996,남,중등,3000,12,317.276,331.788,340.655,398.185,416.506,5.0,9.0,13.5
1996,남,초등,500,29,47.474,47.705,48.865,50.575,52.937,6.0,10.5,19.75
1996,남,초등,1000,29,101.618,103.55,104.08,109.17,112.406,5.0,13.0,22.0
1996,남,초등,1500,데이터 부족,데이터 부족,데이터 부족,데이터 부족,데이터 부족,데이터 부족,데이터 부족,데이터 부족,데이터 부족
1996,남,초등,2000,데이터 부족,데이터 부족,데이터 부족,데이터 부족,데이터 부족,데이터 부족,데이터 부족,데이터 부족,데이터 부족
1996,남,초등,3000,데이터 부족,데이터 부족,데이터 부족,데이터 부족,데이터 부족,데이터 부족,데이터 부족,데이터 부족,데이터 부족
1996,여,고등,500,데이터 부족,데이터 부족,데이터 부족,데이터 부족,데이터 부족,데이터 부족,데이터 부족,데이터 부족,데이터 부족
1996,여,고등,1000,데이터 부족,데이터 부족,데이터 부족,데이터 부족,데이터 부족,데이터 부족,데이터 부족,데이터 부족,데이터 부족
1996,여,고등,1500,데이터 부족,데이터 부족,데이터 부족,데이터 부족,데이터 부족,데이터 부족,데이터 부족,데이터 부족,데이터 부족
1996,여,고등,3000,데이터 부족,데이터 부족,데이터 부족,데이터 부족,데이터 부족,데이터 부족,데이터 부족,데이터 부족,데이터 부족
1996,여,대학,500,데이터 부족,데이터 부족,데이터 부족,데이터 부족,데이터 부족,데이터 부족,데이터 부족,데이터 부족,데이터 부족
1996,여,대학,1000,데이터 부족,데이터 부족,데이터 부족,데이터 부족,데이터 부족,데이터 부족,데이터 부족,데이터 부족,데이터 부족
1996,여,대학,1500,데이터 부족,데이터 부족,데이터 부족,데이터 부족,데이터 부족,데이터 부족,데이터 부족,데이터 부족,데이터 부족
1996,여,대학,3000,데이터 부족,데이터 부족,데이터 부족,데이터 부족,데이터 부족,데이터 부족,데이터 부족,데이터 부족,데이터 부족
1996,여,오픈,500,데이터 부족,데이터 부족,데이터 부족,데이터 부족,데이터 부족,데이터 부족,데이터 부족,데이터 부족,데이터 부족
1996,여,오픈,1000,데이터 부족,데이터 부족,데이터 부족,데이터 부족,데이터 부족,데이터 부족,데이터 부족,데이터 부족,데이터 부족
1996,여,오픈,1500,데이터 부족,데이터 부족,데이터 부족,데이터 부족,데이터 부족,데이터 부족,데이터 부족,데이터 부족,데이터 부족
1996,여,오픈,3000,데이터 부족,데이터 부족,데이터 부족,데이터 부족,데이터 부족,데이터 부족,데이터 부족,데이터 부족,데이터 부족
1996,여,일반,500,데이터 부족,데이터 부족,데이터 부족,데이터 부족,데이터 부족,데이터 부족,데이터 부족,데이터 부족,데이터 부족
1996,여,일반,1000,데이터 부족,데이터 부족,데이터 부족,데이터 부족,데이터 부족,데이터 부족,데이터 부족,데이터 부족,데이터 부족
1996,여,일반,1500,데이터 부족,데이터 부족,데이터 부족,데이터 부족,데이터 부족,데이터 부족,데이터 부족,데이터 부족,데이터 부족
1996,여,일반,3000,데이터 부족,데이터 부족,데이터 부족,데이터 부족,데이터 부족,데이터 부족,데이터 부족,데이터 부족,데이터 부족
1996,여,중등,500,데이터 부족,데이터 부족,데이터 부족,데이터 부족,데이터 부족,데이터 부족,데이터 부족,데이터 부족,데이터 부족
1996,여,중등,1000,데이터 부족,데이터 부족,데이터 부족,데이터 부족,데이터 부족,데이터 부족,데이터 부족,데이터 부족,데이터 부족
1996,여,중등,1500,데이터 부족,데이터 부족,데이터 부족,데이터 부족,데이터 부족,데이터 부족,데이터 부족,데이터 부족,데이터 부족
1996,여,중등,3000,데이터 부족,데이터 부족,데이터 부족,데이터 부족,데이터 부족,데이터 부족,데이터 부족,데이터 부족,데이터 부족
1996,여,초등,500,데이터 부족,데이터 부족,데이터 부족,데이터 부족,데이터 부족,데이터 부족,데이터 부족,데이터 부족,데이터 부족
1996,여,초등,1000,데이터 부족,데이터 부족,데이터 부족,데이터 부족,데이터 부족,데이터 부족,데이터 부족,데이터 부족,데이터 부족
1996,여,초등,1500,데이터 부족,데이터 부족,데이터 부족,데이터 부족,데이터 부족,데이터 부족,데이터 부족,데이터 부족,데이터 부족
1996,여,초등,2000,데이터 부족,데이터 부족,데이터 부족,데이터 부족,데이터 부족,데이터 부족,데이터 부족,데이터 부족,데이터 부족
1996,여,초등,3000,데이터 부족,데이터 부족,데이터 부족,데이터 부족,데이터 부족,데이터 부족,데이터 부족,데이터 부족,데이터 부족
1997,남,고등,500,데이터 부족,데이터 부족,데이터 부족,데이터 부족,데이터 부족,데이터 부족,데이터 부족,데이터 부족,데이터 부족
1997,남,고등,1000,16,88.244,89.558,91.022,92.437,95.235,2.0,3.0,6.25
1997,남,고등,1500,15,142.144,144.78,154.891,160.391,169.574,2.0,5.0,7.0
1997,남,고등,3000,15,315.639,331.862,345.775,376.122,398.231,4.0,6.5,9.0
1997,남,대학,500,데이터 부족,데이터 부족,데이터 부족,데이터 부족,데이터 부족,데이터 부족,데이터 부족,데이터 부족,데이터 부족
1997,남,대학,1000,16,87.296,87.951,89.561,92.765,103.452,3.0,4.0,8.0
1997,남,대학,1500,14,148.535,155.832,164.752,169.295,173.445,2.75,4.5,6.25
1997,남,대학,3000,데이터 부족,데이터 부족,데이터 부족,데이터 부족,데이터 부족,데이터 부족,데이터 부족,데이터 부족,데이터 부족
1997,남,오픈,500,데이터 부족,데이터 부족,데이터 부족,데이터 부족,데이터 부족,데이터 부족,데이터 부족,데이터 부족,데이터 부족
1997,남,오픈,1000,데이터 부족,데이터 부족,데이터 부족,데이터 부족,데이터 부족,데이터 부족,데이터 부족,데이터 부족,데이터 부족
1997,남,오픈,1500,데이터 부족,데이터 부족,데이터 부족,데이터 부족,데이터 부족,데이터 부족,데이터 부족,데이터 부족,데이터 부족
1997,남,오픈,3000,데이터 부족,데이터 부족,데이터 부족,데이터 부족,데이터 부족,데이터 부족,데이터 부족,데이터 부족,데이터 부족
1997,남,일반,500,데이터 부족,데이터 부족,데이터 부족,데이터 부족,데이터 부족,데이터 부족,데이터 부족,데이터 부족,데이터 부족
1997,남,일반,1000,데이터 부족,데이터 부족,데이터 부족,데이터 부족,데이터 부족,데이터 부족,데이터 부족,데이터 부족,데이터 부족
1997,남,일반,1500,데이터 부족,데이터 부족,데이터 부족,데이터 부족,데이터 부족,데이터 부족,데이터 부족,데이터 부족,데이터 부족
1997,남,일반,3000,데이터 부족,데이터 부족,데이터 부족,데이터 부족,데이터 부족,데이터 부족,데이터 부족,데이터 부족,데이터 부족
1997,남,중등,500,데이터 부족,데이터 부족,데이터 부족,데이터 부족,데이터 부족,데이터 부족,데이터 부족,데이터 부족,데이터 부족
1997,남,중등,1000,14,90.922,92.262,94.955,97.251,99.861,2.0,5.0,8.5
1997,남,중등,1500,17,146.351,149.745,156.832,167.048,181.163,4.0,9.5,17.0
1997,남,중등,3000,15,329.531,333.826,352.117,397.688,415.8,4.75,9.0,15.25
1997,남,초등,500,35,47.185,47.657,48.615,51.058,56.348,6.5,16.0,23.0
1997,남,초등,1000,39,101.168,102.72,104.17,110.36,114.774,7.25,16.0,23.0
1997,남,초등,1500,데이터 부족,데이터 부족,데이터 부족,데이터 부족,데이터 부족,데이터 부족,데이터 부족,데이터 부족,데이터 부족
1997,남,초등,2000,데이터 부족,데이터 부족,데이터 부족,데이터 부족,데이터 부족,데이터 부족,데이터 부족,데이터 부족,데이터 부족
1997,남,초등,3000,데이터 부족,데이터 부족,데이터 부족,데이터 부족,데이터 부족,데이터 부족,데이터 부족,데이터 부족,데이터 부족
1997,여,고등,500,데이터 부족,데이터 부족,데이터 부족,데이터 부족,데이터 부족,데이터 부족,데이터 부족,데이터 부족,데이터 부족
1997,여,고등,1000,13,95.038,95.484,96.725,101.355,110.851,2.5,4.0,6.5
1997,여,고등,1500,11,151.672,161.427,170.521,184.052,194.71,2.25,4.0,5.75
1997,여,고등,3000,데이터 부족,데이터 부족,데이터 부족,데이터 부족,데이터 부족,데이터 부족,데이터 부족,데이터 부족,데이터 부족
1997,여,대학,500,데이터 부족,데이터 부족,데이터 부족,데이터 부족,데이터 부족,데이터 부족,데이터 부족,데이터 부족,데이터 부족
1997,여,대학,1000,데이터 부족,데이터 부족,데이터 부족,데이터 부족,데이터 부족,데이터 부족,데이터 부족,데이터 부족,데이터 부족
1997,여,대학,1500,데이터 부족,데이터 부족,데이터 부족,데이터 부족,데이터 부족,데이터 부족,데이터 부족,데이터 부족,데이터 부족
1997,여,대학,3000,데이터 부족,데이터 부족,데이터 부족,데이터 부족,데이터 부족,데이터 부족,데이터 부족,데이터 부족,데이터 부족
1997,여,오픈,500,데이터 부족,데이터 부족,데이터 부족,데이터 부족,데이터 부족,데이터 부족,데이터 부족,데이터 부족,데이터 부족
1997,여,오픈,1000,데이터 부족,데이터 부족,데이터 부족,데이터 부족,데이터 부족,데이터 부족,데이터 부족,데이터 부족,데이터 부족
1997,여,오픈,1500,데이터 부족,데이터 부족,데이터 부족,데이터 부족,데이터 부족,데이터 부족,데이터 부족,데이터 부족,데이터 부족
1997,여,오픈,3000,데이터 부족,데이터 부족,데이터 부족,데이터 부족,데이터 부족,데이터 부족,데이터 부족,데이터 부족,데이터 부족
1997,여,일반,500,데이터 부족,데이터 부족,데이터 부족,데이터 부족,데이터 부족,데이터 부족,데이터 부족,데이터 부족,데이터 부족
1997,여,일반,1000,데이터 부족,데이터 부족,데이터 부족,데이터 부족,데이터 부족,데이터 부족,데이터 부족,데이터 부족,데이터 부족
1997,여,일반,1500,데이터 부족,데이터 부족,데이터 부족,데이터 부족,데이터 부족,데이터 부족,데이터 부족,데이터 부족,데이터 부족
1997,여,일반,3000,데이터 부족,데이터 부족,데이터 부족,데이터 부족,데이터 부족,데이터 부족,데이터 부족,데이터 부족,데이터 부족
1997,여,중등,500,14,46.61,46.708,47.653,53.19,58.25,3.0,4.0,9.0
1997,여,중등,1000,15,96.254,96.683,97.249,101.583,116.48,3.0,7.0,13.0
1997,여,중등,1500,13,155.475,158.488,165.786,178.301,185.467,3.0,6.0,11.0
1997,여,중등,3000,데이터 부족,데이터 부족,데이터 부족,데이터 부족,데이터 부족,데이터 부족,데이터 부족,데이터 부족,데이터 부족
1997,여,초등,500,29,48.194,49.025,51.82,56.828,66.179,6.0,10.0,17.0
1997,여,초등,1000,28,102.7,104.127,107.795,115.865,127.945,7.5,16.0,20.0
1997,여,초등,1500,21,164.052,171.34,178.1,184.48,196.19,4.0,9.0,12.0
1997,여,초등,2000,데이터 부족,데이터 부족,데이터 부족,데이터 부족,데이터 부족,데이터 부족,데이터 부족,데이터 부족,데이터 부족
1997,여,초등,3000,데이터 부족,데이터 부족,데이터 부족,데이터 부족,데이터 부족,데이터 부족,데이터 부족,데이터 부족,데이터 부족
1998,남,고등,500,22,42.931,43.345,44.377,47.63,50.167,3.0,6.5,13.0
1998,남,고등,1000,22,89.63,91.305,95.236,99.565,103.801,4.0,10.0,14.5
1998,남,고등,1500,22,145.002,153.01,160.923,169.853,180.333,2.0,10.0,17.0
1998,남,고등,3000,17,309.451,322.639,337.709,383.232,429.615,6.0,8.0,15.0
1998,남,대학,500,데이터 부족,데이터 부족,데이터 부족,데이터 부족,데이터 부족,데이터 부족,데이터 부족,데이터 부족,데이터 부족
1998,남,대학,1000,데이터 부족,데이터 부족,데이터 부족,데이터 부족,데이터 부족,데이터 부족,데이터 부족,데이터 부족,데이터 부족
1998,남,대학,1500,데이터 부족,데이터 부족,데이터 부족,데이터 부족,데이터 부족,데이터 부족,데이터 부족,데이터 부족,데이터 부족
1998,남,대학,3000,데이터 부족,데이터 부족,데이터 부족,데이터 부족,데이터 부족,데이터 부족,데이터 부족,데이터 부족,데이터 부족
1998,남,오픈,500,데이터 부족,데이터 부족,데이터 부족,데이터 부족,데이터 부족,데이터 부족,데이터 부족,데이터 부족,데이터 부족
1998,남,오픈,1000,데이터 부족,데이터 부족,데이터 부족,데이터 부족,데이터 부족,데이터 부족,데이터 부족,데이터 부족,데이터 부족
1998,남,오픈,1500,데이터 부족,데이터 부족,데이터 부족,데이터 부족,데이터 부족,데이터 부족,데이터 부족,데이터 부족,데이터 부족
1998,남,오픈,3000,데이터 부족,데이터 부족,데이터 부족,데이터 부족,데이터 부족,데이터 부족,데이터 부족,데이터 부족,데이터 부족
1998,남,일반,500,데이터 부족,데이터 부족,데이터 부족,데이터 부족,데이터 부족,데이터 부족,데이터 부족,데이터 부족,데이터 부족
1998,남,일반,1000,데이터 부족,데이터 부족,데이터 부족,데이터 부족,데이터 부족,데이터 부족,데이터 부족,데이터 부족,데이터 부족
1998,남,일반,1500,데이터 부족,데이터 부족,데이터 부족,데이터 부족,데이터 부족,데이터 부족,데이터 부족,데이터 부족,데이터 부족
1998,남,일반,3000,데이터 부족,데이터 부족,데이터 부족,데이터 부족,데이터 부족,데이터 부족,데이터 부족,데이터 부족,데이터 부족
1998,남,중등,500,18,44.123,44.745,45.763,48.05,51.678,4.0,7.5,12.0
1998,남,중등,1000,23,92.21,94.053,97.049,101.117,104.338,4.0,12.0,16.0
1998,남,중등,1500,21,151.754,158.68,163.093,175.321,183.786,5.25,12.5,19.75
1998,남,중등,3000,17,325.967,343.695,353.853,378.742,396.737,4.75,10.5,14.0
1998,남,초등,500,42,47.78,48.23,50.63,54.595,59.19,8.5,15.0,22.5
1998,남,초등,1000,49,102.51,104.09,107.98,111.07,117.03,12.0,17.5,27.0
1998,남,초등,1500,36,170.424,174.192,178.855,190.535,216.785,11.0,17.5,24.0
1998,남,초등,2000,데이터 부족,데이터 부족,데이터 부족,데이터 부족,데이터 부족,데이터 부족,데이터 부족,데이터 부족,데이터 부족
1998,남,초등,3000,데이터 부족,데이터 부족,데이터 부족,데이터 부족,데이터 부족,데이터 부족,데이터 부족,데이터 부족,데이터 부족
1998,여,고등,500,데이터 부족,데이터 부족,데이터 부족,데이터 부족,데이터 부족,데이터 부족,데이터 부족,데이터 부족,데이터 부족
1998,여,고등,1000,데이터 부족,데이터 부족,데이터 부족,데이터 부족,데이터 부족,데이터 부족,데이터 부족,데이터 부족,데이터 부족
1998,여,고등,1500,데이터 부족,데이터 부족,데이터 부족,데이터 부족,데이터 부족,데이터 부족,데이터 부족,데이터 부족,데이터 부족
1998,여,고등,3000,데이터 부족,데이터 부족,데이터 부족,데이터 부족,데이터 부족,데이터 부족,데이터 부족,데이터 부족,데이터 부족
1998,여,대학,500,데이터 부족,데이터 부족,데이터 부족,데이터 부족,데이터 부족,데이터 부족,데이터 부족,데이터 부족,데이터 부족
1998,여,대학,1000,데이터 부족,데이터 부족,데이터 부족,데이터 부족,데이터 부족,데이터 부족,데이터 부족,데이터 부족,데이터 부족
1998,여,대학,1500,데이터 부족,데이터 부족,데이터 부족,데이터 부족,데이터 부족,데이터 부족,데이터 부족,데이터 부족,데이터 부족
1998,여,대학,3000,데이터 부족,데이터 부족,데이터 부족,데이터 부족,데이터 부족,데이터 부족,데이터 부족,데이터 부족,데이터 부족
1998,여,오픈,500,데이터 부족,데이터 부족,데이터 부족,데이터 부족,데이터 부족,데이터 부족,데이터 부족,데이터 부족,데이터 부족
1998,여,오픈,1000,데이터 부족,데이터 부족,데이터 부족,데이터 부족,데이터 부족,데이터 부족,데이터 부족,데이터 부족,데이터 부족
1998,여,오픈,1500,데이터 부족,데이터 부족,데이터 부족,데이터 부족,데이터 부족,데이터 부족,데이터 부족,데이터 부족,데이터 부족
1998,여,오픈,3000,데이터 부족,데이터 부족,데이터 부족,데이터 부족,데이터 부족,데이터 부족,데이터 부족,데이터 부족,데이터 부족
1998,여,일반,500,데이터 부족,데이터 부족,데이터 부족,데이터 부족,데이터 부족,데이터 부족,데이터 부족,데이터 부족,데이터 부족
1998,여,일반,1000,데이터 부족,데이터 부족,데이터 부족,데이터 부족,데이터 부족,데이터 부족,데이터 부족,데이터 부족,데이터 부족
1998,여,일반,1500,데이터 부족,데이터 부족,데이터 부족,데이터 부족,데이터 부족,데이터 부족,데이터 부족,데이터 부족,데이터 부족
1998,여,일반,3000,데이터 부족,데이터 부족,데이터 부족,데이터 부족,데이터 부족,데이터 부족,데이터 부족,데이터 부족,데이터 부족
1998,여,중등,500,데이터 부족,데이터 부족,데이터 부족,데이터 부족,데이터 부족,데이터 부족,데이터 부족,데이터 부족,데이터 부족
1998,여,중등,1000,12,96.435,100.18,103.862,108.986,115.469,3.0,9.5,13.25
1998,여,중등,1500,12,157.685,163.298,172.24,176.196,186.858,6.0,12.0,15.0
1998,여,중등,3000,데이터 부족,데이터 부족,데이터 부족,데이터 부족,데이터 부족,데이터 부족,데이터 부족,데이터 부족,데이터 부족
1998,여,초등,500,데이터 부족,데이터 부족,데이터 부족,데이터 부족,데이터 부족,데이터 부족,데이터 부족,데이터 부족,데이터 부족
1998,여,초등,1000,21,104.674,106.718,109.545,113.347,129.985,5.5,12.0,20.0
1998,여,초등,1500,데이터 부족,데이터 부족,데이터 부족,데이터 부족,데이터 부족,데이터 부족,데이터 부족,데이터 부족,데이터 부족
1998,여,초등,2000,데이터 부족,데이터 부족,데이터 부족,데이터 부족,데이터 부족,데이터 부족,데이터 부족,데이터 부족,데이터 부족
1998,여,초등,3000,데이터 부족,데이터 부족,데이터 부족,데이터 부족,데이터 부족,데이터 부족,데이터 부족,데이터 부족,데이터 부족
1999,남,고등,500,데이터 부족,데이터 부족,데이터 부족,데이터 부족,데이터 부족,데이터 부족,데이터 부족,데이터 부족,데이터 부족
1999,남,고등,1000,15,88.66,90.482,92.154,96.003,98.816,2.0,3.0,8.0
1999,남,고등,1500,14,153.527,158.88,165.009,172.576,180.06,3.0,5.0,13.0
1999,남,고등,3000,데이터 부족,데이터 부족,데이터 부족,데이터 부족,데이터 부족,데이터 부족,데이터 부족,데이터 부족,데이터 부족
1999,남,대학,500,데이터 부족,데이터 부족,데이터 부족,데이터 부족,데이터 부족,데이터 부족,데이터 부족,데이터 부족,데이터 부족
1999,남,대학,1000,데이터 부족,데이터 부족,데이터 부족,데이터 부족,데이터 부족,데이터 부족,데이터 부족,데이터 부족,데이터 부족
1999,남,대학,1500,데이터 부족,데이터 부족,데이터 부족,데이터 부족,데이터 부족,데이터 부족,데이터 부족,데이터 부족,데이터 부족
1999,남,대학,3000,데이터 부족,데이터 부족,데이터 부족,데이터 부족,데이터 부족,데이터 부족,데이터 부족,데이터 부족,데이터 부족
1999,남,오픈,500,데이터 부족,데이터 부족,데이터 부족,데이터 부족,데이터 부족,데이터 부족,데이터 부족,데이터 부족,데이터 부족
1999,남,오픈,1000,데이터 부족,데이터 부족,데이터 부족,데이터 부족,데이터 부족,데이터 부족,데이터 부족,데이터 부족,데이터 부족
1999,남,오픈,1500,데이터 부족,데이터 부족,데이터 부족,데이터 부족,데이터 부족,데이터 부족,데이터 부족,데이터 부족,데이터 부족
1999,남,오픈,3000,데이터 부족,데이터 부족,데이터 부족,데이터 부족,데이터 부족,데이터 부족,데이터 부족,데이터 부족,데이터 부족
1999,남,일반,500,데이터 부족,데이터 부족,데이터 부족,데이터 부족,데이터 부족,데이터 부족,데이터 부족,데이터 부족,데이터 부족
1999,남,일반,1000,데이터 부족,데이터 부족,데이터 부족,데이터 부족,데이터 부족,데이터 부족,데이터 부족,데이터 부족,데이터 부족
1999,남,일반,1500,데이터 부족,데이터 부족,데이터 부족,데이터 부족,데이터 부족,데이터 부족,데이터 부족,데이터 부족,데이터 부족
1999,남,일반,3000,데이터 부족,데이터 부족,데이터 부족,데이터 부족,데이터 부족,데이터 부족,데이터 부족,데이터 부족,데이터 부족
1999,남,중등,500,15,43.341,43.716,44.725,49.988,52.853,2.0,4.0,9.0
1999,남,중등,1000,21,91.94,93.76,98.032,102.271,107.848,2.0,4.0,10.0
1999,남,중등,1500,19,155.33,159.279,168.775,179.05,190.851,2.0,6.0,18.5
1999,남,중등,3000,18,340.295,347.787,375.515,399.805,420.184,2.0,3.0,9.5
1999,남,초등,500,30,47.19,47.812,50.676,56.555,61.073,11.0,16.5,25.75
1999,남,초등,1000,35,102.76,105.4,111.79,118.83,126.11,12.0,19.0,26.75
1999,남,초등,1500,33,166.234,170.16,179.04,187.97,194.437,7.0,13.0,20.0
1999,남,초등,2000,데이터 부족,데이터 부족,데이터 부족,데이터 부족,데이터 부족,데이터 부족,데이터 부족,데이터 부족,데이터 부족
1999,남,초등,3000,데이터 부족,데이터 부족,데이터 부족,데이터 부족,데이터 부족,데이터 부족,데이터 부족,데이터 부족,데이터 부족
1999,여,고등,500,데이터 부족,데이터 부족,데이터 부족,데이터 부족,데이터 부족,데이터 부족,데이터 부족,데이터 부족,데이터 부족
1999,여,고등,1000,12,95.599,96.546,98.988,102.098,113.177,2.0,3.0,6.75
1999,여,고등,1500,데이터 부족,데이터 부족,데이터 부족,데이터 부족,데이터 부족,데이터 부족,데이터 부족,데이터 부족,데이터 부족
1999,여,고등,3000,데이터 부족,데이터 부족,데이터 부족,데이터 부족,데이터 부족,데이터 부족,데이터 부족,데이터 부족,데이터 부족
1999,여,대학,500,데이터 부족,데이터 부족,데이터 부족,데이터 부족,데이터 부족,데이터 부족,데이터 부족,데이터 부족,데이터 부족
1999,여,대학,1000,데이터 부족,데이터 부족,데이터 부족,데이터 부족,데이터 부족,데이터 부족,데이터 부족,데이터 부족,데이터 부족
1999,여,대학,1500,데이터 부족,데이터 부족,데이터 부족,데이터 부족,데이터 부족,데이터 부족,데이터 부족,데이터 부족,데이터 부족
1999,여,대학,3000,데이터 부족,데이터 부족,데이터 부족,데이터 부족,데이터 부족,데이터 부족,데이터 부족,데이터 부족,데이터 부족
1999,여,오픈,500,데이터 부족,데이터 부족,데이터 부족,데이터 부족,데이터 부족,데이터 부족,데이터 부족,데이터 부족,데이터 부족
1999,여,오픈,1000,데이터 부족,데이터 부족,데이터 부족,데이터 부족,데이터 부족,데이터 부족,데이터 부족,데이터 부족,데이터 부족
1999,여,오픈,1500,데이터 부족,데이터 부족,데이터 부족,데이터 부족,데이터 부족,데이터 부족,데이터 부족,데이터 부족,데이터 부족
1999,여,오픈,3000,데이터 부족,데이터 부족,데이터 부족,데이터 부족,데이터 부족,데이터 부족,데이터 부족,데이터 부족,데이터 부족
1999,여,일반,500,데이터 부족,데이터 부족,데이터 부족,데이터 부족,데이터 부족,데이터 부족,데이터 부족,데이터 부족,데이터 부족
1999,여,일반,1000,데이터 부족,데이터 부족,데이터 부족,데이터 부족,데이터 부족,데이터 부족,데이터 부족,데이터 부족,데이터 부족
1999,여,일반,1500,데이터 부족,데이터 부족,데이터 부족,데이터 부족,데이터 부족,데이터 부족,데이터 부족,데이터 부족,데이터 부족
1999,여,일반,3000,데이터 부족,데이터 부족,데이터 부족,데이터 부족,데이터 부족,데이터 부족,데이터 부족,데이터 부족,데이터 부족
1999,여,중등,500,19,46.222,46.629,47.853,52.838,57.484,2.0,3.0,11.5
1999,여,중등,1000,17,96.511,98.415,103.152,107.616,117.843,3.0,5.0,9.0
1999,여,중등,1500,13,158.452,165.864,177.03,183.013,186.628,2.5,5.0,8.5
1999,여,중등,3000,데이터 부족,데이터 부족,데이터 부족,데이터 부족,데이터 부족,데이터 부족,데이터 부족,데이터 부족,데이터 부족
1999,여,초등,500,27,48.945,50.356,51.794,56.538,60.41,7.0,13.0,18.0
1999,여,초등,1000,28,102.727,105.75,110.155,113.071,120.297,7.0,11.0,17.0
1999,여,초등,1500,22,166.6,176.81,178.65,188.218,201.509,5.0,11.0,16.0
1999,여,초등,2000,데이터 부족,데이터 부족,데이터 부족,데이터 부족,데이터 부족,데이터 부족,데이터 부족,데이터 부족,데이터 부족
1999,여,초등,3000,데이터 부족,데이터 부족,데이터 부족,데이터 부족,데이터 부족,데이터 부족,데이터 부족,데이터 부족,데이터 부족
2000,남,고등,500,데이터 부족,데이터 부족,데이터 부족,데이터 부족,데이터 부족,데이터 부족,데이터 부족,데이터 부족,데이터 부족
2000,남,고등,1000,18,89.253,90.898,92.47,97.25,101.116,3.0,4.0,9.0
2000,남,고등,1500,18,147.974,151.131,162.481,173.408,179.683,3.0,4.0,7.0
2000,남,고등,3000,15,292.971,305.328,342.748,394.863,439.063,3.0,5.0,8.0
2000,남,대학,500,데이터 부족,데이터 부족,데이터 부족,데이터 부족,데이터 부족,데이터 부족,데이터 부족,데이터 부족,데이터 부족
2000,남,대학,1000,데이터 부족,데이터 부족,데이터 부족,데이터 부족,데이터 부족,데이터 부족,데이터 부족,데이터 부족,데이터 부족
2000,남,대학,1500,데이터 부족,데이터 부족,데이터 부족,데이터 부족,데이터 부족,데이터 부족,데이터 부족,데이터 부족,데이터 부족
2000,남,대학,3000,데이터 부족,데이터 부족,데이터 부족,데이터 부족,데이터 부족,데이터 부족,데이터 부족,데이터 부족,데이터 부족
2000,남,오픈,500,데이터 부족,데이터 부족,데이터 부족,데이터 부족,데이터 부족,데이터 부족,데이터 부족,데이터 부족,데이터 부족
2000,남,오픈,1000,데이터 부족,데이터 부족,데이터 부족,데이터 부족,데이터 부족,데이터 부족,데이터 부족,데이터 부족,데이터 부족
2000,남,오픈,1500,데이터 부족,데이터 부족,데이터 부족,데이터 부족,데이터 부족,데이터 부족,데이터 부족,데이터 부족,데이터 부족
2000,남,오픈,3000,데이터 부족,데이터 부족,데이터 부족,데이터 부족,데이터 부족,데이터 부족,데이터 부족,데이터 부족,데이터 부족
2000,남,일반,500,데이터 부족,데이터 부족,데이터 부족,데이터 부족,데이터 부족,데이터 부족,데이터 부족,데이터 부족,데이터 부족
2000,남,일반,1000,데이터 부족,데이터 부족,데이터 부족,데이터 부족,데이터 부족,데이터 부족,데이터 부족,데이터 부족,데이터 부족
2000,남,일반,1500,데이터 부족,데이터 부족,데이터 부족,데이터 부족,데이터 부족,데이터 부족,데이터 부족,데이터 부족,데이터 부족
2000,남,일반,3000,데이터 부족,데이터 부족,데이터 부족,데이터 부족,데이터 부족,데이터 부족,데이터 부족,데이터 부족,데이터 부족
2000,남,중등,500,20,43.794,44.226,45.487,48.523,56.814,2.0,4.0,9.0
2000,남,중등,1000,24,92.207,94.267,96.301,99.699,103.502,3.0,5.5,12.75
2000,남,중등,1500,26,157.314,165.283,175.076,184.566,194.163,3.75,7.5,16.25
2000,남,중등,3000,19,342.575,362.469,380.592,413.848,434.299,3.25,6.0,10.0
2000,남,초등,500,41,47.234,48.45,50.017,52.681,56.038,4.0,12.0,22.0
2000,남,초등,1000,45,100.478,102.018,105.965,110.224,117.987,4.0,11.0,24.0
2000,남,초등,1500,38,167.117,172.095,183.171,189.767,200.362,3.5,8.0,19.5
2000,남,초등,2000,19,225.105,235.802,251.098,258.248,272.79,4.25,8.5,18.5
2000,남,초등,3000,데이터 부족,데이터 부족,데이터 부족,데이터 부족,데이터 부족,데이터 부족,데이터 부족,데이터 부족,데이터 부족
2000,여,고등,500,데이터 부족,데이터 부족,데이터 부족,데이터 부족,데이터 부족,데이터 부족,데이터 부족,데이터 부족,데이터 부족
2000,여,고등,1000,데이터 부족,데이터 부족,데이터 부족,데이터 부족,데이터 부족,데이터 부족,데이터 부족,데이터 부족,데이터 부족
2000,여,고등,1500,12,160.562,172.349,177.949,188.692,201.431,2.0,4.0,6.0
2000,여,고등,3000,11,300.746,339.235,372.534,428.993,475.334,3.0,5.0,7.0
2000,여,대학,500,데이터 부족,데이터 부족,데이터 부족,데이터 부족,데이터 부족,데이터 부족,데이터 부족,데이터 부족,데이터 부족
2000,여,대학,1000,데이터 부족,데이터 부족,데이터 부족,데이터 부족,데이터 부족,데이터 부족,데이터 부족,데이터 부족,데이터 부족
2000,여,대학,1500,데이터 부족,데이터 부족,데이터 부족,데이터 부족,데이터 부족,데이터 부족,데이터 부족,데이터 부족,데이터 부족
2000,여,대학,3000,데이터 부족,데이터 부족,데이터 부족,데이터 부족,데이터 부족,데이터 부족,데이터 부족,데이터 부족,데이터 부족
2000,여,오픈,500,데이터 부족,데이터 부족,데이터 부족,데이터 부족,데이터 부족,데이터 부족,데이터 부족,데이터 부족,데이터 부족
2000,여,오픈,1000,데이터 부족,데이터 부족,데이터 부족,데이터 부족,데이터 부족,데이터 부족,데이터 부족,데이터 부족,데이터 부족
2000,여,오픈,1500,데이터 부족,데이터 부족,데이터 부족,데이터 부족,데이터 부족,데이터 부족,데이터 부족,데이터 부족,데이터 부족
2000,여,오픈,3000,데이터 부족,데이터 부족,데이터 부족,데이터 부족,데이터 부족,데이터 부족,데이터 부족,데이터 부족,데이터 부족
2000,여,일반,500,데이터 부족,데이터 부족,데이터 부족,데이터 부족,데이터 부족,데이터 부족,데이터 부족,데이터 부족,데이터 부족
2000,여,일반,1000,데이터 부족,데이터 부족,데이터 부족,데이터 부족,데이터 부족,데이터 부족,데이터 부족,데이터 부족,데이터 부족
2000,여,일반,1500,데이터 부족,데이터 부족,데이터 부족,데이터 부족,데이터 부족,데이터 부족,데이터 부족,데이터 부족,데이터 부족
2000,여,일반,3000,데이터 부족,데이터 부족,데이터 부족,데이터 부족,데이터 부족,데이터 부족,데이터 부족,데이터 부족,데이터 부족
2000,여,중등,500,16,46.604,46.935,47.909,50.373,56.215,3.75,5.5,9.0
2000,여,중등,1000,16,96.418,98.347,100.822,105.938,113.066,2.0,4.0,10.0
2000,여,중등,1500,16,159.257,165.534,177.53,186.582,194.209,4.0,5.0,10.5
2000,여,중등,3000,13,330.841,381.627,405.504,435.837,479.121,3.0,5.0,7.0
2000,여,초등,500,29,48.529,48.949,50.343,54.0,59.549,3.0,9.0,14.0
2000,여,초등,1000,30,100.963,103.954,106.0,110.955,119.17,3.0,8.0,17.0
2000,여,초등,1500,21,163.959,173.734,180.444,187.544,197.123,3.75,6.0,12.25
2000,여,초등,2000,12,222.416,230.32,243.535,249.786,253.924,4.5,7.0,12.5
2000,여,초등,3000,데이터 부족,데이터 부족,데이터 부족,데이터 부족,데이터 부족,데이터 부족,데이터 부족,데이터 부족,데이터 부족
2001,남,고등,500,데이터 부족,데이터 부족,데이터 부족,데이터 부족,데이터 부족,데이터 부족,데이터 부족,데이터 부족,데이터 부족
2001,남,고등,1000,11,89.219,90.168,91.517,94.266,97.118,1.0,3.0,5.0
2001,남,고등,1500,데이터 부족,데이터 부족,데이터 부족,데이터 부족,데이터 부족,데이터 부족,데이터 부족,데이터 부족,데이터 부족
2001,남,고등,3000,데이터 부족,데이터 부족,데이터 부족,데이터 부족,데이터 부족,데이터 부족,데이터 부족,데이터 부족,데이터 부족
2001,남,대학,500,데이터 부족,데이터 부족,데이터 부족,데이터 부족,데이터 부족,데이터 부족,데이터 부족,데이터 부족,데이터 부족
2001,남,대학,1000,데이터 부족,데이터 부족,데이터 부족,데이터 부족,데이터 부족,데이터 부족,데이터 부족,데이터 부족,데이터 부족
2001,남,대학,1500,데이터 부족,데이터 부족,데이터 부족,데이터 부족,데이터 부족,데이터 부족,데이터 부족,데이터 부족,데이터 부족
2001,남,대학,3000,데이터 부족,데이터 부족,데이터 부족,데이터 부족,데이터 부족,데이터 부족,데이터 부족,데이터 부족,데이터 부족
2001,남,오픈,500,데이터 부족,데이터 부족,데이터 부족,데이터 부족,데이터 부족,데이터 부족,데이터 부족,데이터 부족,데이터 부족
2001,남,오픈,1000,데이터 부족,데이터 부족,데이터 부족,데이터 부족,데이터 부족,데이터 부족,데이터 부족,데이터 부족,데이터 부족
2001,남,오픈,1500,데이터 부족,데이터 부족,데이터 부족,데이터 부족,데이터 부족,데이터 부족,데이터 부족,데이터 부족,데이터 부족
2001,남,오픈,3000,데이터 부족,데이터 부족,데이터 부족,데이터 부족,데이터 부족,데이터 부족,데이터 부족,데이터 부족,데이터 부족
2001,남,일반,500,데이터 부족,데이터 부족,데이터 부족,데이터 부족,데이터 부족,데이터 부족,데이터 부족,데이터 부족,데이터 부족
2001,남,일반,1000,데이터 부족,데이터 부족,데이터 부족,데이터 부족,데이터 부족,데이터 부족,데이터 부족,데이터 부족,데이터 부족
2001,남,일반,1500,데이터 부족,데이터 부족,데이터 부족,데이터 부족,데이터 부족,데이터 부족,데이터 부족,데이터 부족,데이터 부족
2001,남,일반,3000,데이터 부족,데이터 부족,데이터 부족,데이터 부족,데이터 부족,데이터 부족,데이터 부족,데이터 부족,데이터 부족
2001,남,중등,500,14,43.566,44.435,45.001,46.521,50.984,2.5,4.0,12.5
2001,남,중등,1000,17,93.697,95.127,96.947,99.532,101.113,3.0,4.0,13.5
2001,남,중등,1500,16,154.268,164.757,176.338,185.82,201.947,3.25,6.0,19.75
2001,남,중등,3000,15,319.897,347.254,385.304,405.957,452.241,3.0,5.5,12.75
2001,남,초등,500,40,47.255,47.957,49.905,54.73,62.41,4.0,14.0,24.0
2001,남,초등,1000,43,101.525,102.801,107.073,116.981,122.93,4.5,12.0,24.0
2001,남,초등,1500,36,160.958,172.535,182.74,190.481,203.371,5.0,10.0,22.25
2001,남,초등,2000,20,215.654,229.225,245.892,257.639,267.274,4.0,8.0,16.0
2001,여,고등,500,14,45.466,46.021,46.992,48.704,51.638,2.0,4.0,7.0
2001,여,고등,1000,17,95.633,96.951,100.324,103.719,110.989,2.0,4.0,7.5
2001,여,고등,1500,15,172.856,176.287,185.187,196.884,219.748,3.0,5.0,8.0
2001,여,고등,3000,데이터 부족,데이터 부족,데이터 부족,데이터 부족,데이터 부족,데이터 부족,데이터 부족,데이터 부족,데이터 부족
2001,여,대학,500,데이터 부족,데이터 부족,데이터 부족,데이터 부족,데이터 부족,데이터 부족,데이터 부족,데이터 부족,데이터 부족
2001,여,대학,1000,데이터 부족,데이터 부족,데이터 부족,데이터 부족,데이터 부족,데이터 부족,데이터 부족,데이터 부족,데이터 부족
2001,여,대학,1500,데이터 부족,데이터 부족,데이터 부족,데이터 부족,데이터 부족,데이터 부족,데이터 부족,데이터 부족,데이터 부족
2001,여,대학,3000,데이터 부족,데이터 부족,데이터 부족,데이터 부족,데이터 부족,데이터 부족,데이터 부족,데이터 부족,데이터 부족
2001,여,오픈,500,데이터 부족,데이터 부족,데이터 부족,데이터 부족,데이터 부족,데이터 부족,데이터 부족,데이터 부족,데이터 부족
2001,여,오픈,1000,데이터 부족,데이터 부족,데이터 부족,데이터 부족,데이터 부족,데이터 부족,데이터 부족,데이터 부족,데이터 부족
2001,여,오픈,1500,데이터 부족,데이터 부족,데이터 부족,데이터 부족,데이터 부족,데이터 부족,데이터 부족,데이터 부족,데이터 부족
2001,여,오픈,3000,데이터 부족,데이터 부족,데이터 부족,데이터 부족,데이터 부족,데이터 부족,데이터 부족,데이터 부족,데이터 부족
2001,여,일반,500,데이터 부족,데이터 부족,데이터 부족,데이터 부족,데이터 부족,데이터 부족,데이터 부족,데이터 부족,데이터 부족
2001,여,일반,1000,데이터 부족,데이터 부족,데이터 부족,데이터 부족,데이터 부족,데이터 부족,데이터 부족,데이터 부족,데이터 부족
2001,여,일반,1500,데이터 부족,데이터 부족,데이터 부족,데이터 부족,데이터 부족,데이터 부족,데이터 부족,데이터 부족,데이터 부족
2001,여,일반,3000,데이터 부족,데이터 부족,데이터 부족,데이터 부족,데이터 부족,데이터 부족,데이터 부족,데이터 부족,데이터 부족
2001,여,중등,500,22,45.866,46.771,47.82,50.18,54.256,2.0,4.0,11.5
2001,여,중등,1000,23,97.333,99.864,103.519,108.264,114.092,3.0,6.0,14.0
2001,여,중등,1500,20,155.935,164.372,178.011,187.843,199.897,3.0,6.0,13.0
2001,여,중등,3000,16,337.444,378.332,417.454,469.29,492.801,3.0,5.0,9.75
2001,여,초등,500,36,46.667,48.023,49.195,52.907,57.821,3.0,6.5,14.0
2001,여,초등,1000,34,101.023,103.167,105.665,112.317,117.261,3.0,7.0,14.5
2001,여,초등,1500,27,163.61,168.071,177.657,184.6,189.56,3.0,6.0,9.5
2001,여,초등,2000,13,219.077,233.095,244.876,260.982,264.13,3.0,5.0,9.0
2002,남,고등,500,18,42.746,43.644,44.25,45.412,45.723,2.0,3.0,9.75
2002,남,고등,1000,18,89.318,90.458,91.732,93.373,94.535,3.0,4.5,12.25
2002,남,고등,1500,18,148.637,152.317,159.97,164.126,175.753,4.0,6.0,11.5
2002,남,고등,3000,데이터 부족,데이터 부족,데이터 부족,데이터 부족,데이터 부족,데이터 부족,데이터 부족,데이터 부족,데이터 부족
2002,남,대학,500,13,41.955,42.425,42.849,43.278,44.763,2.0,3.0,5.0
2002,남,대학,1000,데이터 부족,데이터 부족,데이터 부족,데이터 부족,데이터 부족,데이터 부족,데이터 부족,데이터 부족,데이터 부족
2002,남,대학,1500,데이터 부족,데이터 부족,데이터 부족,데이터 부족,데이터 부족,데이터 부족,데이터 부족,데이터 부족,데이터 부족
2002,남,대학,3000,데이터 부족,데이터 부족,데이터 부족,데이터 부족,데이터 부족,데이터 부족,데이터 부족,데이터 부족,데이터 부족
2002,남,오픈,500,데이터 부족,데이터 부족,데이터 부족,데이터 부족,데이터 부족,데이터 부족,데이터 부족,데이터 부족,데이터 부족
2002,남,오픈,1000,16,85.243,86.055,87.522,89.459,92.889,2.0,3.0,4.0
2002,남,오픈,1500,16,137.904,140.519,150.521,158.482,165.995,2.0,4.0,6.0
2002,남,오픈,3000,데이터 부족,데이터 부족,데이터 부족,데이터 부족,데이터 부족,데이터 부족,데이터 부족,데이터 부족,데이터 부족
2002,남,일반,500,데이터 부족,데이터 부족,데이터 부족,데이터 부족,데이터 부족,데이터 부족,데이터 부족,데이터 부족,데이터 부족
2002,남,일반,1000,데이터 부족,데이터 부족,데이터 부족,데이터 부족,데이터 부족,데이터 부족,데이터 부족,데이터 부족,데이터 부족
2002,남,일반,1500,데이터 부족,데이터 부족,데이터 부족,데이터 부족,데이터 부족,데이터 부족,데이터 부족,데이터 부족,데이터 부족
2002,남,일반,3000,데이터 부족,데이터 부족,데이터 부족,데이터 부족,데이터 부족,데이터 부족,데이터 부족,데이터 부족,데이터 부족
2002,남,중등,500,30,44.115,44.709,45.717,47.41,50.932,3.0,7.0,14.0
2002,남,중등,1000,33,93.337,95.078,97.359,101.894,110.095,3.0,5.5,15.75
2002,남,중등,1500,33,152.213,156.503,169.269,180.435,186.578,2.0,6.0,19.0
2002,남,중등,3000,27,306.828,328.102,373.533,412.632,433.821,2.25,6.0,15.0
2002,남,초등,500,55,46.33,47.34,49.417,51.625,54.388,3.0,9.0,18.5
2002,남,초등,1000,57,101.941,104.284,107.284,113.7,121.821,3.0,7.0,19.0
2002,남,초등,1500,49,164.26,171.702,180.977,189.214,198.594,3.0,6.0,17.0
2002,남,초등,2000,29,223.864,232.937,245.663,263.053,273.327,3.0,6.0,17.0
2002,여,고등,500,데이터 부족,데이터 부족,데이터 부족,데이터 부족,데이터 부족,데이터 부족,데이터 부족,데이터 부족,데이터 부족
2002,여,고등,1000,데이터 부족,데이터 부족,데이터 부족,데이터 부족,데이터 부족,데이터 부족,데이터 부족,데이터 부족,데이터 부족
2002,여,고등,1500,데이터 부족,데이터 부족,데이터 부족,데이터 부족,데이터 부족,데이터 부족,데이터 부족,데이터 부족,데이터 부족
2002,여,고등,3000,데이터 부족,데이터 부족,데이터 부족,데이터 부족,데이터 부족,데이터 부족,데이터 부족,데이터 부족,데이터 부족
2002,여,대학,500,데이터 부족,데이터 부족,데이터 부족,데이터 부족,데이터 부족,데이터 부족,데이터 부족,데이터 부족,데이터 부족
2002,여,대학,1000,데이터 부족,데이터 부족,데이터 부족,데이터 부족,데이터 부족,데이터 부족,데이터 부족,데이터 부족,데이터 부족
2002,여,대학,1500,데이터 부족,데이터 부족,데이터 부족,데이터 부족,데이터 부족,데이터 부족,데이터 부족,데이터 부족,데이터 부족
2002,여,대학,3000,데이터 부족,데이터 부족,데이터 부족,데이터 부족,데이터 부족,데이터 부족,데이터 부족,데이터 부족,데이터 부족
2002,여,오픈,500,데이터 부족,데이터 부족,데이터 부족,데이터 부족,데이터 부족,데이터 부족,데이터 부족,데이터 부족,데이터 부족
2002,여,오픈,1000,데이터 부족,데이터 부족,데이터 부족,데이터 부족,데이터 부족,데이터 부족,데이터 부족,데이터 부족,데이터 부족
2002,여,오픈,1500,데이터 부족,데이터 부족,데이터 부족,데이터 부족,데이터 부족,데이터 부족,데이터 부족,데이터 부족,데이터 부족
2002,여,오픈,3000,데이터 부족,데이터 부족,데이터 부족,데이터 부족,데이터 부족,데이터 부족,데이터 부족,데이터 부족,데이터 부족
2002,여,일반,500,데이터 부족,데이터 부족,데이터 부족,데이터 부족,데이터 부족,데이터 부족,데이터 부족,데이터 부족,데이터 부족
2002,여,일반,1000,데이터 부족,데이터 부족,데이터 부족,데이터 부족,데이터 부족,데이터 부족,데이터 부족,데이터 부족,데이터 부족
2002,여,일반,1500,데이터 부족,데이터 부족,데이터 부족,데이터 부족,데이터 부족,데이터 부족,데이터 부족,데이터 부족,데이터 부족
2002,여,일반,3000,데이터 부족,데이터 부족,데이터 부족,데이터 부족,데이터 부족,데이터 부족,데이터 부족,데이터 부족,데이터 부족
2002,여,중등,500,19,46.521,47.209,48.636,50.223,51.942,3.0,4.5,11.5
2002,여,중등,1000,17,98.4,100.333,102.782,106.346,112.713,2.5,6.0,12.5
2002,여,중등,1500,15,158.64,164.146,169.36,182.414,200.592,3.0,6.0,9.5
2002,여,중등,3000,데이터 부족,데이터 부족,데이터 부족,데이터 부족,데이터 부족,데이터 부족,데이터 부족,데이터 부족,데이터 부족
2002,여,초등,500,41,48.871,50.117,51.895,54.283,58.255,3.0,9.0,18.0
2002,여,초등,1000,34,103.576,105.675,111.526,116.941,126.39,3.0,9.0,15.0
2002,여,초등,1500,34,167.391,172.707,179.486,190.798,199.613,4.0,6.0,15.0
2002,여,초등,2000,21,232.929,241.737,252.671,274.577,283.528,4.0,6.0,10.0
2003,남,고등,500,16,42.637,43.102,43.843,44.757,46.523,2.0,3.0,5.0
2003,남,고등,1000,18,88.118,89.571,90.306,93.912,107.638,2.0,4.0,8.0
2003,남,고등,1500,데이터 부족,데이터 부족,데이터 부족,데이터 부족,데이터 부족,데이터 부족,데이터 부족,데이터 부족,데이터 부족
2003,남,고등,3000,데이터 부족,데이터 부족,데이터 부족,데이터 부족,데이터 부족,데이터 부족,데이터 부족,데이터 부족,데이터 부족
2003,남,대학,500,데이터 부족,데이터 부족,데이터 부족,데이터 부족,데이터 부족,데이터 부족,데이터 부족,데이터 부족,데이터 부족
2003,남,대학,1000,데이터 부족,데이터 부족,데이터 부족,데이터 부족,데이터 부족,데이터 부족,데이터 부족,데이터 부족,데이터 부족
2003,남,대학,1500,데이터 부족,데이터 부족,데이터 부족,데이터 부족,데이터 부족,데이터 부족,데이터 부족,데이터 부족,데이터 부족
2003,남,대학,3000,데이터 부족,데이터 부족,데이터 부족,데이터 부족,데이터 부족,데이터 부족,데이터 부족,데이터 부족,데이터 부족
2003,남,오픈,500,데이터 부족,데이터 부족,데이터 부족,데이터 부족,데이터 부족,데이터 부족,데이터 부족,데이터 부족,데이터 부족
2003,남,오픈,1000,데이터 부족,데이터 부족,데이터 부족,데이터 부족,데이터 부족,데이터 부족,데이터 부족,데이터 부족,데이터 부족
2003,남,오픈,1500,데이터 부족,데이터 부족,데이터 부족,데이터 부족,데이터 부족,데이터 부족,데이터 부족,데이터 부족,데이터 부족
2003,남,일반,500,데이터 부족,데이터 부족,데이터 부족,데이터 부족,데이터 부족,데이터 부족,데이터 부족,데이터 부족,데이터 부족
2003,남,일반,1000,데이터 부족,데이터 부족,데이터 부족,데이터 부족,데이터 부족,데이터 부족,데이터 부족,데이터 부족,데이터 부족
2003,남,일반,1500,데이터 부족,데이터 부족,데이터 부족,데이터 부족,데이터 부족,데이터 부족,데이터 부족,데이터 부족,데이터 부족
2003,남,일반,3000,데이터 부족,데이터 부족,데이터 부족,데이터 부족,데이터 부족,데이터 부족,데이터 부족,데이터 부족,데이터 부족
2003,남,중등,500,21,43.838,44.63,45.024,46.219,48.409,2.0,4.0,6.5
2003,남,중등,1000,29,94.281,96.222,98.608,102.367,110.804,2.0,6.0,12.5
2003,남,중등,1500,28,152.808,156.68,167.516,176.995,184.46,4.0,11.0,22.5
2003,남,중등,3000,22,293.541,315.181,364.562,388.541,444.343,4.0,8.0,15.0
2003,남,초등,500,65,47.909,49.022,50.759,53.777,58.361,3.0,13.0,21.0
2003,남,초등,1000,66,102.606,104.936,108.317,113.871,119.806,4.0,12.0,19.75
2003,남,초등,1500,63,162.445,170.701,179.796,194.349,205.008,4.0,12.0,19.0
2003,남,초등,2000,40,224.219,232.405,246.472,260.68,286.903,4.0,7.0,16.5
2003,여,고등,500,데이터 부족,데이터 부족,데이터 부족,데이터 부족,데이터 부족,데이터 부족,데이터 부족,데이터 부족,데이터 부족
2003,여,고등,1000,데이터 부족,데이터 부족,데이터 부족,데이터 부족,데이터 부족,데이터 부족,데이터 부족,데이터 부족,데이터 부족
2003,여,고등,1500,데이터 부족,데이터 부족,데이터 부족,데이터 부족,데이터 부족,데이터 부족,데이터 부족,데이터 부족,데이터 부족
2003,여,고등,3000,데이터 부족,데이터 부족,데이터 부족,데이터 부족,데이터 부족,데이터 부족,데이터 부족,데이터 부족,데이터 부족
2003,여,대학,500,데이터 부족,데이터 부족,데이터 부족,데이터 부족,데이터 부족,데이터 부족,데이터 부족,데이터 부족,데이터 부족
2003,여,대학,1000,데이터 부족,데이터 부족,데이터 부족,데이터 부족,데이터 부족,데이터 부족,데이터 부족,데이터 부족,데이터 부족
2003,여,대학,1500,데이터 부족,데이터 부족,데이터 부족,데이터 부족,데이터 부족,데이터 부족,데이터 부족,데이터 부족,데이터 부족
2003,여,대학,3000,데이터 부족,데이터 부족,데이터 부족,데이터 부족,데이터 부족,데이터 부족,데이터 부족,데이터 부족,데이터 부족
2003,여,오픈,500,데이터 부족,데이터 부족,데이터 부족,데이터 부족,데이터 부족,데이터 부족,데이터 부족,데이터 부족,데이터 부족
2003,여,오픈,1000,데이터 부족,데이터 부족,데이터 부족,데이터 부족,데이터 부족,데이터 부족,데이터 부족,데이터 부족,데이터 부족
2003,여,오픈,1500,데이터 부족,데이터 부족,데이터 부족,데이터 부족,데이터 부족,데이터 부족,데이터 부족,데이터 부족,데이터 부족
2003,여,일반,500,데이터 부족,데이터 부족,데이터 부족,데이터 부족,데이터 부족,데이터 부족,데이터 부족,데이터 부족,데이터 부족
2003,여,일반,1000,데이터 부족,데이터 부족,데이터 부족,데이터 부족,데이터 부족,데이터 부족,데이터 부족,데이터 부족,데이터 부족
2003,여,일반,1500,데이터 부족,데이터 부족,데이터 부족,데이터 부족,데이터 부족,데이터 부족,데이터 부족,데이터 부족,데이터 부족
2003,여,중등,500,데이터 부족,데이터 부족,데이터 부족,데이터 부족,데이터 부족,데이터 부족,데이터 부족,데이터 부족,데이터 부족
2003,여,중등,1000,17,98.775,99.697,102.124,104.926,109.36,2.0,3.5,11.25
2003,여,중등,1500,16,152.6,158.07,164.476,172.664,179.944,2.0,5.0,8.25
2003,여,중등,3000,데이터 부족,데이터 부족,데이터 부족,데이터 부족,데이터 부족,데이터 부족,데이터 부족,데이터 부족,데이터 부족
2003,여,초등,500,46,48.323,48.98,50.819,53.17,57.371,2.25,4.0,12.0
2003,여,초등,1000,50,101.823,105.558,111.401,116.398,123.799,2.0,4.0,10.0
2003,여,초등,1500,30,168.163,172.577,182.436,189.247,195.372,2.0,4.0,6.0
2003,여,초등,2000,21,229.433,235.244,245.374,275.058,283.104,2.0,4.0,11.5
2004,남,고등,500,15,42.594,42.794,43.678,44.196,44.431,3.5,6.0,10.0
2004,남,고등,1000,16,87.51,88.337,90.931,95.816,114.053,2.0,4.0,6.5
2004,남,고등,1500,데이터 부족,데이터 부족,데이터 부족,데이터 부족,데이터 부족,데이터 부족,데이터 부족,데이터 부족,데이터 부족
2004,남,고등,3000,데이터 부족,데이터 부족,데이터 부족,데이터 부족,데이터 부족,데이터 부족,데이터 부족,데이터 부족,데이터 부족
2004,남,대학,500,데이터 부족,데이터 부족,데이터 부족,데이터 부족,데이터 부족,데이터 부족,데이터 부족,데이터 부족,데이터 부족
2004,남,대학,1000,데이터 부족,데이터 부족,데이터 부족,데이터 부족,데이터 부족,데이터 부족,데이터 부족,데이터 부족,데이터 부족
2004,남,대학,1500,데이터 부족,데이터 부족,데이터 부족,데이터 부족,데이터 부족,데이터 부족,데이터 부족,데이터 부족,데이터 부족
2004,남,대학,3000,데이터 부족,데이터 부족,데이터 부족,데이터 부족,데이터 부족,데이터 부족,데이터 부족,데이터 부족,데이터 부족
2004,남,오픈,500,데이터 부족,데이터 부족,데이터 부족,데이터 부족,데이터 부족,데이터 부족,데이터 부족,데이터 부족,데이터 부족
2004,남,오픈,1000,16,85.63,86.697,87.853,90.039,95.926,2.0,3.0,4.0
2004,남,오픈,1500,데이터 부족,데이터 부족,데이터 부족,데이터 부족,데이터 부족,데이터 부족,데이터 부족,데이터 부족,데이터 부족
2004,남,오픈,3000,데이터 부족,데이터 부족,데이터 부족,데이터 부족,데이터 부족,데이터 부족,데이터 부족,데이터 부족,데이터 부족
2004,남,일반,500,데이터 부족,데이터 부족,데이터 부족,데이터 부족,데이터 부족,데이터 부족,데이터 부족,데이터 부족,데이터 부족
2004,남,일반,1000,데이터 부족,데이터 부족,데이터 부족,데이터 부족,데이터 부족,데이터 부족,데이터 부족,데이터 부족,데이터 부족
2004,남,일반,1500,데이터 부족,데이터 부족,데이터 부족,데이터 부족,데이터 부족,데이터 부족,데이터 부족,데이터 부족,데이터 부족
2004,남,일반,3000,데이터 부족,데이터 부족,데이터 부족,데이터 부족,데이터 부족,데이터 부족,데이터 부족,데이터 부족,데이터 부족
2004,남,중등,500,16,44.399,44.943,45.66,48.233,52.009,3.0,5.0,11.0
2004,남,중등,1000,24,93.647,96.43,99.503,103.065,114.348,4.0,11.5,20.75
2004,남,중등,1500,21,153.83,155.596,159.74,172.127,182.227,4.0,7.0,20.5
2004,남,중등,3000,16,304.363,326.951,343.115,386.661,404.139,4.0,7.0,11.5
2004,남,초등,500,57,47.414,48.39,50.207,53.427,56.211,3.0,5.0,19.5
2004,남,초등,1000,59,102.221,104.652,107.743,113.21,118.745,2.0,4.0,15.25
2004,남,초등,1500,55,165.866,173.081,180.183,191.082,203.899,2.0,5.0,14.0
2004,남,초등,2000,35,211.975,224.73,247.034,281.376,293.641,3.0,6.0,13.5
2004,여,고등,500,데이터 부족,데이터 부족,데이터 부족,데이터 부족,데이터 부족,데이터 부족,데이터 부족,데이터 부족,데이터 부족
2004,여,고등,1000,데이터 부족,데이터 부족,데이터 부족,데이터 부족,데이터 부족,데이터 부족,데이터 부족,데이터 부족,데이터 부족
2004,여,고등,1500,데이터 부족,데이터 부족,데이터 부족,데이터 부족,데이터 부족,데이터 부족,데이터 부족,데이터 부족,데이터 부족
2004,여,고등,3000,데이터 부족,데이터 부족,데이터 부족,데이터 부족,데이터 부족,데이터 부족,데이터 부족,데이터 부족,데이터 부족
2004,여,대학,500,데이터 부족,데이터 부족,데이터 부족,데이터 부족,데이터 부족,데이터 부족,데이터 부족,데이터 부족,데이터 부족
2004,여,대학,1000,데이터 부족,데이터 부족,데이터 부족,데이터 부족,데이터 부족,데이터 부족,데이터 부족,데이터 부족,데이터 부족
2004,여,대학,1500,데이터 부족,데이터 부족,데이터 부족,데이터 부족,데이터 부족,데이터 부족,데이터 부족,데이터 부족,데이터 부족
2004,여,대학,3000,데이터 부족,데이터 부족,데이터 부족,데이터 부족,데이터 부족,데이터 부족,데이터 부족,데이터 부족,데이터 부족
2004,여,오픈,500,데이터 부족,데이터 부족,데이터 부족,데이터 부족,데이터 부족,데이터 부족,데이터 부족,데이터 부족,데이터 부족
2004,여,오픈,1000,데이터 부족,데이터 부족,데이터 부족,데이터 부족,데이터 부족,데이터 부족,데이터 부족,데이터 부족,데이터 부족
2004,여,오픈,1500,데이터 부족,데이터 부족,데이터 부족,데이터 부족,데이터 부족,데이터 부족,데이터 부족,데이터 부족,데이터 부족
2004,여,오픈,3000,데이터 부족,데이터 부족,데이터 부족,데이터 부족,데이터 부족,데이터 부족,데이터 부족,데이터 부족,데이터 부족
2004,여,일반,500,데이터 부족,데이터 부족,데이터 부족,데이터 부족,데이터 부족,데이터 부족,데이터 부족,데이터 부족,데이터 부족
2004,여,일반,1000,데이터 부족,데이터 부족,데이터 부족,데이터 부족,데이터 부족,데이터 부족,데이터 부족,데이터 부족,데이터 부족
2004,여,일반,1500,데이터 부족,데이터 부족,데이터 부족,데이터 부족,데이터 부족,데이터 부족,데이터 부족,데이터 부족,데이터 부족
2004,여,중등,500,19,47.56,48.16,48.756,50.147,56.0,3.75,8.0,13.25
2004,여,중등,1000,19,99.292,100.035,101.247,102.96,108.403,2.0,7.0,16.75
2004,여,중등,1500,15,156.113,159.572,166.682,174.104,177.586,3.0,7.0,14.0
2004,여,중등,3000,데이터 부족,데이터 부족,데이터 부족,데이터 부족,데이터 부족,데이터 부족,데이터 부족,데이터 부족,데이터 부족
2004,여,초등,500,48,47.919,48.984,51.468,54.743,61.12,2.0,4.0,14.0
2004,여,초등,1000,51,101.751,105.519,111.486,118.436,127.743,2.0,4.0,17.0
2004,여,초등,1500,42,167.782,174.74,182.477,192.462,212.825,2.0,4.0,9.25
2004,여,초등,2000,29,227.295,240.639,249.774,265.609,280.213,3.0,6.0,11.0
2005,남,고등,500,데이터 부족,데이터 부족,데이터 부족,데이터 부족,데이터 부족,데이터 부족,데이터 부족,데이터 부족,데이터 부족
2005,남,고등,1000,13,87.792,89.4,90.225,93.818,96.746,2.0,4.0,8.25
2005,남,고등,1500,데이터 부족,데이터 부족,데이터 부족,데이터 부족,데이터 부족,데이터 부족,데이터 부족,데이터 부족,데이터 부족
2005,남,고등,3000,데이터 부족,데이터 부족,데이터 부족,데이터 부족,데이터 부족,데이터 부족,데이터 부족,데이터 부족,데이터 부족
2005,남,대학,500,데이터 부족,데이터 부족,데이터 부족,데이터 부족,데이터 부족,데이터 부족,데이터 부족,데이터 부족,데이터 부족
2005,남,대학,1000,데이터 부족,데이터 부족,데이터 부족,데이터 부족,데이터 부족,데이터 부족,데이터 부족,데이터 부족,데이터 부족
2005,남,대학,1500,데이터 부족,데이터 부족,데이터 부족,데이터 부족,데이터 부족,데이터 부족,데이터 부족,데이터 부족,데이터 부족
2005,남,대학,3000,데이터 부족,데이터 부족,데이터 부족,데이터 부족,데이터 부족,데이터 부족,데이터 부족,데이터 부족,데이터 부족
2005,남,오픈,500,데이터 부족,데이터 부족,데이터 부족,데이터 부족,데이터 부족,데이터 부족,데이터 부족,데이터 부족,데이터 부족
2005,남,오픈,1000,데이터 부족,데이터 부족,데이터 부족,데이터 부족,데이터 부족,데이터 부족,데이터 부족,데이터 부족,데이터 부족
2005,남,오픈,1500,데이터 부족,데이터 부족,데이터 부족,데이터 부족,데이터 부족,데이터 부족,데이터 부족,데이터 부족,데이터 부족
2005,남,중등,500,17,43.199,44.077,45.621,45.988,46.316,3.0,5.0,14.0
2005,남,중등,1000,19,94.66,96.288,99.388,102.252,107.411,2.0,5.0,17.5
2005,남,중등,1500,데이터 부족,데이터 부족,데이터 부족,데이터 부족,데이터 부족,데이터 부족,데이터 부족,데이터 부족,데이터 부족
2005,남,중등,3000,데이터 부족,데이터 부족,데이터 부족,데이터 부족,데이터 부족,데이터 부족,데이터 부족,데이터 부족,데이터 부족
2005,남,초등,500,55,47.423,48.222,49.875,51.782,54.03,2.0,4.0,17.0
2005,남,초등,1000,59,101.237,103.535,108.44,113.375,119.563,2.0,5.5,22.25
2005,남,초등,1500,52,162.884,167.874,176.407,192.225,204.412,3.0,5.0,17.0
2005,남,초등,2000,38,205.348,213.986,231.708,261.355,279.28,3.0,6.0,15.5
2005,여,고등,500,데이터 부족,데이터 부족,데이터 부족,데이터 부족,데이터 부족,데이터 부족,데이터 부족,데이터 부족,데이터 부족
2005,여,고등,1000,데이터 부족,데이터 부족,데이터 부족,데이터 부족,데이터 부족,데이터 부족,데이터 부족,데이터 부족,데이터 부족
2005,여,고등,1500,데이터 부족,데이터 부족,데이터 부족,데이터 부족,데이터 부족,데이터 부족,데이터 부족,데이터 부족,데이터 부족
2005,여,고등,3000,데이터 부족,데이터 부족,데이터 부족,데이터 부족,데이터 부족,데이터 부족,데이터 부족,데이터 부족,데이터 부족
2005,여,대학,500,데이터 부족,데이터 부족,데이터 부족,데이터 부족,데이터 부족,데이터 부족,데이터 부족,데이터 부족,데이터 부족
2005,여,대학,1000,데이터 부족,데이터 부족,데이터 부족,데이터 부족,데이터 부족,데이터 부족,데이터 부족,데이터 부족,데이터 부족
2005,여,대학,1500,데이터 부족,데이터 부족,데이터 부족,데이터 부족,데이터 부족,데이터 부족,데이터 부족,데이터 부족,데이터 부족
2005,여,대학,3000,데이터 부족,데이터 부족,데이터 부족,데이터 부족,데이터 부족,데이터 부족,데이터 부족,데이터 부족,데이터 부족
2005,여,오픈,500,데이터 부족,데이터 부족,데이터 부족,데이터 부족,데이터 부족,데이터 부족,데이터 부족,데이터 부족,데이터 부족
2005,여,오픈,1000,데이터 부족,데이터 부족,데이터 부족,데이터 부족,데이터 부족,데이터 부족,데이터 부족,데이터 부족,데이터 부족
2005,여,오픈,1500,데이터 부족,데이터 부족,데이터 부족,데이터 부족,데이터 부족,데이터 부족,데이터 부족,데이터 부족,데이터 부족
2005,여,일반,500,데이터 부족,데이터 부족,데이터 부족,데이터 부족,데이터 부족,데이터 부족,데이터 부족,데이터 부족,데이터 부족
2005,여,일반,1000,데이터 부족,데이터 부족,데이터 부족,데이터 부족,데이터 부족,데이터 부족,데이터 부족,데이터 부족,데이터 부족
2005,여,일반,1500,데이터 부족,데이터 부족,데이터 부족,데이터 부족,데이터 부족,데이터 부족,데이터 부족,데이터 부족,데이터 부족
2005,여,일반,3000,데이터 부족,데이터 부족,데이터 부족,데이터 부족,데이터 부족,데이터 부족,데이터 부족,데이터 부족,데이터 부족
2005,여,중등,500,데이터 부족,데이터 부족,데이터 부족,데이터 부족,데이터 부족,데이터 부족,데이터 부족,데이터 부족,데이터 부족
2005,여,중등,1000,15,98.215,99.939,100.834,104.581,106.599,3.0,4.0,10.5
2005,여,중등,1500,데이터 부족,데이터 부족,데이터 부족,데이터 부족,데이터 부족,데이터 부족,데이터 부족,데이터 부족,데이터 부족
2005,여,중등,3000,데이터 부족,데이터 부족,데이터 부족,데이터 부족,데이터 부족,데이터 부족,데이터 부족,데이터 부족,데이터 부족
2005,여,초등,500,35,48.105,49.357,50.928,53.37,55.701,2.0,4.0,11.5
2005,여,초등,1000,30,100.775,102.424,106.861,113.923,119.948,2.0,4.0,11.5
2005,여,초등,1500,30,160.73,166.291,176.623,191.791,205.845,3.0,5.0,6.0
2005,여,초등,2000,22,202.143,205.095,230.36,254.674,270.063,3.0,5.0,10.0
2006,남,고등,500,데이터 부족,데이터 부족,데이터 부족,데이터 부족,데이터 부족,데이터 부족,데이터 부족,데이터 부족,데이터 부족
2006,남,고등,1000,14,87.829,88.295,89.023,90.194,98.143,3.0,4.0,9.0
2006,남,고등,1500,데이터 부족,데이터 부족,데이터 부족,데이터 부족,데이터 부족,데이터 부족,데이터 부족,데이터 부족,데이터 부족
2006,남,고등,3000,데이터 부족,데이터 부족,데이터 부족,데이터 부족,데이터 부족,데이터 부족,데이터 부족,데이터 부족,데이터 부족
2006,남,대학,500,12,42.179,42.352,42.625,42.906,43.598,3.0,4.0,6.75
2006,남,대학,1000,데이터 부족,데이터 부족,데이터 부족,데이터 부족,데이터 부족,데이터 부족,데이터 부족,데이터 부족,데이터 부족
2006,남,대학,1500,데이터 부족,데이터 부족,데이터 부족,데이터 부족,데이터 부족,데이터 부족,데이터 부족,데이터 부족,데이터 부족
2006,남,대학,3000,데이터 부족,데이터 부족,데이터 부족,데이터 부족,데이터 부족,데이터 부족,데이터 부족,데이터 부족,데이터 부족
2006,남,오픈,500,데이터 부족,데이터 부족,데이터 부족,데이터 부족,데이터 부족,데이터 부족,데이터 부족,데이터 부족,데이터 부족
2006,남,오픈,1000,데이터 부족,데이터 부족,데이터 부족,데이터 부족,데이터 부족,데이터 부족,데이터 부족,데이터 부족,데이터 부족
2006,남,오픈,1500,데이터 부족,데이터 부족,데이터 부족,데이터 부족,데이터 부족,데이터 부족,데이터 부족,데이터 부족,데이터 부족
2006,남,중등,500,19,43.057,43.752,44.702,46.16,46.989,2.0,3.0,7.25
2006,남,중등,1000,24,92.163,93.295,96.971,100.995,102.917,2.0,4.0,7.5
2006,남,중등,1500,데이터 부족,데이터 부족,데이터 부족,데이터 부족,데이터 부족,데이터 부족,데이터 부족,데이터 부족,데이터 부족
2006,남,중등,3000,데이터 부족,데이터 부족,데이터 부족,데이터 부족,데이터 부족,데이터 부족,데이터 부족,데이터 부족,데이터 부족
2006,남,초등,500,40,47.383,49.254,50.619,53.235,56.307,2.0,4.0,13.25
2006,남,초등,1000,43,100.417,103.562,109.511,116.671,125.921,2.0,4.0,18.0
2006,남,초등,1500,46,162.001,166.753,174.913,192.794,201.64,2.0,4.0,10.0
2006,남,초등,2000,36,206.095,215.197,227.857,264.127,282.14,3.0,6.0,16.75
2006,여,고등,500,데이터 부족,데이터 부족,데이터 부족,데이터 부족,데이터 부족,데이터 부족,데이터 부족,데이터 부족,데이터 부족
2006,여,고등,1000,데이터 부족,데이터 부족,데이터 부족,데이터 부족,데이터 부족,데이터 부족,데이터 부족,데이터 부족,데이터 부족
2006,여,고등,1500,데이터 부족,데이터 부족,데이터 부족,데이터 부족,데이터 부족,데이터 부족,데이터 부족,데이터 부족,데이터 부족
2006,여,고등,3000,데이터 부족,데이터 부족,데이터 부족,데이터 부족,데이터 부족,데이터 부족,데이터 부족,데이터 부족,데이터 부족
2006,여,대학,500,데이터 부족,데이터 부족,데이터 부족,데이터 부족,데이터 부족,데이터 부족,데이터 부족,데이터 부족,데이터 부족
2006,여,대학,1000,데이터 부족,데이터 부족,데이터 부족,데이터 부족,데이터 부족,데이터 부족,데이터 부족,데이터 부족,데이터 부족
2006,여,대학,1500,데이터 부족,데이터 부족,데이터 부족,데이터 부족,데이터 부족,데이터 부족,데이터 부족,데이터 부족,데이터 부족
2006,여,대학,3000,데이터 부족,데이터 부족,데이터 부족,데이터 부족,데이터 부족,데이터 부족,데이터 부족,데이터 부족,데이터 부족
2006,여,오픈,500,데이터 부족,데이터 부족,데이터 부족,데이터 부족,데이터 부족,데이터 부족,데이터 부족,데이터 부족,데이터 부족
2006,여,오픈,1000,데이터 부족,데이터 부족,데이터 부족,데이터 부족,데이터 부족,데이터 부족,데이터 부족,데이터 부족,데이터 부족
2006,여,오픈,1500,데이터 부족,데이터 부족,데이터 부족,데이터 부족,데이터 부족,데이터 부족,데이터 부족,데이터 부족,데이터 부족
2006,여,중등,500,18,45.834,46.356,46.874,47.68,49.142,2.0,3.0,9.75
2006,여,중등,1000,19,94.36,96.82,99.355,101.376,104.228,2.0,4.0,13.0
2006,여,중등,1500,데이터 부족,데이터 부족,데이터 부족,데이터 부족,데이터 부족,데이터 부족,데이터 부족,데이터 부족,데이터 부족
2006,여,중등,3000,데이터 부족,데이터 부족,데이터 부족,데이터 부족,데이터 부족,데이터 부족,데이터 부족,데이터 부족,데이터 부족
2006,여,초등,500,36,48.215,48.676,50.248,52.659,57.271,2.0,3.0,8.0
2006,여,초등,1000,36,99.628,101.306,106.601,112.724,119.432,2.0,3.5,8.0
2006,여,초등,1500,27,161.889,167.278,178.158,187.251,202.861,2.0,4.0,6.0
2006,여,초등,2000,24,200.991,204.059,207.965,228.964,258.291,2.0,5.0,7.75
2007,남,고등,500,19,42.074,42.678,43.18,43.862,45.946,1.25,3.5,9.25
2007,남,고등,1000,18,88.173,88.689,89.792,92.191,98.584,2.0,4.0,6.5
2007,남,고등,1500,데이터 부족,데이터 부족,데이터 부족,데이터 부족,데이터 부족,데이터 부족,데이터 부족,데이터 부족,데이터 부족
2007,남,고등,3000,데이터 부족,데이터 부족,데이터 부족,데이터 부족,데이터 부족,데이터 부족,데이터 부족,데이터 부족,데이터 부족
2007,남,대학,500,데이터 부족,데이터 부족,데이터 부족,데이터 부족,데이터 부족,데이터 부족,데이터 부족,데이터 부족,데이터 부족
2007,남,대학,1000,데이터 부족,데이터 부족,데이터 부족,데이터 부족,데이터 부족,데이터 부족,데이터 부족,데이터 부족,데이터 부족
2007,남,오픈,500,데이터 부족,데이터 부족,데이터 부족,데이터 부족,데이터 부족,데이터 부족,데이터 부족,데이터 부족,데이터 부족
2007,남,오픈,1000,데이터 부족,데이터 부족,데이터 부족,데이터 부족,데이터 부족,데이터 부족,데이터 부족,데이터 부족,데이터 부족
2007,남,오픈,1500,데이터 부족,데이터 부족,데이터 부족,데이터 부족,데이터 부족,데이터 부족,데이터 부족,데이터 부족,데이터 부족
2007,남,중등,500,20,43.213,44.338,45.021,46.842,49.144,2.0,4.0,10.0
2007,남,중등,1000,27,90.804,92.32,93.89,95.592,99.344,3.0,4.0,12.0
2007,남,중등,1500,데이터 부족,데이터 부족,데이터 부족,데이터 부족,데이터 부족,데이터 부족,데이터 부족,데이터 부족,데이터 부족
2007,남,중등,3000,데이터 부족,데이터 부족,데이터 부족,데이터 부족,데이터 부족,데이터 부족,데이터 부족,데이터 부족,데이터 부족
2007,남,초등,500,61,47.211,48.717,50.202,53.462,57.015,2.0,4.0,14.0
2007,남,초등,1000,63,100.99,103.875,107.362,115.043,123.556,2.0,4.5,20.0
2007,남,초등,1500,51,162.211,165.862,174.803,189.781,204.789,2.75,5.0,11.25
2007,남,초등,2000,40,213.105,215.018,225.832,238.892,261.949,3.0,5.0,14.0
2007,여,고등,500,13,45.543,45.744,46.593,47.175,48.048,2.0,3.0,8.75
2007,여,고등,1000,12,96.837,97.359,99.499,104.417,106.195,1.75,4.0,5.25
2007,여,고등,1500,데이터 부족,데이터 부족,데이터 부족,데이터 부족,데이터 부족,데이터 부족,데이터 부족,데이터 부족,데이터 부족
2007,여,고등,3000,데이터 부족,데이터 부족,데이터 부족,데이터 부족,데이터 부족,데이터 부족,데이터 부족,데이터 부족,데이터 부족
2007,여,대학,500,데이터 부족,데이터 부족,데이터 부족,데이터 부족,데이터 부족,데이터 부족,데이터 부족,데이터 부족,데이터 부족
2007,여,대학,1000,데이터 부족,데이터 부족,데이터 부족,데이터 부족,데이터 부족,데이터 부족,데이터 부족,데이터 부족,데이터 부족
2007,여,대학,1500,데이터 부족,데이터 부족,데이터 부족,데이터 부족,데이터 부족,데이터 부족,데이터 부족,데이터 부족,데이터 부족
2007,여,오픈,500,데이터 부족,데이터 부족,데이터 부족,데이터 부족,데이터 부족,데이터 부족,데이터 부족,데이터 부족,데이터 부족
2007,여,오픈,1000,데이터 부족,데이터 부족,데이터 부족,데이터 부족,데이터 부족,데이터 부족,데이터 부족,데이터 부족,데이터 부족
2007,여,오픈,1500,데이터 부족,데이터 부족,데이터 부족,데이터 부족,데이터 부족,데이터 부족,데이터 부족,데이터 부족,데이터 부족
2007,여,중등,500,21,46.443,47.058,47.866,49.769,53.01,3.0,4.0,12.5
2007,여,중등,1000,26,94.472,96.312,99.052,102.099,106.423,3.0,5.0,16.0
2007,여,중등,1500,데이터 부족,데이터 부족,데이터 부족,데이터 부족,데이터 부족,데이터 부족,데이터 부족,데이터 부족,데이터 부족
2007,여,중등,3000,데이터 부족,데이터 부족,데이터 부족,데이터 부족,데이터 부족,데이터 부족,데이터 부족,데이터 부족,데이터 부족
2007,여,초등,500,48,48.811,50.416,52.563,56.839,60.684,3.0,9.0,19.25
2007,여,초등,1000,55,102.877,105.53,110.768,116.095,123.268,2.0,6.0,19.0
2007,여,초등,1500,38,170.557,175.599,186.023,194.672,203.902,3.0,4.0,7.0
2007,여,초등,2000,데이터 부족,데이터 부족,데이터 부족,데이터 부족,데이터 부족,데이터 부족,데이터 부족,데이터 부족,데이터 부족
2008,남,고등,500,데이터 부족,데이터 부족,데이터 부족,데이터 부족,데이터 부족,데이터 부족,데이터 부족,데이터 부족,데이터 부족
2008,남,고등,1000,18,88.168,88.89,89.895,92.031,96.668,2.0,4.0,9.0
2008,남,고등,1500,데이터 부족,데이터 부족,데이터 부족,데이터 부족,데이터 부족,데이터 부족,데이터 부족,데이터 부족,데이터 부족
2008,남,고등,3000,데이터 부족,데이터 부족,데이터 부족,데이터 부족,데이터 부족,데이터 부족,데이터 부족,데이터 부족,데이터 부족
2008,남,오픈,500,데이터 부족,데이터 부족,데이터 부족,데이터 부족,데이터 부족,데이터 부족,데이터 부족,데이터 부족,데이터 부족
2008,남,오픈,1000,데이터 부족,데이터 부족,데이터 부족,데이터 부족,데이터 부족,데이터 부족,데이터 부족,데이터 부족,데이터 부족
2008,남,오픈,1500,데이터 부족,데이터 부족,데이터 부족,데이터 부족,데이터 부족,데이터 부족,데이터 부족,데이터 부족,데이터 부족
2008,남,중등,500,23,43.598,44.0,44.84,45.687,48.62,2.0,3.0,8.0
2008,남,중등,1000,30,91.46,92.503,93.625,96.388,100.133,2.0,5.0,14.25
2008,남,중등,1500,데이터 부족,데이터 부족,데이터 부족,데이터 부족,데이터 부족,데이터 부족,데이터 부족,데이터 부족,데이터 부족
2008,남,중등,3000,데이터 부족,데이터 부족,데이터 부족,데이터 부족,데이터 부족,데이터 부족,데이터 부족,데이터 부족,데이터 부족
2008,남,초등,500,35,47.217,49.692,51.811,54.423,60.004,2.0,4.0,13.0
2008,남,초등,1000,50,100.773,103.325,106.977,113.069,125.669,3.0,4.0,15.5
2008,남,초등,1500,37,163.882,166.432,178.146,190.993,201.87,2.0,4.0,9.75
2008,남,초등,2000,데이터 부족,데이터 부족,데이터 부족,데이터 부족,데이터 부족,데이터 부족,데이터 부족,데이터 부족,데이터 부족
2008,여,고등,500,15,45.226,45.647,46.319,47.298,47.594,2.0,3.0,4.0
2008,여,고등,1000,16,94.791,95.87,97.716,98.703,106.451,2.5,3.0,5.0
2008,여,고등,1500,데이터 부족,데이터 부족,데이터 부족,데이터 부족,데이터 부족,데이터 부족,데이터 부족,데이터 부족,데이터 부족
2008,여,고등,3000,데이터 부족,데이터 부족,데이터 부족,데이터 부족,데이터 부족,데이터 부족,데이터 부족,데이터 부족,데이터 부족
2008,여,오픈,500,데이터 부족,데이터 부족,데이터 부족,데이터 부족,데이터 부족,데이터 부족,데이터 부족,데이터 부족,데이터 부족
2008,여,오픈,1000,데이터 부족,데이터 부족,데이터 부족,데이터 부족,데이터 부족,데이터 부족,데이터 부족,데이터 부족,데이터 부족
2008,여,오픈,1500,데이터 부족,데이터 부족,데이터 부족,데이터 부족,데이터 부족,데이터 부족,데이터 부족,데이터 부족,데이터 부족
2008,여,중등,500,25,45.391,46.017,47.071,48.208,50.361,2.0,3.0,9.0
2008,여,중등,1000,27,94.797,96.278,98.503,101.495,106.212,2.0,5.0,14.75
2008,여,중등,1500,데이터 부족,데이터 부족,데이터 부족,데이터 부족,데이터 부족,데이터 부족,데이터 부족,데이터 부족,데이터 부족
2008,여,중등,3000,데이터 부족,데이터 부족,데이터 부족,데이터 부족,데이터 부족,데이터 부족,데이터 부족,데이터 부족,데이터 부족
2008,여,초등,500,32,47.531,49.365,52.341,54.722,58.255,2.0,3.0,9.75
2008,여,초등,1000,42,101.362,103.464,107.817,116.248,125.569,2.0,4.0,11.0
2008,여,초등,1500,30,174.038,175.528,182.476,193.677,222.934,2.0,4.0,7.0
2008,여,초등,2000,데이터 부족,데이터 부족,데이터 부족,데이터 부족,데이터 부족,데이터 부족,데이터 부족,데이터 부족,데이터 부족
2009,남,고등,500,데이터 부족,데이터 부족,데이터 부족,데이터 부족,데이터 부족,데이터 부족,데이터 부족,데이터 부족,데이터 부족
2009,남,고등,1000,데이터 부족,데이터 부족,데이터 부족,데이터 부족,데이터 부족,데이터 부족,데이터 부족,데이터 부족,데이터 부족
2009,남,고등,1500,데이터 부족,데이터 부족,데이터 부족,데이터 부족,데이터 부족,데이터 부족,데이터 부족,데이터 부족,데이터 부족
2009,남,고등,3000,데이터 부족,데이터 부족,데이터 부족,데이터 부족,데이터 부족,데이터 부족,데이터 부족,데이터 부족,데이터 부족
2009,남,오픈,500,데이터 부족,데이터 부족,데이터 부족,데이터 부족,데이터 부족,데이터 부족,데이터 부족,데이터 부족,데이터 부족
2009,남,오픈,1000,데이터 부족,데이터 부족,데이터 부족,데이터 부족,데이터 부족,데이터 부족,데이터 부족,데이터 부족,데이터 부족
2009,남,오픈,1500,데이터 부족,데이터 부족,데이터 부족,데이터 부족,데이터 부족,데이터 부족,데이터 부족,데이터 부족,데이터 부족
2009,남,중등,500,데이터 부족,데이터 부족,데이터 부족,데이터 부족,데이터 부족,데이터 부족,데이터 부족,데이터 부족,데이터 부족
2009,남,중등,1000,20,92.432,93.18,95.324,98.13,103.607,2.75,4.5,19.75
2009,남,중등,1500,데이터 부족,데이터 부족,데이터 부족,데이터 부족,데이터 부족,데이터 부족,데이터 부족,데이터 부족,데이터 부족
2009,남,중등,3000,데이터 부족,데이터 부족,데이터 부족,데이터 부족,데이터 부족,데이터 부족,데이터 부족,데이터 부족,데이터 부족
2009,남,초등,500,29,46.502,48.34,51.547,56.237,57.639,2.0,3.0,7.0
2009,남,초등,1000,33,99.278,101.377,104.081,112.076,118.205,2.0,4.0,17.0
2009,남,초등,1500,데이터 부족,데이터 부족,데이터 부족,데이터 부족,데이터 부족,데이터 부족,데이터 부족,데이터 부족,데이터 부족
2009,남,초등,2000,데이터 부족,데이터 부족,데이터 부족,데이터 부족,데이터 부족,데이터 부족,데이터 부족,데이터 부족,데이터 부족
2009,여,고등,500,데이터 부족,데이터 부족,데이터 부족,데이터 부족,데이터 부족,데이터 부족,데이터 부족,데이터 부족,데이터 부족
2009,여,고등,1000,데이터 부족,데이터 부족,데이터 부족,데이터 부족,데이터 부족,데이터 부족,데이터 부족,데이터 부족,데이터 부족
2009,여,고등,1500,데이터 부족,데이터 부족,데이터 부족,데이터 부족,데이터 부족,데이터 부족,데이터 부족,데이터 부족,데이터 부족
2009,여,고등,3000,데이터 부족,데이터 부족,데이터 부족,데이터 부족,데이터 부족,데이터 부족,데이터 부족,데이터 부족,데이터 부족
2009,여,오픈,500,데이터 부족,데이터 부족,데이터 부족,데이터 부족,데이터 부족,데이터 부족,데이터 부족,데이터 부족,데이터 부족
2009,여,오픈,1000,데이터 부족,데이터 부족,데이터 부족,데이터 부족,데이터 부족,데이터 부족,데이터 부족,데이터 부족,데이터 부족
2009,여,오픈,1500,데이터 부족,데이터 부족,데이터 부족,데이터 부족,데이터 부족,데이터 부족,데이터 부족,데이터 부족,데이터 부족
2009,여,중등,500,18,45.757,46.21,46.873,47.766,53.639,3.75,4.0,7.0
2009,여,중등,1000,20,94.846,95.953,98.934,105.194,110.717,3.0,5.5,19.0
2009,여,중등,1500,데이터 부족,데이터 부족,데이터 부족,데이터 부족,데이터 부족,데이터 부족,데이터 부족,데이터 부족,데이터 부족
2009,여,중등,3000,데이터 부족,데이터 부족,데이터 부족,데이터 부족,데이터 부족,데이터 부족,데이터 부족,데이터 부족,데이터 부족
2009,여,초등,500,26,47.359,48.054,50.23,52.22,58.011,2.0,3.0,12.5
2009,여,초등,1000,30,97.654,100.478,103.99,109.075,119.384,2.0,3.0,7.25
2009,여,초등,1500,데이터 부족,데이터 부족,데이터 부족,데이터 부족,데이터 부족,데이터 부족,데이터 부족,데이터 부족,데이터 부족
2009,여,초등,2000,데이터 부족,데이터 부족,데이터 부족,데이터 부족,데이터 부족,데이터 부족,데이터 부족,데이터 부족,데이터 부족
2010,남,고등,500,데이터 부족,데이터 부족,데이터 부족,데이터 부족,데이터 부족,데이터 부족,데이터 부족,데이터 부족,데이터 부족
2010,남,고등,1000,데이터 부족,데이터 부족,데이터 부족,데이터 부족,데이터 부족,데이터 부족,데이터 부족,데이터 부족,데이터 부족
2010,남,고등,1500,데이터 부족,데이터 부족,데이터 부족,데이터 부족,데이터 부족,데이터 부족,데이터 부족,데이터 부족,데이터 부족
2010,남,오픈,500,데이터 부족,데이터 부족,데이터 부족,데이터 부족,데이터 부족,데이터 부족,데이터 부족,데이터 부족,데이터 부족
2010,남,오픈,1000,데이터 부족,데이터 부족,데이터 부족,데이터 부족,데이터 부족,데이터 부족,데이터 부족,데이터 부족,데이터 부족
2010,남,오픈,1500,데이터 부족,데이터 부족,데이터 부족,데이터 부족,데이터 부족,데이터 부족,데이터 부족,데이터 부족,데이터 부족
2010,남,중등,500,24,43.13,43.333,44.096,45.478,46.556,2.0,3.0,4.0
2010,남,중등,1000,27,91.813,92.95,94.464,96.941,101.494,3.0,5.5,16.5
2010,남,중등,1500,데이터 부족,데이터 부족,데이터 부족,데이터 부족,데이터 부족,데이터 부족,데이터 부족,데이터 부족,데이터 부족
2010,남,중등,3000,데이터 부족,데이터 부족,데이터 부족,데이터 부족,데이터 부족,데이터 부족,데이터 부족,데이터 부족,데이터 부족
2010,남,초등,500,30,47.791,48.123,48.851,54.061,56.815,2.0,3.0,6.5
2010,남,초등,1000,34,98.536,100.073,102.361,108.17,111.73,2.0,4.0,6.0
2010,남,초등,1500,데이터 부족,데이터 부족,데이터 부족,데이터 부족,데이터 부족,데이터 부족,데이터 부족,데이터 부족,데이터 부족
2010,남,초등,2000,데이터 부족,데이터 부족,데이터 부족,데이터 부족,데이터 부족,데이터 부족,데이터 부족,데이터 부족,데이터 부족
2010,여,고등,500,데이터 부족,데이터 부족,데이터 부족,데이터 부족,데이터 부족,데이터 부족,데이터 부족,데이터 부족,데이터 부족
2010,여,고등,1000,데이터 부족,데이터 부족,데이터 부족,데이터 부족,데이터 부족,데이터 부족,데이터 부족,데이터 부족,데이터 부족
2010,여,고등,1500,데이터 부족,데이터 부족,데이터 부족,데이터 부족,데이터 부족,데이터 부족,데이터 부족,데이터 부족,데이터 부족
2010,여,오픈,500,데이터 부족,데이터 부족,데이터 부족,데이터 부족,데이터 부족,데이터 부족,데이터 부족,데이터 부족,데이터 부족
2010,여,오픈,1000,데이터 부족,데이터 부족,데이터 부족,데이터 부족,데이터 부족,데이터 부족,데이터 부족,데이터 부족,데이터 부족
2010,여,오픈,1500,데이터 부족,데이터 부족,데이터 부족,데이터 부족,데이터 부족,데이터 부족,데이터 부족,데이터 부족,데이터 부족
2010,여,중등,500,18,45.738,46.532,47.003,48.529,50.925,2.0,4.0,7.0
2010,여,중등,1000,16,96.189,98.387,102.864,106.963,110.421,2.0,4.0,12.0
2010,여,중등,1500,데이터 부족,데이터 부족,데이터 부족,데이터 부족,데이터 부족,데이터 부족,데이터 부족,데이터 부족,데이터 부족
2010,여,중등,3000,데이터 부족,데이터 부족,데이터 부족,데이터 부족,데이터 부족,데이터 부족,데이터 부족,데이터 부족,데이터 부족
2010,여,초등,500,28,47.738,48.136,49.098,54.594,61.178,2.0,4.0,11.75
2010,여,초등,1000,27,100.12,101.668,103.065,105.06,112.581,2.0,4.0,7.0
2010,여,초등,1500,데이터 부족,데이터 부족,데이터 부족,데이터 부족,데이터 부족,데이터 부족,데이터 부족,데이터 부족,데이터 부족
2010,여,초등,2000,데이터 부족,데이터 부족,데이터 부족,데이터 부족,데이터 부족,데이터 부족,데이터 부족,데이터 부족,데이터 부족
2011,남,중등,500,데이터 부족,데이터 부족,데이터 부족,데이터 부족,데이터 부족,데이터 부족,데이터 부족,데이터 부족,데이터 부족
2011,남,중등,1000,18,91.631,92.764,94.271,97.707,104.411,3.0,5.0,17.0
2011,남,중등,1500,데이터 부족,데이터 부족,데이터 부족,데이터 부족,데이터 부족,데이터 부족,데이터 부족,데이터 부족,데이터 부족
2011,남,중등,3000,데이터 부족,데이터 부족,데이터 부족,데이터 부족,데이터 부족,데이터 부족,데이터 부족,데이터 부족,데이터 부족
2011,남,초등,500,22,46.691,48.041,48.691,50.377,54.321,2.0,3.0,4.0
2011,남,초등,1000,29,100.367,101.368,103.224,108.731,117.124,2.0,3.0,5.0
2011,남,초등,1500,데이터 부족,데이터 부족,데이터 부족,데이터 부족,데이터 부족,데이터 부족,데이터 부족,데이터 부족,데이터 부족
2011,남,초등,2000,데이터 부족,데이터 부족,데이터 부족,데이터 부족,데이터 부족,데이터 부족,데이터 부족,데이터 부족,데이터 부족
2011,여,중등,500,16,46.1,46.581,47.352,48.553,53.941,2.0,3.0,5.0
2011,여,중등,1000,14,96.381,97.295,104.666,107.959,110.347,3.0,4.0,10.5
2011,여,중등,1500,데이터 부족,데이터 부족,데이터 부족,데이터 부족,데이터 부족,데이터 부족,데이터 부족,데이터 부족,데이터 부족
2011,여,중등,3000,데이터 부족,데이터 부족,데이터 부족,데이터 부족,데이터 부족,데이터 부족,데이터 부족,데이터 부족,데이터 부족
2011,여,초등,500,데이터 부족,데이터 부족,데이터 부족,데이터 부족,데이터 부족,데이터 부족,데이터 부족,데이터 부족,데이터 부족
2011,여,초등,1000,18,102.362,105.179,107.166,110.977,122.778,2.0,3.0,5.0
2011,여,초등,1500,데이터 부족,데이터 부족,데이터 부족,데이터 부족,데이터 부족,데이터 부족,데이터 부족,데이터 부족,데이터 부족
2011,여,초등,2000,데이터 부족,데이터 부족,데이터 부족,데이터 부족,데이터 부족,데이터 부족,데이터 부족,데이터 부족,데이터 부족
2012,남,중등,500,18,43.93,44.699,46.146,47.343,51.078,5.0,12.0,15.0
2012,남,중등,1000,데이터 부족,데이터 부족,데이터 부족,데이터 부족,데이터 부족,데이터 부족,데이터 부족,데이터 부족,데이터 부족
2012,남,중등,1500,데이터 부족,데이터 부족,데이터 부족,데이터 부족,데이터 부족,데이터 부족,데이터 부족,데이터 부족,데이터 부족
2012,남,중등,3000,데이터 부족,데이터 부족,데이터 부족,데이터 부족,데이터 부족,데이터 부족,데이터 부족,데이터 부족,데이터 부족
2012,남,초등,500,24,46.812,47.374,49.38,50.379,53.593,2.0,3.0,5.0
2012,남,초등,1000,32,101.441,103.596,107.689,113.677,122.269,2.0,3.5,5.0
2012,남,초등,1500,데이터 부족,데이터 부족,데이터 부족,데이터 부족,데이터 부족,데이터 부족,데이터 부족,데이터 부족,데이터 부족
2012,남,초등,2000,데이터 부족,데이터 부족,데이터 부족,데이터 부족,데이터 부족,데이터 부족,데이터 부족,데이터 부족,데이터 부족
2012,여,중등,500,데이터 부족,데이터 부족,데이터 부족,데이터 부족,데이터 부족,데이터 부족,데이터 부족,데이터 부족,데이터 부족
2012,여,중등,1000,13,98.089,100.421,106.68,109.835,116.968,4.75,12.5,20.25
2012,여,중등,1500,데이터 부족,데이터 부족,데이터 부족,데이터 부족,데이터 부족,데이터 부족,데이터 부족,데이터 부족,데이터 부족
2012,여,중등,3000,데이터 부족,데이터 부족,데이터 부족,데이터 부족,데이터 부족,데이터 부족,데이터 부족,데이터 부족,데이터 부족
2012,여,초등,500,18,48.992,50.105,51.921,56.356,68.926,3.0,3.0,4.0
2012,여,초등,1000,데이터 부족,데이터 부족,데이터 부족,데이터 부족,데이터 부족,데이터 부족,데이터 부족,데이터 부족,데이터 부족
2012,여,초등,1500,데이터 부족,데이터 부족,데이터 부족,데이터 부족,데이터 부족,데이터 부족,데이터 부족,데이터 부족,데이터 부족
2012,여,초등,2000,데이터 부족,데이터 부족,데이터 부족,데이터 부족,데이터 부족,데이터 부족,데이터 부족,데이터 부족,데이터 부족
2013,남,중등,500,데이터 부족,데이터 부족,데이터 부족,데이터 부족,데이터 부족,데이터 부족,데이터 부족,데이터 부족,데이터 부족
2013,남,중등,1000,데이터 부족,데이터 부족,데이터 부족,데이터 부족,데이터 부족,데이터 부족,데이터 부족,데이터 부족,데이터 부족
2013,남,중등,1500,데이터 부족,데이터 부족,데이터 부족,데이터 부족,데이터 부족,데이터 부족,데이터 부족,데이터 부족,데이터 부족
2013,남,초등,500,31,46.736,47.609,49.076,50.964,53.929,2.0,3.0,5.0
2013,남,초등,1000,33,100.514,102.876,107.266,114.162,122.243,2.0,3.0,5.0
2013,남,초등,1500,데이터 부족,데이터 부족,데이터 부족,데이터 부족,데이터 부족,데이터 부족,데이터 부족,데이터 부족,데이터 부족
2013,남,초등,2000,데이터 부족,데이터 부족,데이터 부족,데이터 부족,데이터 부족,데이터 부족,데이터 부족,데이터 부족,데이터 부족
2013,여,중등,500,데이터 부족,데이터 부족,데이터 부족,데이터 부족,데이터 부족,데이터 부족,데이터 부족,데이터 부족,데이터 부족
2013,여,중등,1000,데이터 부족,데이터 부족,데이터 부족,데이터 부족,데이터 부족,데이터 부족,데이터 부족,데이터 부족,데이터 부족
2013,여,중등,1500,데이터 부족,데이터 부족,데이터 부족,데이터 부족,데이터 부족,데이터 부족,데이터 부족,데이터 부족,데이터 부족
2013,여,초등,500,29,47.199,47.785,49.171,50.955,56.088,1.0,3.0,4.0
2013,여,초등,1000,28,101.049,102.454,104.412,110.37,117.045,2.0,3.0,5.0
2013,여,초등,1500,데이터 부족,데이터 부족,데이터 부족,데이터 부족,데이터 부족,데이터 부족,데이터 부족,데이터 부족,데이터 부족
2013,여,초등,2000,데이터 부족,데이터 부족,데이터 부족,데이터 부족,데이터 부족,데이터 부족,데이터 부족,데이터 부족,데이터 부족
2014,남,초등,500,27,47.174,47.781,49.31,51.365,52.564,2.0,3.0,5.0
2014,남,초등,1000,27,99.625,101.538,105.594,109.191,112.083,2.0,4.0,5.0
2014,남,초등,1500,데이터 부족,데이터 부족,데이터 부족,데이터 부족,데이터 부족,데이터 부족,데이터 부족,데이터 부족,데이터 부족
2014,남,초등,2000,데이터 부족,데이터 부족,데이터 부족,데이터 부족,데이터 부족,데이터 부족,데이터 부족,데이터 부족,데이터 부족
2014,여,초등,500,20,47.925,48.891,49.489,51.456,54.599,2.0,4.0,5.0
2014,여,초등,1000,19,100.51,102.007,104.873,107.328,117.175,2.0,3.0,5.0
2014,여,초등,1500,데이터 부족,데이터 부족,데이터 부족,데이터 부족,데이터 부족,데이터 부족,데이터 부족,데이터 부족,데이터 부족
2014,여,초등,2000,데이터 부족,데이터 부족,데이터 부족,데이터 부족,데이터 부족,데이터 부족,데이터 부족,데이터 부족,데이터 부족
2015,남,초등,500,23,47.94,48.691,49.442,55.292,64.264,2.0,3.0,4.75
2015,남,초등,1000,24,100.094,100.508,101.23,106.673,110.907,1.5,3.0,4.0
2015,남,초등,1500,데이터 부족,데이터 부족,데이터 부족,데이터 부족,데이터 부족,데이터 부족,데이터 부족,데이터 부족,데이터 부족
2015,남,초등,2000,데이터 부족,데이터 부족,데이터 부족,데이터 부족,데이터 부족,데이터 부족,데이터 부족,데이터 부족,데이터 부족
2015,여,초등,500,17,48.139,48.917,49.583,51.068,52.71,2.0,3.0,4.75
2015,여,초등,1000,16,98.135,100.026,103.601,106.996,113.2,2.0,3.0,4.0
2015,여,초등,1500,데이터 부족,데이터 부족,데이터 부족,데이터 부족,데이터 부족,데이터 부족,데이터 부족,데이터 부족,데이터 부족
2015,여,초등,2000,데이터 부족,데이터 부족,데이터 부족,데이터 부족,데이터 부족,데이터 부족,데이터 부족,데이터 부족,데이터 부족
2016,남,초등,500,데이터 부족,데이터 부족,데이터 부족,데이터 부족,데이터 부족,데이터 부족,데이터 부족,데이터 부족,데이터 부족
2016,남,초등,1000,데이터 부족,데이터 부족,데이터 부족,데이터 부족,데이터 부족,데이터 부족,데이터 부족,데이터 부족,데이터 부족
2016,남,초등,1500,데이터 부족,데이터 부족,데이터 부족,데이터 부족,데이터 부족,데이터 부족,데이터 부족,데이터 부족,데이터 부족
2016,남,초등,2000,데이터 부족,데이터 부족,데이터 부족,데이터 부족,데이터 부족,데이터 부족,데이터 부족,데이터 부족,데이터 부족
2016,여,초등,500,18,49.836,50.27,50.603,55.924,60.517,2.0,3.0,4.0
2016,여,초등,1000,17,107.117,107.338,108.983,113.234,117.468,2.0,3.0,5.0
2016,여,초등,1500,데이터 부족,데이터 부족,데이터 부족,데이터 부족,데이터 부족,데이터 부족,데이터 부족,데이터 부족,데이터 부족
2016,여,초등,2000,데이터 부족,데이터 부족,데이터 부족,데이터 부족,데이터 부족,데이터 부족,데이터 부족,데이터 부족,데이터 부족
2017,남,초등,500,데이터 부족,데이터 부족,데이터 부족,데이터 부족,데이터 부족,데이터 부족,데이터 부족,데이터 부족,데이터 부족
2017,남,초등,1000,데이터 부족,데이터 부족,데이터 부족,데이터 부족,데이터 부족,데이터 부족,데이터 부족,데이터 부족,데이터 부족
2017,남,초등,1500,데이터 부족,데이터 부족,데이터 부족,데이터 부족,데이터 부족,데이터 부족,데이터 부족,데이터 부족,데이터 부족
2017,남,초등,2000,데이터 부족,데이터 부족,데이터 부족,데이터 부족,데이터 부족,데이터 부족,데이터 부족,데이터 부족,데이터 부족
2017,여,초등,500,데이터 부족,데이터 부족,데이터 부족,데이터 부족,데이터 부족,데이터 부족,데이터 부족,데이터 부족,데이터 부족
2017,여,초등,1000,데이터 부족,데이터 부족,데이터 부족,데이터 부족,데이터 부족,데이터 부족,데이터 부족,데이터 부족,데이터 부족
2017,여,초등,1500,데이터 부족,데이터 부족,데이터 부족,데이터 부족,데이터 부족,데이터 부족,데이터 부족,데이터 부족,데이터 부족
2017,여,초등,2000,데이터 부족,데이터 부족,데이터 부족,데이터 부족,데이터 부족,데이터 부족,데이터 부족,데이터 부족,데이터 부족
2018,남,초등,500,데이터 부족,데이터 부족,데이터 부족,데이터 부족,데이터 부족,데이터 부족,데이터 부족,데이터 부족,데이터 부족
2018,남,초등,1000,데이터 부족,데이터 부족,데이터 부족,데이터 부족,데이터 부족,데이터 부족,데이터 부족,데이터 부족,데이터 부족
2018,남,초등,1500,데이터 부족,데이터 부족,데이터 부족,데이터 부족,데이터 부족,데이터 부족,데이터 부족,데이터 부족,데이터 부족
2018,여,초등,500,데이터 부족,데이터 부족,데이터 부족,데이터 부족,데이터 부족,데이터 부족,데이터 부족,데이터 부족,데이터 부족
2018,여,초등,1000,데이터 부족,데이터 부족,데이터 부족,데이터 부족,데이터 부족,데이터 부족,데이터 부족,데이터 부족,데이터 부족
2018,여,초등,1500,데이터 부족,데이터 부족,데이터 부족,데이터 부족,데이터 부족,데이터 부족,데이터 부족,데이터 부족,데이터 부족
